[
  {
    "jugadorId": 4,
    "nombreJugador": "Hector NUÑEZ SAEZ",
    "torneosIndividual": [
      {
        "torneoId": 110,
        "nombreTorneo": "CAMPEONATO DE ESPAÑA 2017",
        "temporadaId": 8,
        "temporada": "Temporada 2017",
        "competicionId": 267
      },
      {
        "torneoId": 115,
        "nombreTorneo": "CAMPEONATO DE ESPAÑA 2021",
        "temporadaId": 16,
        "temporada": "Temporada 2021",
        "competicionId": 301
      }
    ],
    "torneosDobles": [
      {
        "torneoId": 16,
        "nombreTorneo": "Campeonato de España 2012",
        "temporadaId": 3,
        "temporada": "Temporada 2012",
        "competicionId": 35
      },
      {
        "torneoId": 95,
        "nombreTorneo": "CAMPEONATO DE ESPAÑA 2015",
        "temporadaId": 6,
        "temporada": "Temporada 2015 ",
        "competicionId": 209
      },
      {
        "torneoId": 110,
        "nombreTorneo": "CAMPEONATO DE ESPAÑA 2017",
        "temporadaId": 8,
        "temporada": "Temporada 2017",
        "competicionId": 269
      }
    ]
  },
  {
    "jugadorId": 22,
    "nombreJugador": "Guillermo CORDOBA RAMIRO",
    "torneosIndividual": [
      {
        "torneoId": 133,
        "nombreTorneo": "Campeonato España 2024",
        "temporadaId": 14,
        "temporada": "Temporada 2025",
        "competicionId": 441
      }
    ],
    "torneosDobles": [
      {
        "torneoId": 16,
        "nombreTorneo": "Campeonato de España 2012",
        "temporadaId": 3,
        "temporada": "Temporada 2012",
        "competicionId": 35
      },
      {
        "torneoId": 89,
        "nombreTorneo": "ESPAÑA AEFP -AMSTEL 2014",
        "temporadaId": 5,
        "temporada": "Temporada 2014",
        "competicionId": 185
      }
    ]
  },
  {
    "jugadorId": 10,
    "nombreJugador": "Jorge GOMEZ LLANO",
    "torneosIndividual": [
      {
        "torneoId": 16,
        "nombreTorneo": "Campeonato de España 2012",
        "temporadaId": 3,
        "temporada": "Temporada 2012",
        "competicionId": 36
      },
      {
        "torneoId": 95,
        "nombreTorneo": "CAMPEONATO DE ESPAÑA 2015",
        "temporadaId": 6,
        "temporada": "Temporada 2015 ",
        "competicionId": 210
      },
      {
        "torneoId": 101,
        "nombreTorneo": "Campeonato España 2016",
        "temporadaId": 7,
        "temporada": "Temporada 2016",
        "competicionId": 227
      }
    ],
    "torneosDobles": [
      {
        "torneoId": 89,
        "nombreTorneo": "ESPAÑA AEFP -AMSTEL 2014",
        "temporadaId": 5,
        "temporada": "Temporada 2014",
        "competicionId": 185
      },
      {
        "torneoId": 101,
        "nombreTorneo": "Campeonato España 2016",
        "temporadaId": 7,
        "temporada": "Temporada 2016",
        "competicionId": 226
      },
      {
        "torneoId": 112,
        "nombreTorneo": "CAMPEONATO DE ESPAÑA 2018",
        "temporadaId": 9,
        "temporada": "Temporada 2018",
        "competicionId": 284
      },
      {
        "torneoId": 114,
        "nombreTorneo": "Campeonato de España 2019",
        "temporadaId": 10,
        "temporada": "Temporada 2019",
        "competicionId": 294
      },
      {
        "torneoId": 118,
        "nombreTorneo": "CAMPEONATO DE ESPAÑA 2022",
        "temporadaId": 11,
        "temporada": "Temporada 2022",
        "competicionId": 321
      },
      {
        "torneoId": 124,
        "nombreTorneo": "Campeonato de España 2023 - ITSF Master Tour 2023",
        "temporadaId": 12,
        "temporada": "Temporada 2023",
        "competicionId": 380
      }
    ]
  },
  {
    "jugadorId": 106,
    "nombreJugador": "Juan Francisco MARTINEZ ANDRADE",
    "torneosIndividual": [
      {
        "torneoId": 114,
        "nombreTorneo": "Campeonato de España 2019",
        "temporadaId": 10,
        "temporada": "Temporada 2019",
        "competicionId": 295
      }
    ],
    "torneosDobles": [
      {
        "torneoId": 21,
        "nombreTorneo": "Campeonato de España 2013",
        "temporadaId": 4,
        "temporada": "Temporada 2013",
        "competicionId": 43
      },
      {
        "torneoId": 115,
        "nombreTorneo": "CAMPEONATO DE ESPAÑA 2021",
        "temporadaId": 16,
        "temporada": "Temporada 2021",
        "competicionId": 302
      }
    ]
  },
  {
    "jugadorId": 107,
    "nombreJugador": "Jesus Manuel REAL DIAZ ",
    "torneosIndividual": [],
    "torneosDobles": [
      {
        "torneoId": 21,
        "nombreTorneo": "Campeonato de España 2013",
        "temporadaId": 4,
        "temporada": "Temporada 2013",
        "competicionId": 43
      }
    ]
  },
  {
    "jugadorId": 19,
    "nombreJugador": "Juan Jose RODRIGUEZ BARTOLOME",
    "torneosIndividual": [
      {
        "torneoId": 21,
        "nombreTorneo": "Campeonato de España 2013",
        "temporadaId": 4,
        "temporada": "Temporada 2013",
        "competicionId": 48
      },
      {
        "torneoId": 89,
        "nombreTorneo": "ESPAÑA AEFP -AMSTEL 2014",
        "temporadaId": 5,
        "temporada": "Temporada 2014",
        "competicionId": 186
      }
    ],
    "torneosDobles": []
  },
  {
    "jugadorId": 6,
    "nombreJugador": "David GAÑAN TERRON",
    "torneosIndividual": [],
    "torneosDobles": [
      {
        "torneoId": 95,
        "nombreTorneo": "CAMPEONATO DE ESPAÑA 2015",
        "temporadaId": 6,
        "temporada": "Temporada 2015 ",
        "competicionId": 209
      },
      {
        "torneoId": 101,
        "nombreTorneo": "Campeonato España 2016",
        "temporadaId": 7,
        "temporada": "Temporada 2016",
        "competicionId": 226
      },
      {
        "torneoId": 112,
        "nombreTorneo": "CAMPEONATO DE ESPAÑA 2018",
        "temporadaId": 9,
        "temporada": "Temporada 2018",
        "competicionId": 284
      },
      {
        "torneoId": 114,
        "nombreTorneo": "Campeonato de España 2019",
        "temporadaId": 10,
        "temporada": "Temporada 2019",
        "competicionId": 294
      },
      {
        "torneoId": 118,
        "nombreTorneo": "CAMPEONATO DE ESPAÑA 2022",
        "temporadaId": 11,
        "temporada": "Temporada 2022",
        "competicionId": 321
      },
      {
        "torneoId": 124,
        "nombreTorneo": "Campeonato de España 2023 - ITSF Master Tour 2023",
        "temporadaId": 12,
        "temporada": "Temporada 2023",
        "competicionId": 380
      }
    ]
  },
  {
    "jugadorId": 5,
    "nombreJugador": "Alberto CARBALLO ROBLES",
    "torneosIndividual": [],
    "torneosDobles": [
      {
        "torneoId": 110,
        "nombreTorneo": "CAMPEONATO DE ESPAÑA 2017",
        "temporadaId": 8,
        "temporada": "Temporada 2017",
        "competicionId": 269
      }
    ]
  },
  {
    "jugadorId": 570,
    "nombreJugador": "Daniel RAMOS LUIS",
    "torneosIndividual": [
      {
        "torneoId": 112,
        "nombreTorneo": "CAMPEONATO DE ESPAÑA 2018",
        "temporadaId": 9,
        "temporada": "Temporada 2018",
        "competicionId": 281
      },
      {
        "torneoId": 124,
        "nombreTorneo": "Campeonato de España 2023 - ITSF Master Tour 2023",
        "temporadaId": 12,
        "temporada": "Temporada 2023",
        "competicionId": 379
      }
    ],
    "torneosDobles": []
  },
  {
    "jugadorId": 56,
    "nombreJugador": "Carlos ARCEO YELA",
    "torneosIndividual": [
      {
        "torneoId": 118,
        "nombreTorneo": "CAMPEONATO DE ESPAÑA 2022",
        "temporadaId": 11,
        "temporada": "Temporada 2022",
        "competicionId": 320
      }
    ],
    "torneosDobles": [
      {
        "torneoId": 115,
        "nombreTorneo": "CAMPEONATO DE ESPAÑA 2021",
        "temporadaId": 16,
        "temporada": "Temporada 2021",
        "competicionId": 302
      }
    ]
  },
  {
    "jugadorId": 3,
    "nombreJugador": "David NIETO HERNANDEZ",
    "torneosIndividual": [],
    "torneosDobles": [
      {
        "torneoId": 133,
        "nombreTorneo": "Campeonato España 2024",
        "temporadaId": 14,
        "temporada": "Temporada 2025",
        "competicionId": 442
      }
    ]
  },
  {
    "jugadorId": 614,
    "nombreJugador": "Jordan GONZALEZ REBOSO",
    "torneosIndividual": [],
    "torneosDobles": [
      {
        "torneoId": 133,
        "nombreTorneo": "Campeonato España 2024",
        "temporadaId": 14,
        "temporada": "Temporada 2025",
        "competicionId": 442
      }
    ]
  }
]
