[
  {
    "modalidadId": 1,
    "descripcion": "Individual",
    "ordenWeb": 2
  },
  {
    "modalidadId": 2,
    "descripcion": "Dobles",
    "ordenWeb": 1
  },
  {
    "modalidadId": 3,
    "descripcion": "Senior Dobles",
    "ordenWeb": 3
  },
  {
    "modalidadId": 4,
    "descripcion": "Senior Individual",
    "ordenWeb": 4
  },
  {
    "modalidadId": 5,
    "descripcion": "Junior Dobles",
    "ordenWeb": 7
  },
  {
    "modalidadId": 6,
    "descripcion": "Junior Individual",
    "ordenWeb": 8
  },
  {
    "modalidadId": 7,
    "descripcion": "Mujeres Dobles",
    "ordenWeb": 5
  },
  {
    "modalidadId": 8,
    "descripcion": "Mujeres Individual",
    "ordenWeb": 6
  },
  {
    "modalidadId": 9,
    "descripcion": "Otros",
    "ordenWeb": 10
  },
  {
    "modalidadId": 10,
    "descripcion": "Mixto",
    "ordenWeb": 9
  }
]
