{
  "baseUrl": "https://illozapatillo.zapto.org",
  "time": "2025-09-07T14:56:47",
  "outputs": [],
  "checks": [
    {
      "name": "Modalidades shape",
      "pass": true,
      "detail": "root=array"
    },
    {
      "name": "Torneos shape (all)",
      "pass": true,
      "detail": "root=array"
    },
    {
      "name": "Torneos paginados >0",
      "pass": true,
      "detail": "count=66"
    },
    {
      "name": "UltimoTorneoCalcularGlicko2 tiene torneoId",
      "pass": true,
      "detail": "keys="
    },
    {
      "name": "J4 GetDatosJugador ok",
      "pass": true,
      "detail": "jugadorId=4"
    },
    {
      "name": "J4 PosicionPorTorneos es array",
      "pass": true,
      "detail": "root=array"
    },
    {
      "name": "J4 PuntuacionCategoria es array",
      "pass": true,
      "detail": "root=array"
    },
    {
      "name": "J4 Partidos ALL es array",
      "pass": true,
      "detail": "root=array"
    },
    {
      "name": "J4 Partidos ALL vs PAG coinciden",
      "pass": true,
      "detail": "OnlyInAll=0; OnlyInPag=0"
    },
    {
      "name": "Ranking ESP m1 array",
      "pass": true,
      "detail": "root=array"
    },
    {
      "name": "Ranking ESP m1 ALL vs PAG",
      "pass": true,
      "detail": "OnlyInAll=0; OnlyInPag=0"
    },
    {
      "name": "Ranking EXT m1 array",
      "pass": true,
      "detail": "root=array"
    },
    {
      "name": "Ranking ESP m2 array",
      "pass": true,
      "detail": "root=array"
    },
    {
      "name": "Ranking ESP m2 ALL vs PAG",
      "pass": true,
      "detail": "OnlyInAll=0; OnlyInPag=0"
    },
    {
      "name": "Ranking EXT m2 array",
      "pass": true,
      "detail": "root=array"
    },
    {
      "name": "Ranking ESP m3 array",
      "pass": true,
      "detail": "root=array"
    },
    {
      "name": "Ranking ESP m3 ALL vs PAG",
      "pass": true,
      "detail": "OnlyInAll=0; OnlyInPag=0"
    },
    {
      "name": "Ranking EXT m3 array",
      "pass": true,
      "detail": "root=array"
    },
    {
      "name": "Ranking ESP m4 array",
      "pass": true,
      "detail": "root=array"
    },
    {
      "name": "Ranking ESP m4 ALL vs PAG",
      "pass": true,
      "detail": "OnlyInAll=0; OnlyInPag=0"
    },
    {
      "name": "Ranking EXT m4 array",
      "pass": true,
      "detail": "root=array"
    },
    {
      "name": "Ranking ESP m5 array",
      "pass": true,
      "detail": "root=array"
    },
    {
      "name": "Ranking ESP m5 ALL vs PAG",
      "pass": true,
      "detail": "OnlyInAll=0; OnlyInPag=0"
    },
    {
      "name": "Ranking EXT m5 array",
      "pass": true,
      "detail": "root=array"
    },
    {
      "name": "Ranking ESP m6 array",
      "pass": true,
      "detail": "root=array"
    },
    {
      "name": "Ranking ESP m6 ALL vs PAG",
      "pass": true,
      "detail": "OnlyInAll=0; OnlyInPag=0"
    },
    {
      "name": "Ranking EXT m6 array",
      "pass": true,
      "detail": "root=array"
    },
    {
      "name": "Ranking ESP m7 array",
      "pass": true,
      "detail": "root=array"
    },
    {
      "name": "Ranking ESP m7 ALL vs PAG",
      "pass": true,
      "detail": "OnlyInAll=0; OnlyInPag=0"
    },
    {
      "name": "Ranking EXT m7 array",
      "pass": true,
      "detail": "root=array"
    },
    {
      "name": "Ranking ESP m8 array",
      "pass": true,
      "detail": "root=array"
    },
    {
      "name": "Ranking ESP m8 ALL vs PAG",
      "pass": true,
      "detail": "OnlyInAll=0; OnlyInPag=0"
    },
    {
      "name": "Ranking EXT m8 array",
      "pass": true,
      "detail": "root=array"
    },
    {
      "name": "Ranking ESP m9 array",
      "pass": true,
      "detail": "root=array"
    },
    {
      "name": "Ranking ESP m9 ALL vs PAG",
      "pass": true,
      "detail": "OnlyInAll=0; OnlyInPag=0"
    },
    {
      "name": "Ranking EXT m9 array",
      "pass": true,
      "detail": "root=array"
    },
    {
      "name": "Ranking ESP m10 array",
      "pass": true,
      "detail": "root=array"
    },
    {
      "name": "Ranking ESP m10 ALL vs PAG",
      "pass": true,
      "detail": "OnlyInAll=0; OnlyInPag=0"
    },
    {
      "name": "Ranking EXT m10 array",
      "pass": true,
      "detail": "root=array"
    },
    {
      "name": "Torneo 135 posiciones ALL vs PAG",
      "pass": true,
      "detail": "OnlyInAll=0; OnlyInPag=0"
    },
    {
      "name": "Torneo 134 posiciones ALL vs PAG",
      "pass": true,
      "detail": "OnlyInAll=0; OnlyInPag=0"
    },
    {
      "name": "Torneo 133 posiciones ALL vs PAG",
      "pass": true,
      "detail": "OnlyInAll=0; OnlyInPag=0"
    },
    {
      "name": "Torneo 130 posiciones ALL vs PAG",
      "pass": true,
      "detail": "OnlyInAll=0; OnlyInPag=0"
    },
    {
      "name": "Torneo 129 posiciones ALL vs PAG",
      "pass": true,
      "detail": "OnlyInAll=0; OnlyInPag=0"
    },
    {
      "name": "Torneo 128 posiciones ALL vs PAG",
      "pass": true,
      "detail": "OnlyInAll=0; OnlyInPag=0"
    },
    {
      "name": "Torneo 126 posiciones ALL vs PAG",
      "pass": true,
      "detail": "OnlyInAll=0; OnlyInPag=0"
    },
    {
      "name": "Torneo 125 posiciones ALL vs PAG",
      "pass": true,
      "detail": "OnlyInAll=0; OnlyInPag=0"
    },
    {
      "name": "Torneo 124 posiciones ALL vs PAG",
      "pass": true,
      "detail": "OnlyInAll=0; OnlyInPag=0"
    },
    {
      "name": "Torneo 123 posiciones ALL vs PAG",
      "pass": true,
      "detail": "OnlyInAll=0; OnlyInPag=0"
    },
    {
      "name": "Torneo 122 posiciones ALL vs PAG",
      "pass": true,
      "detail": "OnlyInAll=0; OnlyInPag=0"
    },
    {
      "name": "Torneo 121 posiciones ALL vs PAG",
      "pass": true,
      "detail": "OnlyInAll=0; OnlyInPag=0"
    },
    {
      "name": "Torneo 120 posiciones ALL vs PAG",
      "pass": true,
      "detail": "OnlyInAll=0; OnlyInPag=0"
    },
    {
      "name": "Torneo 119 posiciones ALL vs PAG",
      "pass": true,
      "detail": "OnlyInAll=0; OnlyInPag=0"
    },
    {
      "name": "Torneo 118 posiciones ALL vs PAG",
      "pass": true,
      "detail": "OnlyInAll=0; OnlyInPag=0"
    },
    {
      "name": "TemporadaId->texto consistente",
      "pass": true,
      "detail": "ok"
    }
  ],
  "pass": true
}
