[
  {
    "torneoId": 135,
    "nombreTorneo": "I OPEN INTERNACIONAL CUBAS DE LA SAGRA",
    "fecha": "2025-05-16T00:00:00",
    "lugar": "",
    "activo": true,
    "esUltimoTorneoAnio": false,
    "carreraCampeonesTemporada": 2025,
    "temporadaId": 14,
    "temporada": "Temporada 2025"
  },
  {
    "torneoId": 134,
    "nombreTorneo": "III Open Internacional de Valdilecha",
    "fecha": "2025-02-07T00:00:00",
    "lugar": "",
    "activo": true,
    "esUltimoTorneoAnio": false,
    "carreraCampeonesTemporada": 2025,
    "temporadaId": 14,
    "temporada": "Temporada 2025"
  },
  {
    "torneoId": 133,
    "nombreTorneo": "Campeonato España 2024",
    "fecha": "2024-12-06T00:00:00",
    "lugar": "",
    "activo": true,
    "esUltimoTorneoAnio": false,
    "carreraCampeonesTemporada": 2025,
    "temporadaId": 14,
    "temporada": "Temporada 2025"
  },
  {
    "torneoId": 130,
    "nombreTorneo": "LOECHES 2024",
    "fecha": "2024-10-25T00:00:00",
    "lugar": "",
    "activo": true,
    "esUltimoTorneoAnio": true,
    "carreraCampeonesTemporada": 2024,
    "temporadaId": 13,
    "temporada": "Temporada 2024"
  },
  {
    "torneoId": 129,
    "nombreTorneo": "FutbolinPro",
    "fecha": "2024-09-28T00:00:00",
    "lugar": "",
    "activo": true,
    "esUltimoTorneoAnio": false,
    "carreraCampeonesTemporada": 2024,
    "temporadaId": 13,
    "temporada": "Temporada 2024"
  },
  {
    "torneoId": 128,
    "nombreTorneo": "MORATA DE TAJUÑA 2024",
    "fecha": "2024-06-28T00:00:00",
    "lugar": "",
    "activo": true,
    "esUltimoTorneoAnio": false,
    "carreraCampeonesTemporada": 2024,
    "temporadaId": 13,
    "temporada": "Temporada 2024"
  },
  {
    "torneoId": 126,
    "nombreTorneo": "I Open Internacional de Menansalbas - ITSF 250 WT 2024",
    "fecha": "2024-05-11T00:00:00",
    "lugar": "Menansalbas/Toledo",
    "activo": true,
    "esUltimoTorneoAnio": false,
    "carreraCampeonesTemporada": 2024,
    "temporadaId": 13,
    "temporada": "Temporada 2024"
  },
  {
    "torneoId": 125,
    "nombreTorneo": "II OPEN INTERNACIONAL VALDILECHAS - ITSF 500 WT 2024",
    "fecha": "2024-04-06T00:00:00",
    "lugar": "Madrid",
    "activo": true,
    "esUltimoTorneoAnio": false,
    "carreraCampeonesTemporada": 2024,
    "temporadaId": 13,
    "temporada": "Temporada 2024"
  },
  {
    "torneoId": 124,
    "nombreTorneo": "Campeonato de España 2023 - ITSF Master Tour 2023",
    "fecha": "2023-12-07T00:00:00",
    "lugar": "Carabaña",
    "activo": true,
    "esUltimoTorneoAnio": true,
    "carreraCampeonesTemporada": 2023,
    "temporadaId": 12,
    "temporada": "Temporada 2023"
  },
  {
    "torneoId": 123,
    "nombreTorneo": "OPEN DE CASTILLA LA MANCHA MENASALBAS X",
    "fecha": "2023-09-30T00:00:00",
    "lugar": "Menasalbas Toledo",
    "activo": true,
    "esUltimoTorneoAnio": false,
    "carreraCampeonesTemporada": 2023,
    "temporadaId": 12,
    "temporada": "Temporada 2023"
  },
  {
    "torneoId": 122,
    "nombreTorneo": "Open Villar del Olmo 2023",
    "fecha": "2023-07-01T00:00:00",
    "lugar": "Villar del Olmo",
    "activo": true,
    "esUltimoTorneoAnio": false,
    "carreraCampeonesTemporada": 2023,
    "temporadaId": 12,
    "temporada": "Temporada 2023"
  },
  {
    "torneoId": 121,
    "nombreTorneo": "CAMPEONATO INTERNACIONAL VALDILECHA - ITSF Master Tour 2023",
    "fecha": "2023-04-15T00:00:00",
    "lugar": "Valdilecha",
    "activo": true,
    "esUltimoTorneoAnio": false,
    "carreraCampeonesTemporada": 2023,
    "temporadaId": 12,
    "temporada": "Temporada 2023"
  },
  {
    "torneoId": 120,
    "nombreTorneo": "I OPEN DE GUADALAJARA",
    "fecha": "2023-03-11T00:00:00",
    "lugar": "ZORITA DE LOS CANES",
    "activo": true,
    "esUltimoTorneoAnio": false,
    "carreraCampeonesTemporada": 2023,
    "temporadaId": 12,
    "temporada": "Temporada 2023"
  },
  {
    "torneoId": 119,
    "nombreTorneo": "PRO TOUR VILLAREJO DE SALVANES",
    "fecha": "2023-01-28T00:00:00",
    "lugar": "VILLAREJO DE SALVANES",
    "activo": true,
    "esUltimoTorneoAnio": false,
    "carreraCampeonesTemporada": 2023,
    "temporadaId": 12,
    "temporada": "Temporada 2023"
  },
  {
    "torneoId": 118,
    "nombreTorneo": "CAMPEONATO DE ESPAÑA 2022",
    "fecha": "2022-12-03T00:00:00",
    "lugar": "CARABAÑA",
    "activo": true,
    "esUltimoTorneoAnio": true,
    "carreraCampeonesTemporada": 2022,
    "temporadaId": 11,
    "temporada": "Temporada 2022"
  },
  {
    "torneoId": 117,
    "nombreTorneo": "IX OPEN DE CASTILLA LA MANCHA (MENASALBAS)",
    "fecha": "2022-10-01T00:00:00",
    "lugar": "MENASALBAS TOLEDO",
    "activo": true,
    "esUltimoTorneoAnio": false,
    "carreraCampeonesTemporada": 2022,
    "temporadaId": 11,
    "temporada": "Temporada 2022"
  },
  {
    "torneoId": 116,
    "nombreTorneo": "VII Campeonato de Castilla La Mancha",
    "fecha": "2022-06-04T00:00:00",
    "lugar": "Menasalbas",
    "activo": true,
    "esUltimoTorneoAnio": false,
    "carreraCampeonesTemporada": 2022,
    "temporadaId": 11,
    "temporada": "Temporada 2022"
  },
  {
    "torneoId": 115,
    "nombreTorneo": "CAMPEONATO DE ESPAÑA 2021",
    "fecha": "2022-03-05T00:00:00",
    "lugar": "MADRID",
    "activo": true,
    "esUltimoTorneoAnio": false,
    "carreraCampeonesTemporada": 2022,
    "temporadaId": 16,
    "temporada": "Temporada 2021"
  },
  {
    "torneoId": 114,
    "nombreTorneo": "Campeonato de España 2019",
    "fecha": "2019-12-06T00:00:00",
    "lugar": "Madrid",
    "activo": true,
    "esUltimoTorneoAnio": true,
    "carreraCampeonesTemporada": 2019,
    "temporadaId": 10,
    "temporada": "Temporada 2019"
  },
  {
    "torneoId": 113,
    "nombreTorneo": "CAMPEONATO DE MADRID 2019",
    "fecha": "2019-06-16T00:00:00",
    "lugar": "MADRID",
    "activo": true,
    "esUltimoTorneoAnio": false,
    "carreraCampeonesTemporada": 2019,
    "temporadaId": 10,
    "temporada": "Temporada 2019"
  },
  {
    "torneoId": 112,
    "nombreTorneo": "CAMPEONATO DE ESPAÑA 2018",
    "fecha": "2018-11-07T00:00:00",
    "lugar": "TENERIFE",
    "activo": true,
    "esUltimoTorneoAnio": true,
    "carreraCampeonesTemporada": 2018,
    "temporadaId": 9,
    "temporada": "Temporada 2018"
  },
  {
    "torneoId": 111,
    "nombreTorneo": "IV OPEN CASTILLA LA MANCHA",
    "fecha": "2018-03-03T00:00:00",
    "lugar": "MENASALVAS",
    "activo": true,
    "esUltimoTorneoAnio": false,
    "carreraCampeonesTemporada": 2018,
    "temporadaId": 9,
    "temporada": "Temporada 2018"
  },
  {
    "torneoId": 110,
    "nombreTorneo": "CAMPEONATO DE ESPAÑA 2017",
    "fecha": "2017-12-09T00:00:00",
    "lugar": "PEDRO MUÑOZ",
    "activo": true,
    "esUltimoTorneoAnio": true,
    "carreraCampeonesTemporada": 2017,
    "temporadaId": 8,
    "temporada": "Temporada 2017"
  },
  {
    "torneoId": 108,
    "nombreTorneo": "final de comunidades 2017",
    "fecha": "2017-10-20T00:00:00",
    "lugar": "hotel Mangalan",
    "activo": true,
    "esUltimoTorneoAnio": false,
    "carreraCampeonesTemporada": 2017,
    "temporadaId": 8,
    "temporada": "Temporada 2017"
  },
  {
    "torneoId": 107,
    "nombreTorneo": "PEDRO MUÑOZ",
    "fecha": "2017-07-29T00:00:00",
    "lugar": "PEDRO MUÑOZ",
    "activo": true,
    "esUltimoTorneoAnio": false,
    "carreraCampeonesTemporada": 2017,
    "temporadaId": 8,
    "temporada": "Temporada 2017"
  },
  {
    "torneoId": 105,
    "nombreTorneo": "I Campeonato MADA´S SUMMER",
    "fecha": "2017-07-01T00:00:00",
    "lugar": "MADA´S LAND",
    "activo": true,
    "esUltimoTorneoAnio": false,
    "carreraCampeonesTemporada": 2017,
    "temporadaId": 8,
    "temporada": "Temporada 2017"
  },
  {
    "torneoId": 104,
    "nombreTorneo": "II MUNDIALITO LOS REALEJOS",
    "fecha": "2017-06-10T00:00:00",
    "lugar": "Villa de los Realejos",
    "activo": true,
    "esUltimoTorneoAnio": false,
    "carreraCampeonesTemporada": 2017,
    "temporadaId": 8,
    "temporada": "Temporada 2017"
  },
  {
    "torneoId": 103,
    "nombreTorneo": "CAMPEONATO DE MADRID AEFP 2017",
    "fecha": "2017-04-22T00:00:00",
    "lugar": "Parkim Bar",
    "activo": true,
    "esUltimoTorneoAnio": false,
    "carreraCampeonesTemporada": 2017,
    "temporadaId": 8,
    "temporada": "Temporada 2017"
  },
  {
    "torneoId": 102,
    "nombreTorneo": "II OPEN CASTILLA LA MANCHA 2017",
    "fecha": "2017-03-04T00:00:00",
    "lugar": "Menasalbas",
    "activo": true,
    "esUltimoTorneoAnio": false,
    "carreraCampeonesTemporada": 2017,
    "temporadaId": 8,
    "temporada": "Temporada 2017"
  },
  {
    "torneoId": 101,
    "nombreTorneo": "Campeonato España 2016",
    "fecha": "2016-12-03T00:00:00",
    "lugar": "Pedro Muñoz",
    "activo": true,
    "esUltimoTorneoAnio": true,
    "carreraCampeonesTemporada": 2016,
    "temporadaId": 7,
    "temporada": "Temporada 2016"
  },
  {
    "torneoId": 100,
    "nombreTorneo": "FINAL DE COMUNIDADES AEFP 2016",
    "fecha": "2016-10-14T00:00:00",
    "lugar": "MARINA D´OR",
    "activo": true,
    "esUltimoTorneoAnio": false,
    "carreraCampeonesTemporada": 2016,
    "temporadaId": 7,
    "temporada": "Temporada 2016"
  },
  {
    "torneoId": 98,
    "nombreTorneo": "Campeonato del Parkim 2016",
    "fecha": "2016-09-17T00:00:00",
    "lugar": "Madrid",
    "activo": true,
    "esUltimoTorneoAnio": false,
    "carreraCampeonesTemporada": 2016,
    "temporadaId": 7,
    "temporada": "Temporada 2016"
  },
  {
    "torneoId": 97,
    "nombreTorneo": "Campeonato Madrid 2016",
    "fecha": "2016-05-07T00:00:00",
    "lugar": "Madrid",
    "activo": true,
    "esUltimoTorneoAnio": false,
    "carreraCampeonesTemporada": 2016,
    "temporadaId": 7,
    "temporada": "Temporada 2016"
  },
  {
    "torneoId": 96,
    "nombreTorneo": "I Open Castilla la Mancha 2016",
    "fecha": "2016-02-27T00:00:00",
    "lugar": "Menasalbas",
    "activo": true,
    "esUltimoTorneoAnio": false,
    "carreraCampeonesTemporada": 2016,
    "temporadaId": 7,
    "temporada": "Temporada 2016"
  },
  {
    "torneoId": 95,
    "nombreTorneo": "CAMPEONATO DE ESPAÑA 2015",
    "fecha": "2015-12-05T00:00:00",
    "lugar": "SALA SILIKONA",
    "activo": true,
    "esUltimoTorneoAnio": true,
    "carreraCampeonesTemporada": 2015,
    "temporadaId": 6,
    "temporada": "Temporada 2015 "
  },
  {
    "torneoId": 94,
    "nombreTorneo": "OPEN DE MADRID 2015",
    "fecha": "2015-10-03T00:00:00",
    "lugar": "PARKIM BAR",
    "activo": true,
    "esUltimoTorneoAnio": false,
    "carreraCampeonesTemporada": 2015,
    "temporadaId": 6,
    "temporada": "Temporada 2015 "
  },
  {
    "torneoId": 93,
    "nombreTorneo": "OPEN DE ALICANTE 2015",
    "fecha": "2015-07-25T00:00:00",
    "lugar": "HARLEY BAR ALICANTE",
    "activo": true,
    "esUltimoTorneoAnio": false,
    "carreraCampeonesTemporada": 2015,
    "temporadaId": 6,
    "temporada": "Temporada 2015 "
  },
  {
    "torneoId": 91,
    "nombreTorneo": "AEFP - MENASALBAS 2015",
    "fecha": "2015-06-13T00:00:00",
    "lugar": "MENASALBAS",
    "activo": true,
    "esUltimoTorneoAnio": false,
    "carreraCampeonesTemporada": 2015,
    "temporadaId": 6,
    "temporada": "Temporada 2015 "
  },
  {
    "torneoId": 90,
    "nombreTorneo": "MARBORÉ",
    "fecha": "2015-06-07T00:00:00",
    "lugar": "MARBORÉ",
    "activo": true,
    "esUltimoTorneoAnio": false,
    "carreraCampeonesTemporada": 2015,
    "temporadaId": 6,
    "temporada": "Temporada 2015 "
  },
  {
    "torneoId": 89,
    "nombreTorneo": "ESPAÑA AEFP -AMSTEL 2014",
    "fecha": "2014-12-08T00:00:00",
    "lugar": "DISCOTECA SAJOY MENASALVAS (TOLEDO)",
    "activo": true,
    "esUltimoTorneoAnio": true,
    "carreraCampeonesTemporada": 2014,
    "temporadaId": 5,
    "temporada": "Temporada 2014"
  },
  {
    "torneoId": 88,
    "nombreTorneo": "OPEN DE MADRID 2014",
    "fecha": "2014-11-15T00:00:00",
    "lugar": "3K LOUNGE",
    "activo": true,
    "esUltimoTorneoAnio": false,
    "carreraCampeonesTemporada": 2014,
    "temporadaId": 5,
    "temporada": "Temporada 2014"
  },
  {
    "torneoId": 86,
    "nombreTorneo": "IV PUNTUABLE AEFP 2014",
    "fecha": "2014-09-20T00:00:00",
    "lugar": "The UNIK ESCALONA",
    "activo": true,
    "esUltimoTorneoAnio": false,
    "carreraCampeonesTemporada": 2014,
    "temporadaId": 5,
    "temporada": "Temporada 2014"
  },
  {
    "torneoId": 85,
    "nombreTorneo": "PLAY-OFF LIGA FUTBOLINMADRID 2014",
    "fecha": "2014-09-13T00:00:00",
    "lugar": "Madrid",
    "activo": true,
    "esUltimoTorneoAnio": false,
    "carreraCampeonesTemporada": 2014,
    "temporadaId": 5,
    "temporada": "Temporada 2014"
  },
  {
    "torneoId": 84,
    "nombreTorneo": "III PRO TOUR 2014 SOCUELLAMOS",
    "fecha": "2014-07-05T00:00:00",
    "lugar": "Socuellamos",
    "activo": true,
    "esUltimoTorneoAnio": false,
    "carreraCampeonesTemporada": 2014,
    "temporadaId": 5,
    "temporada": "Temporada 2014"
  },
  {
    "torneoId": 82,
    "nombreTorneo": "CAMPEONATO LA POSADA",
    "fecha": "2014-06-14T00:00:00",
    "lugar": "Pulgar Toledo",
    "activo": true,
    "esUltimoTorneoAnio": false,
    "carreraCampeonesTemporada": 2014,
    "temporadaId": 5,
    "temporada": "Temporada 2014"
  },
  {
    "torneoId": 81,
    "nombreTorneo": "II PRO TOUR 2014 Menasalvas",
    "fecha": "2014-05-31T00:00:00",
    "lugar": "Menasalbas",
    "activo": true,
    "esUltimoTorneoAnio": false,
    "carreraCampeonesTemporada": 2014,
    "temporadaId": 5,
    "temporada": "Temporada 2014"
  },
  {
    "torneoId": 79,
    "nombreTorneo": "I PRO TOUR 2014 MADRID",
    "fecha": "2014-05-10T00:00:00",
    "lugar": "Madrid",
    "activo": true,
    "esUltimoTorneoAnio": false,
    "carreraCampeonesTemporada": 2014,
    "temporadaId": 5,
    "temporada": "Temporada 2014"
  },
  {
    "torneoId": 75,
    "nombreTorneo": "CAMPEONATO P-DOS",
    "fecha": "2014-02-22T00:00:00",
    "lugar": "Menasalvas",
    "activo": true,
    "esUltimoTorneoAnio": false,
    "carreraCampeonesTemporada": 2014,
    "temporadaId": 5,
    "temporada": "Temporada 2014"
  },
  {
    "torneoId": 74,
    "nombreTorneo": "Campeonato Tie Break Open",
    "fecha": "2014-02-01T00:00:00",
    "lugar": "Toledo",
    "activo": true,
    "esUltimoTorneoAnio": false,
    "carreraCampeonesTemporada": 2014,
    "temporadaId": 5,
    "temporada": "Temporada 2014"
  },
  {
    "torneoId": 21,
    "nombreTorneo": "Campeonato de España 2013",
    "fecha": "2013-12-06T00:00:00",
    "lugar": "Pub Zeus Mota del Cuervo (Cuenca)",
    "activo": true,
    "esUltimoTorneoAnio": true,
    "carreraCampeonesTemporada": 2013,
    "temporadaId": 4,
    "temporada": "Temporada 2013"
  },
  {
    "torneoId": 20,
    "nombreTorneo": "CAMPEONATO BAR CHUMI",
    "fecha": "2013-11-17T00:00:00",
    "lugar": "ARANJUEZ",
    "activo": true,
    "esUltimoTorneoAnio": false,
    "carreraCampeonesTemporada": 2013,
    "temporadaId": 4,
    "temporada": "Temporada 2013"
  },
  {
    "torneoId": 19,
    "nombreTorneo": "OPEN MADRID 2013",
    "fecha": "2013-10-19T00:00:00",
    "lugar": "PARKIM BAR",
    "activo": true,
    "esUltimoTorneoAnio": false,
    "carreraCampeonesTemporada": 2013,
    "temporadaId": 4,
    "temporada": "Temporada 2013"
  },
  {
    "torneoId": 18,
    "nombreTorneo": "I CAMPEONATO FUTBOLIN ESPAÑA",
    "fecha": "2013-08-21T00:00:00",
    "lugar": "TOLEDO",
    "activo": true,
    "esUltimoTorneoAnio": false,
    "carreraCampeonesTemporada": 2013,
    "temporadaId": 4,
    "temporada": "Temporada 2013"
  },
  {
    "torneoId": 17,
    "nombreTorneo": "AEFP OPEN SINGLES",
    "fecha": "2013-08-15T00:00:00",
    "lugar": "PUB ZEUS",
    "activo": true,
    "esUltimoTorneoAnio": false,
    "carreraCampeonesTemporada": 2013,
    "temporadaId": 4,
    "temporada": "Temporada 2013"
  },
  {
    "torneoId": 16,
    "nombreTorneo": "Campeonato de España 2012",
    "fecha": "2012-12-01T00:00:00",
    "lugar": "Restaurante 2BOK2",
    "activo": true,
    "esUltimoTorneoAnio": true,
    "carreraCampeonesTemporada": 2012,
    "temporadaId": 3,
    "temporada": "Temporada 2012"
  },
  {
    "torneoId": 15,
    "nombreTorneo": "Campeonato de Madrid La Caja 2012",
    "fecha": "2012-11-10T00:00:00",
    "lugar": "Madrid",
    "activo": true,
    "esUltimoTorneoAnio": false,
    "carreraCampeonesTemporada": 2012,
    "temporadaId": 3,
    "temporada": "Temporada 2012"
  },
  {
    "torneoId": 14,
    "nombreTorneo": "IV Campeonato Foosball Centre",
    "fecha": "2012-06-02T00:00:00",
    "lugar": "Madrid",
    "activo": true,
    "esUltimoTorneoAnio": false,
    "carreraCampeonesTemporada": 2012,
    "temporadaId": 3,
    "temporada": "Temporada 2012"
  },
  {
    "torneoId": 13,
    "nombreTorneo": "III Campeonato Foosball Centre",
    "fecha": "2012-04-21T00:00:00",
    "lugar": "Madrid",
    "activo": true,
    "esUltimoTorneoAnio": false,
    "carreraCampeonesTemporada": 2012,
    "temporadaId": 3,
    "temporada": "Temporada 2012"
  },
  {
    "torneoId": 12,
    "nombreTorneo": "II Campeonato Foosball Centre",
    "fecha": "2012-03-10T00:00:00",
    "lugar": "Madrid",
    "activo": true,
    "esUltimoTorneoAnio": false,
    "carreraCampeonesTemporada": 2012,
    "temporadaId": 3,
    "temporada": "Temporada 2012"
  },
  {
    "torneoId": 11,
    "nombreTorneo": "I Campeonato Foosball Centre",
    "fecha": "2012-01-21T00:00:00",
    "lugar": "Madrid",
    "activo": true,
    "esUltimoTorneoAnio": false,
    "carreraCampeonesTemporada": 2012,
    "temporadaId": 3,
    "temporada": "Temporada 2012"
  },
  {
    "torneoId": 10,
    "nombreTorneo": "IV campeonato cafe america",
    "fecha": "2011-12-10T00:00:00",
    "lugar": "Pedro Muñoz",
    "activo": true,
    "esUltimoTorneoAnio": true,
    "carreraCampeonesTemporada": 2011,
    "temporadaId": 2,
    "temporada": "Temporada 2011"
  },
  {
    "torneoId": 9,
    "nombreTorneo": "I Campeonato GCordoba",
    "fecha": "2011-10-01T00:00:00",
    "lugar": "Madrid",
    "activo": true,
    "esUltimoTorneoAnio": false,
    "carreraCampeonesTemporada": 2011,
    "temporadaId": 2,
    "temporada": "Temporada 2011"
  },
  {
    "torneoId": 8,
    "nombreTorneo": "III Campeonato Café América",
    "fecha": "2011-07-23T00:00:00",
    "lugar": "Pedro Muñoz",
    "activo": true,
    "esUltimoTorneoAnio": false,
    "carreraCampeonesTemporada": 2011,
    "temporadaId": 2,
    "temporada": "Temporada 2011"
  },
  {
    "torneoId": 4,
    "nombreTorneo": "I campeonato FutbolinPro",
    "fecha": "2011-06-11T00:00:00",
    "lugar": "Madrid",
    "activo": true,
    "esUltimoTorneoAnio": false,
    "carreraCampeonesTemporada": 2011,
    "temporadaId": 2,
    "temporada": "Temporada 2011"
  },
  {
    "torneoId": 2,
    "nombreTorneo": "IV Campeonato del Tuntun",
    "fecha": "2011-04-17T00:00:00",
    "lugar": "Madrid",
    "activo": true,
    "esUltimoTorneoAnio": false,
    "carreraCampeonesTemporada": 2011,
    "temporadaId": 2,
    "temporada": "Temporada 2011"
  },
  {
    "torneoId": 1,
    "nombreTorneo": "II Open Internacional Español",
    "fecha": "2010-11-05T00:00:00",
    "lugar": "Madrid",
    "activo": true,
    "esUltimoTorneoAnio": false,
    "carreraCampeonesTemporada": 2010,
    "temporadaId": 1,
    "temporada": "Temporada 2010"
  }
]
