[
  {
    "modalidadId": 5,
    "modalidad": "Junior Dobles",
    "posicion": 1,
    "jugadorId": 897,
    "nombreJugador": "Tomas FERNANDEZ GUIRAO",
    "puntos": 2268,
    "categoriaId": 4,
    "categoria": "Elite"
  },
  {
    "modalidadId": 5,
    "modalidad": "Junior Dobles",
    "posicion": 2,
    "jugadorId": 1044,
    "nombreJugador": "Oscar MARTINEZ NICOLAS",
    "puntos": 2115,
    "categoriaId": 4,
    "categoria": "Elite"
  },
  {
    "modalidadId": 5,
    "modalidad": "Junior Dobles",
    "posicion": 3,
    "jugadorId": 1312,
    "nombreJugador": "Javier DÍAZ ALGARA",
    "puntos": 1995,
    "categoriaId": 1,
    "categoria": "Rookie"
  },
  {
    "modalidadId": 5,
    "modalidad": "Junior Dobles",
    "posicion": 4,
    "jugadorId": 1340,
    "nombreJugador": "Jorge MUÑOZ SANCHEZ",
    "puntos": 1995,
    "categoriaId": 1,
    "categoria": "Rookie"
  },
  {
    "modalidadId": 5,
    "modalidad": "Junior Dobles",
    "posicion": 5,
    "jugadorId": 1102,
    "nombreJugador": "Abel SANCHEZ CUCHANERO",
    "puntos": 1920,
    "categoriaId": 3,
    "categoria": "Master"
  },
  {
    "modalidadId": 5,
    "modalidad": "Junior Dobles",
    "posicion": 6,
    "jugadorId": 947,
    "nombreJugador": "Sergio MUÑOZ ARENAS",
    "puntos": 1848,
    "categoriaId": 3,
    "categoria": "Master"
  },
  {
    "modalidadId": 5,
    "modalidad": "Junior Dobles",
    "posicion": 7,
    "jugadorId": 917,
    "nombreJugador": "Marc SUAU NAVA",
    "puntos": 1717,
    "categoriaId": 1,
    "categoria": "Rookie"
  },
  {
    "modalidadId": 5,
    "modalidad": "Junior Dobles",
    "posicion": 8,
    "jugadorId": 1329,
    "nombreJugador": "Neus SUAU NAVAS",
    "puntos": 1629,
    "categoriaId": 1,
    "categoria": "Rookie"
  },
  {
    "modalidadId": 5,
    "modalidad": "Junior Dobles",
    "posicion": 9,
    "jugadorId": 909,
    "nombreJugador": "Javier MUÑOZ ARENAS",
    "puntos": 1577,
    "categoriaId": 1,
    "categoria": "Rookie"
  },
  {
    "modalidadId": 5,
    "modalidad": "Junior Dobles",
    "posicion": 10,
    "jugadorId": 898,
    "nombreJugador": "Aitor IDARRABA BERRIGUETE",
    "puntos": 1481,
    "categoriaId": 2,
    "categoria": "Amater"
  },
  {
    "modalidadId": 5,
    "modalidad": "Junior Dobles",
    "posicion": 11,
    "jugadorId": 1149,
    "nombreJugador": "Nicolas LOPEZ BAYO",
    "puntos": 1401,
    "categoriaId": 1,
    "categoria": "Rookie"
  },
  {
    "modalidadId": 5,
    "modalidad": "Junior Dobles",
    "posicion": 12,
    "jugadorId": 934,
    "nombreJugador": "Diego ARTIAGA BENITO",
    "puntos": 1343,
    "categoriaId": 1,
    "categoria": "Rookie"
  },
  {
    "modalidadId": 5,
    "modalidad": "Junior Dobles",
    "posicion": 13,
    "jugadorId": 924,
    "nombreJugador": "Teodor MONCHILOV TODOROV",
    "puntos": 1254,
    "categoriaId": 1,
    "categoria": "Rookie"
  },
  {
    "modalidadId": 5,
    "modalidad": "Junior Dobles",
    "posicion": 14,
    "jugadorId": 1115,
    "nombreJugador": "Jimena LOPEZ BAYO",
    "puntos": 1245,
    "categoriaId": 1,
    "categoria": "Rookie"
  },
  {
    "modalidadId": 5,
    "modalidad": "Junior Dobles",
    "posicion": 15,
    "jugadorId": 229,
    "nombreJugador": "Jorge CANO LUDEÑA",
    "puntos": 1236,
    "categoriaId": 1,
    "categoria": "Rookie"
  },
  {
    "modalidadId": 5,
    "modalidad": "Junior Dobles",
    "posicion": 16,
    "jugadorId": 1147,
    "nombreJugador": "Mario SOMOLINOS",
    "puntos": 1121,
    "categoriaId": 1,
    "categoria": "Rookie"
  },
  {
    "modalidadId": 5,
    "modalidad": "Junior Dobles",
    "posicion": 17,
    "jugadorId": 225,
    "nombreJugador": "Ivan MAYORGA SANDOVAL",
    "puntos": 908,
    "categoriaId": 1,
    "categoria": "Rookie"
  },
  {
    "modalidadId": 5,
    "modalidad": "Junior Dobles",
    "posicion": 18,
    "jugadorId": 849,
    "nombreJugador": "Leire CONCEPCION SANCHEZ",
    "puntos": 864,
    "categoriaId": 1,
    "categoria": "Rookie"
  },
  {
    "modalidadId": 5,
    "modalidad": "Junior Dobles",
    "posicion": 19,
    "jugadorId": 1068,
    "nombreJugador": "Pablo DE LA PEÑA CARRETERO",
    "puntos": 632,
    "categoriaId": 1,
    "categoria": "Rookie"
  },
  {
    "modalidadId": 5,
    "modalidad": "Junior Dobles",
    "posicion": 20,
    "jugadorId": 206,
    "nombreJugador": "Francisco CRISTOBAL MARTINEZ",
    "puntos": 602,
    "categoriaId": 1,
    "categoria": "Rookie"
  },
  {
    "modalidadId": 5,
    "modalidad": "Junior Dobles",
    "posicion": 21,
    "jugadorId": 1258,
    "nombreJugador": "Alba MORA",
    "puntos": 530,
    "categoriaId": 1,
    "categoria": "Rookie"
  },
  {
    "modalidadId": 5,
    "modalidad": "Junior Dobles",
    "posicion": 22,
    "jugadorId": 1111,
    "nombreJugador": "Fabian SOMOLINOS MARTINEZ",
    "puntos": 455,
    "categoriaId": 1,
    "categoria": "Rookie"
  },
  {
    "modalidadId": 5,
    "modalidad": "Junior Dobles",
    "posicion": 23,
    "jugadorId": 1129,
    "nombreJugador": "Alberto SANCHEZ RUÍZ",
    "puntos": 455,
    "categoriaId": 1,
    "categoria": "Rookie"
  },
  {
    "modalidadId": 5,
    "modalidad": "Junior Dobles",
    "posicion": 24,
    "jugadorId": 1257,
    "nombreJugador": "David MONTORO LOPEZ",
    "puntos": 439,
    "categoriaId": 1,
    "categoria": "Rookie"
  },
  {
    "modalidadId": 5,
    "modalidad": "Junior Dobles",
    "posicion": 25,
    "jugadorId": 899,
    "nombreJugador": "Alicia ALFONSO LAPEÑA",
    "puntos": 406,
    "categoriaId": 1,
    "categoria": "Rookie"
  },
  {
    "modalidadId": 5,
    "modalidad": "Junior Dobles",
    "posicion": 26,
    "jugadorId": 1053,
    "nombreJugador": "Javier GOMEZ DEL AMO",
    "puntos": 390,
    "categoriaId": 1,
    "categoria": "Rookie"
  },
  {
    "modalidadId": 5,
    "modalidad": "Junior Dobles",
    "posicion": 27,
    "jugadorId": 1136,
    "nombreJugador": "Elena BENITO GOMEZ",
    "puntos": 335,
    "categoriaId": 1,
    "categoria": "Rookie"
  },
  {
    "modalidadId": 5,
    "modalidad": "Junior Dobles",
    "posicion": 28,
    "jugadorId": 1352,
    "nombreJugador": "David COLLANTES",
    "puntos": 318,
    "categoriaId": 1,
    "categoria": "Rookie"
  },
  {
    "modalidadId": 5,
    "modalidad": "Junior Dobles",
    "posicion": 29,
    "jugadorId": 1343,
    "nombreJugador": "Amir AHARRAM",
    "puntos": 316,
    "categoriaId": 1,
    "categoria": "Rookie"
  },
  {
    "modalidadId": 5,
    "modalidad": "Junior Dobles",
    "posicion": 30,
    "jugadorId": 1346,
    "nombreJugador": "Omar AHARRAM",
    "puntos": 316,
    "categoriaId": 1,
    "categoria": "Rookie"
  },
  {
    "modalidadId": 5,
    "modalidad": "Junior Dobles",
    "posicion": 31,
    "jugadorId": 955,
    "nombreJugador": "Aron MOUNTADY GONZALEZ",
    "puntos": 301,
    "categoriaId": 1,
    "categoria": "Rookie"
  },
  {
    "modalidadId": 5,
    "modalidad": "Junior Dobles",
    "posicion": 32,
    "jugadorId": 1106,
    "nombreJugador": "Daiana LORENA ARDELEAN",
    "puntos": 190,
    "categoriaId": 1,
    "categoria": "Rookie"
  },
  {
    "modalidadId": 5,
    "modalidad": "Junior Dobles",
    "posicion": 33,
    "jugadorId": 1371,
    "nombreJugador": "Farah TARMACH BOUHBOUH",
    "puntos": 128,
    "categoriaId": 1,
    "categoria": "Rookie"
  },
  {
    "modalidadId": 5,
    "modalidad": "Junior Dobles",
    "posicion": 34,
    "jugadorId": 1380,
    "nombreJugador": "Andrea MARISCAL LOPEZ",
    "puntos": 0,
    "categoriaId": 1,
    "categoria": "Rookie"
  },
  {
    "modalidadId": 5,
    "modalidad": "Junior Dobles",
    "posicion": 35,
    "jugadorId": 1126,
    "nombreJugador": "Samara MUÑOZ BREA",
    "puntos": 0,
    "categoriaId": 1,
    "categoria": "Rookie"
  },
  {
    "modalidadId": 5,
    "modalidad": "Junior Dobles",
    "posicion": 36,
    "jugadorId": 1050,
    "nombreJugador": "Gerardo GALACHE GARCIA",
    "puntos": 0,
    "categoriaId": 1,
    "categoria": "Rookie"
  },
  {
    "modalidadId": 5,
    "modalidad": "Junior Dobles",
    "posicion": 37,
    "jugadorId": 1064,
    "nombreJugador": "Hector GOMEZ DEL AMO",
    "puntos": 0,
    "categoriaId": 1,
    "categoria": "Rookie"
  }
]
