[
  {
    "modalidadId": 8,
    "modalidad": "Mujeres Individual",
    "posicion": 1,
    "jugadorId": 1039,
    "nombreJugador": "Radostina LYUBOMIROVA",
    "puntos": 2359,
    "categoriaId": 4,
    "categoria": "Elite"
  },
  {
    "modalidadId": 8,
    "modalidad": "Mujeres Individual",
    "posicion": 2,
    "jugadorId": 1040,
    "nombreJugador": "Elisabeth PRAETORIUS",
    "puntos": 2055,
    "categoriaId": 1,
    "categoria": "Rookie"
  },
  {
    "modalidadId": 8,
    "modalidad": "Mujeres Individual",
    "posicion": 3,
    "jugadorId": 1034,
    "nombreJugador": "Ecaterina SARBULESCU",
    "puntos": 1992,
    "categoriaId": 3,
    "categoria": "Master"
  },
  {
    "modalidadId": 8,
    "modalidad": "Mujeres Individual",
    "posicion": 4,
    "jugadorId": 1082,
    "nombreJugador": "Ângela COSTA",
    "puntos": 1958,
    "categoriaId": 1,
    "categoria": "Rookie"
  },
  {
    "modalidadId": 8,
    "modalidad": "Mujeres Individual",
    "posicion": 5,
    "jugadorId": 1037,
    "nombreJugador": "Malika SENOUCI",
    "puntos": 1593,
    "categoriaId": 2,
    "categoria": "Amater"
  },
  {
    "modalidadId": 8,
    "modalidad": "Mujeres Individual",
    "posicion": 6,
    "jugadorId": 1035,
    "nombreJugador": "Ilana ROBIN",
    "puntos": 1570,
    "categoriaId": 2,
    "categoria": "Amater"
  },
  {
    "modalidadId": 8,
    "modalidad": "Mujeres Individual",
    "posicion": 7,
    "jugadorId": 1323,
    "nombreJugador": "Bianca OLIVEIRA",
    "puntos": 1507,
    "categoriaId": 1,
    "categoria": "Rookie"
  },
  {
    "modalidadId": 8,
    "modalidad": "Mujeres Individual",
    "posicion": 8,
    "jugadorId": 1081,
    "nombreJugador": "Ana NUNES",
    "puntos": 1472,
    "categoriaId": 1,
    "categoria": "Rookie"
  },
  {
    "modalidadId": 8,
    "modalidad": "Mujeres Individual",
    "posicion": 9,
    "jugadorId": 1090,
    "nombreJugador": "Ilnura MUKHAMEDZHANOVA",
    "puntos": 1455,
    "categoriaId": 2,
    "categoria": "Amater"
  },
  {
    "modalidadId": 8,
    "modalidad": "Mujeres Individual",
    "posicion": 10,
    "jugadorId": 878,
    "nombreJugador": "Auguste MARTINENKAITE",
    "puntos": 1452,
    "categoriaId": 2,
    "categoria": "Amater"
  },
  {
    "modalidadId": 8,
    "modalidad": "Mujeres Individual",
    "posicion": 11,
    "jugadorId": 1095,
    "nombreJugador": "Katarzyna KICZKE",
    "puntos": 1402,
    "categoriaId": 1,
    "categoria": "Rookie"
  },
  {
    "modalidadId": 8,
    "modalidad": "Mujeres Individual",
    "posicion": 12,
    "jugadorId": 1227,
    "nombreJugador": "Maria FRANCO",
    "puntos": 936,
    "categoriaId": 1,
    "categoria": "Rookie"
  },
  {
    "modalidadId": 8,
    "modalidad": "Mujeres Individual",
    "posicion": 13,
    "jugadorId": 884,
    "nombreJugador": "Judith MEISTERHANS",
    "puntos": 674,
    "categoriaId": 1,
    "categoria": "Rookie"
  },
  {
    "modalidadId": 8,
    "modalidad": "Mujeres Individual",
    "posicion": 14,
    "jugadorId": 1272,
    "nombreJugador": "Neuza SAINHAS",
    "puntos": 128,
    "categoriaId": 1,
    "categoria": "Rookie"
  }
]
