[
  {
    "modalidadId": 10,
    "modalidad": "Mixto",
    "posicion": 1,
    "jugadorId": 6,
    "nombreJugador": "David GAÑAN TERRON",
    "puntos": 2137,
    "categoriaId": 4,
    "categoria": "Elite"
  },
  {
    "modalidadId": 10,
    "modalidad": "Mixto",
    "posicion": 2,
    "jugadorId": 93,
    "nombreJugador": "Carlos MORALES CONTRERAS",
    "puntos": 2122,
    "categoriaId": 4,
    "categoria": "Elite"
  },
  {
    "modalidadId": 10,
    "modalidad": "Mixto",
    "posicion": 3,
    "jugadorId": 47,
    "nombreJugador": "Angel Luis COBO MUÑOZ",
    "puntos": 1982,
    "categoriaId": 3,
    "categoria": "Master"
  },
  {
    "modalidadId": 10,
    "modalidad": "Mixto",
    "posicion": 4,
    "jugadorId": 5,
    "nombreJugador": "Alberto CARBALLO ROBLES",
    "puntos": 1948,
    "categoriaId": 3,
    "categoria": "Master"
  },
  {
    "modalidadId": 10,
    "modalidad": "Mixto",
    "posicion": 5,
    "jugadorId": 85,
    "nombreJugador": "Bernardo PEREA PEINADO",
    "puntos": 1944,
    "categoriaId": 3,
    "categoria": "Master"
  },
  {
    "modalidadId": 10,
    "modalidad": "Mixto",
    "posicion": 6,
    "jugadorId": 10,
    "nombreJugador": "Jorge GOMEZ LLANO",
    "puntos": 1919,
    "categoriaId": 3,
    "categoria": "Master"
  },
  {
    "modalidadId": 10,
    "modalidad": "Mixto",
    "posicion": 7,
    "jugadorId": 828,
    "nombreJugador": "Alicia CALVO PEREZ",
    "puntos": 1896,
    "categoriaId": 3,
    "categoria": "Master"
  },
  {
    "modalidadId": 10,
    "modalidad": "Mixto",
    "posicion": 8,
    "jugadorId": 11,
    "nombreJugador": "Oscar ARTIAGA LOPEZ",
    "puntos": 1826,
    "categoriaId": 3,
    "categoria": "Master"
  },
  {
    "modalidadId": 10,
    "modalidad": "Mixto",
    "posicion": 9,
    "jugadorId": 969,
    "nombreJugador": "Meli ALTARES TAPIA",
    "puntos": 1730,
    "categoriaId": 1,
    "categoria": "Rookie"
  },
  {
    "modalidadId": 10,
    "modalidad": "Mixto",
    "posicion": 10,
    "jugadorId": 4,
    "nombreJugador": "Hector NUÑEZ SAEZ",
    "puntos": 1727,
    "categoriaId": 3,
    "categoria": "Master"
  },
  {
    "modalidadId": 10,
    "modalidad": "Mixto",
    "posicion": 11,
    "jugadorId": 570,
    "nombreJugador": "Daniel RAMOS LUIS",
    "puntos": 1723,
    "categoriaId": 3,
    "categoria": "Master"
  },
  {
    "modalidadId": 10,
    "modalidad": "Mixto",
    "posicion": 12,
    "jugadorId": 229,
    "nombreJugador": "Jorge CANO LUDEÑA",
    "puntos": 1691,
    "categoriaId": 2,
    "categoria": "Amater"
  },
  {
    "modalidadId": 10,
    "modalidad": "Mixto",
    "posicion": 13,
    "jugadorId": 22,
    "nombreJugador": "Guillermo CORDOBA RAMIRO",
    "puntos": 1663,
    "categoriaId": 1,
    "categoria": "Rookie"
  },
  {
    "modalidadId": 10,
    "modalidad": "Mixto",
    "posicion": 14,
    "jugadorId": 106,
    "nombreJugador": "Juan Francisco MARTINEZ ANDRADE",
    "puntos": 1662,
    "categoriaId": 2,
    "categoria": "Amater"
  },
  {
    "modalidadId": 10,
    "modalidad": "Mixto",
    "posicion": 15,
    "jugadorId": 227,
    "nombreJugador": "Jesus MENENDEZ OLIVARES",
    "puntos": 1577,
    "categoriaId": 2,
    "categoria": "Amater"
  },
  {
    "modalidadId": 10,
    "modalidad": "Mixto",
    "posicion": 16,
    "jugadorId": 114,
    "nombreJugador": "Armando BUENO LOPEZ",
    "puntos": 1482,
    "categoriaId": 2,
    "categoria": "Amater"
  },
  {
    "modalidadId": 10,
    "modalidad": "Mixto",
    "posicion": 17,
    "jugadorId": 468,
    "nombreJugador": "Borja RANZ GONZALEZ",
    "puntos": 1422,
    "categoriaId": 1,
    "categoria": "Rookie"
  },
  {
    "modalidadId": 10,
    "modalidad": "Mixto",
    "posicion": 18,
    "jugadorId": 1217,
    "nombreJugador": "Raquel DEL HOYO",
    "puntos": 1422,
    "categoriaId": 1,
    "categoria": "Rookie"
  },
  {
    "modalidadId": 10,
    "modalidad": "Mixto",
    "posicion": 19,
    "jugadorId": 476,
    "nombreJugador": "Silvia RODRIGUEZ MEDINA",
    "puntos": 1412,
    "categoriaId": 1,
    "categoria": "Rookie"
  },
  {
    "modalidadId": 10,
    "modalidad": "Mixto",
    "posicion": 20,
    "jugadorId": 56,
    "nombreJugador": "Carlos ARCEO YELA",
    "puntos": 1404,
    "categoriaId": 1,
    "categoria": "Rookie"
  },
  {
    "modalidadId": 10,
    "modalidad": "Mixto",
    "posicion": 21,
    "jugadorId": 46,
    "nombreJugador": "Adrian RAMIREZ PINTADO",
    "puntos": 1379,
    "categoriaId": 1,
    "categoria": "Rookie"
  },
  {
    "modalidadId": 10,
    "modalidad": "Mixto",
    "posicion": 22,
    "jugadorId": 467,
    "nombreJugador": "Gustavo RAMOS CUENCA",
    "puntos": 1361,
    "categoriaId": 1,
    "categoria": "Rookie"
  },
  {
    "modalidadId": 10,
    "modalidad": "Mixto",
    "posicion": 23,
    "jugadorId": 782,
    "nombreJugador": "Lucia AREVALO DE JORGE",
    "puntos": 1335,
    "categoriaId": 1,
    "categoria": "Rookie"
  },
  {
    "modalidadId": 10,
    "modalidad": "Mixto",
    "posicion": 24,
    "jugadorId": 225,
    "nombreJugador": "Ivan MAYORGA SANDOVAL",
    "puntos": 1270,
    "categoriaId": 1,
    "categoria": "Rookie"
  },
  {
    "modalidadId": 10,
    "modalidad": "Mixto",
    "posicion": 25,
    "jugadorId": 723,
    "nombreJugador": "Darío ALARCÓN GARCÍA",
    "puntos": 1267,
    "categoriaId": 1,
    "categoria": "Rookie"
  },
  {
    "modalidadId": 10,
    "modalidad": "Mixto",
    "posicion": 26,
    "jugadorId": 788,
    "nombreJugador": "Sara DULCINEA GARCÍA",
    "puntos": 1267,
    "categoriaId": 1,
    "categoria": "Rookie"
  },
  {
    "modalidadId": 10,
    "modalidad": "Mixto",
    "posicion": 27,
    "jugadorId": 340,
    "nombreJugador": "Mari Angeles GARCIA GONZALEZ",
    "puntos": 1265,
    "categoriaId": 1,
    "categoria": "Rookie"
  },
  {
    "modalidadId": 10,
    "modalidad": "Mixto",
    "posicion": 28,
    "jugadorId": 480,
    "nombreJugador": "Juan Manuel ROJO PEREZ",
    "puntos": 1201,
    "categoriaId": 1,
    "categoria": "Rookie"
  },
  {
    "modalidadId": 10,
    "modalidad": "Mixto",
    "posicion": 29,
    "jugadorId": 569,
    "nombreJugador": "Eufrasio PACHECO CABRERA",
    "puntos": 1144,
    "categoriaId": 1,
    "categoria": "Rookie"
  },
  {
    "modalidadId": 10,
    "modalidad": "Mixto",
    "posicion": 30,
    "jugadorId": 695,
    "nombreJugador": "David ALCAZAR GONZALEZ",
    "puntos": 1128,
    "categoriaId": 1,
    "categoria": "Rookie"
  },
  {
    "modalidadId": 10,
    "modalidad": "Mixto",
    "posicion": 31,
    "jugadorId": 829,
    "nombreJugador": "Laura MARTIN AHIJON",
    "puntos": 1128,
    "categoriaId": 1,
    "categoria": "Rookie"
  },
  {
    "modalidadId": 10,
    "modalidad": "Mixto",
    "posicion": 32,
    "jugadorId": 500,
    "nombreJugador": "Antonio SANZ LORENTE",
    "puntos": 1114,
    "categoriaId": 1,
    "categoria": "Rookie"
  },
  {
    "modalidadId": 10,
    "modalidad": "Mixto",
    "posicion": 33,
    "jugadorId": 772,
    "nombreJugador": "Jaime HERNANDO BARBERO",
    "puntos": 1100,
    "categoriaId": 1,
    "categoria": "Rookie"
  },
  {
    "modalidadId": 10,
    "modalidad": "Mixto",
    "posicion": 34,
    "jugadorId": 1045,
    "nombreJugador": "Zule LUTZARDO ALBERTO",
    "puntos": 1092,
    "categoriaId": 1,
    "categoria": "Rookie"
  },
  {
    "modalidadId": 10,
    "modalidad": "Mixto",
    "posicion": 35,
    "jugadorId": 124,
    "nombreJugador": "Miguel AMEZ RIENDAS",
    "puntos": 987,
    "categoriaId": 1,
    "categoria": "Rookie"
  },
  {
    "modalidadId": 10,
    "modalidad": "Mixto",
    "posicion": 36,
    "jugadorId": 767,
    "nombreJugador": "Daniel DEL AMO BERGAZ",
    "puntos": 983,
    "categoriaId": 1,
    "categoria": "Rookie"
  },
  {
    "modalidadId": 10,
    "modalidad": "Mixto",
    "posicion": 37,
    "jugadorId": 614,
    "nombreJugador": "Jordan GONZALEZ REBOSO",
    "puntos": 852,
    "categoriaId": 1,
    "categoria": "Rookie"
  },
  {
    "modalidadId": 10,
    "modalidad": "Mixto",
    "posicion": 38,
    "jugadorId": 759,
    "nombreJugador": "Mario TERRON FUENTES",
    "puntos": 791,
    "categoriaId": 1,
    "categoria": "Rookie"
  },
  {
    "modalidadId": 10,
    "modalidad": "Mixto",
    "posicion": 39,
    "jugadorId": 783,
    "nombreJugador": "Tamara PLANA MONZON",
    "puntos": 791,
    "categoriaId": 1,
    "categoria": "Rookie"
  },
  {
    "modalidadId": 10,
    "modalidad": "Mixto",
    "posicion": 40,
    "jugadorId": 707,
    "nombreJugador": "Hector GARCIA BARROSO",
    "puntos": 755,
    "categoriaId": 1,
    "categoria": "Rookie"
  },
  {
    "modalidadId": 10,
    "modalidad": "Mixto",
    "posicion": 41,
    "jugadorId": 905,
    "nombreJugador": "David MOYANO MORCILLO",
    "puntos": 682,
    "categoriaId": 1,
    "categoria": "Rookie"
  },
  {
    "modalidadId": 10,
    "modalidad": "Mixto",
    "posicion": 42,
    "jugadorId": 1364,
    "nombreJugador": "Eva MOYANO",
    "puntos": 682,
    "categoriaId": 1,
    "categoria": "Rookie"
  },
  {
    "modalidadId": 10,
    "modalidad": "Mixto",
    "posicion": 43,
    "jugadorId": 951,
    "nombreJugador": "Tomas FERNANDEZ ORTEGA",
    "puntos": 593,
    "categoriaId": 1,
    "categoria": "Rookie"
  },
  {
    "modalidadId": 10,
    "modalidad": "Mixto",
    "posicion": 44,
    "jugadorId": 1297,
    "nombreJugador": "Juana GUIRAO SÁNCHEZ",
    "puntos": 593,
    "categoriaId": 1,
    "categoria": "Rookie"
  },
  {
    "modalidadId": 10,
    "modalidad": "Mixto",
    "posicion": 45,
    "jugadorId": 808,
    "nombreJugador": "Javier ALFONSO MONTOYA",
    "puntos": 573,
    "categoriaId": 1,
    "categoria": "Rookie"
  },
  {
    "modalidadId": 10,
    "modalidad": "Mixto",
    "posicion": 46,
    "jugadorId": 850,
    "nombreJugador": "Susana SANTOS VICTOR",
    "puntos": 573,
    "categoriaId": 1,
    "categoria": "Rookie"
  },
  {
    "modalidadId": 10,
    "modalidad": "Mixto",
    "posicion": 47,
    "jugadorId": 300,
    "nombreJugador": "Ana Maria COPADO ALONSO",
    "puntos": 528,
    "categoriaId": 1,
    "categoria": "Rookie"
  },
  {
    "modalidadId": 10,
    "modalidad": "Mixto",
    "posicion": 48,
    "jugadorId": 311,
    "nombreJugador": "Miguel DE OPAZO",
    "puntos": 528,
    "categoriaId": 1,
    "categoria": "Rookie"
  },
  {
    "modalidadId": 10,
    "modalidad": "Mixto",
    "posicion": 49,
    "jugadorId": 343,
    "nombreJugador": "JESÚS GARCÍA CONDE",
    "puntos": 455,
    "categoriaId": 1,
    "categoria": "Rookie"
  },
  {
    "modalidadId": 10,
    "modalidad": "Mixto",
    "posicion": 50,
    "jugadorId": 903,
    "nombreJugador": "Carlos SUAU BESTARD",
    "puntos": 375,
    "categoriaId": 1,
    "categoria": "Rookie"
  },
  {
    "modalidadId": 10,
    "modalidad": "Mixto",
    "posicion": 51,
    "jugadorId": 1329,
    "nombreJugador": "Neus SUAU NAVAS",
    "puntos": 375,
    "categoriaId": 1,
    "categoria": "Rookie"
  },
  {
    "modalidadId": 10,
    "modalidad": "Mixto",
    "posicion": 52,
    "jugadorId": 917,
    "nombreJugador": "Marc SUAU NAVA",
    "puntos": 308,
    "categoriaId": 1,
    "categoria": "Rookie"
  },
  {
    "modalidadId": 10,
    "modalidad": "Mixto",
    "posicion": 53,
    "jugadorId": 940,
    "nombreJugador": "Marga DOLC",
    "puntos": 308,
    "categoriaId": 1,
    "categoria": "Rookie"
  },
  {
    "modalidadId": 10,
    "modalidad": "Mixto",
    "posicion": 54,
    "jugadorId": 177,
    "nombreJugador": "Angel Luis COBO MORALES",
    "puntos": 291,
    "categoriaId": 1,
    "categoria": "Rookie"
  },
  {
    "modalidadId": 10,
    "modalidad": "Mixto",
    "posicion": 55,
    "jugadorId": 647,
    "nombreJugador": "Aitor CANADA",
    "puntos": 49,
    "categoriaId": 1,
    "categoria": "Rookie"
  }
]
