[
  {
    "modalidadId": 5,
    "modalidad": "Junior Dobles",
    "posicion": 1,
    "jugadorId": 885,
    "nombreJugador": "Lenne MIRANDA",
    "puntos": 2343,
    "categoriaId": 4,
    "categoria": "Elite"
  },
  {
    "modalidadId": 5,
    "modalidad": "Junior Dobles",
    "posicion": 2,
    "jugadorId": 880,
    "nombreJugador": "Brenn MIRANDA",
    "puntos": 2183,
    "categoriaId": 4,
    "categoria": "Elite"
  },
  {
    "modalidadId": 5,
    "modalidad": "Junior Dobles",
    "posicion": 3,
    "jugadorId": 1356,
    "nombreJugador": "Rayan GHILENNE",
    "puntos": 0,
    "categoriaId": 1,
    "categoria": "Rookie"
  }
]
