[
  {
    "modalidadId": 7,
    "modalidad": "Mujeres Dobles",
    "posicion": 1,
    "jugadorId": 1040,
    "nombreJugador": "Elisabeth PRAETORIUS",
    "puntos": 2303,
    "categoriaId": 3,
    "categoria": "Master"
  },
  {
    "modalidadId": 7,
    "modalidad": "Mujeres Dobles",
    "posicion": 2,
    "jugadorId": 1090,
    "nombreJugador": "Ilnura MUKHAMEDZHANOVA",
    "puntos": 1993,
    "categoriaId": 2,
    "categoria": "Amater"
  },
  {
    "modalidadId": 7,
    "modalidad": "Mujeres Dobles",
    "posicion": 3,
    "jugadorId": 884,
    "nombreJugador": "Judith MEISTERHANS",
    "puntos": 1915,
    "categoriaId": 3,
    "categoria": "Master"
  },
  {
    "modalidadId": 7,
    "modalidad": "Mujeres Dobles",
    "posicion": 4,
    "jugadorId": 1095,
    "nombreJugador": "Katarzyna KICZKE",
    "puntos": 1898,
    "categoriaId": 3,
    "categoria": "Master"
  },
  {
    "modalidadId": 7,
    "modalidad": "Mujeres Dobles",
    "posicion": 5,
    "jugadorId": 1039,
    "nombreJugador": "Radostina LYUBOMIROVA",
    "puntos": 1736,
    "categoriaId": 3,
    "categoria": "Master"
  },
  {
    "modalidadId": 7,
    "modalidad": "Mujeres Dobles",
    "posicion": 6,
    "jugadorId": 1034,
    "nombreJugador": "Ecaterina SARBULESCU",
    "puntos": 1719,
    "categoriaId": 3,
    "categoria": "Master"
  },
  {
    "modalidadId": 7,
    "modalidad": "Mujeres Dobles",
    "posicion": 7,
    "jugadorId": 1082,
    "nombreJugador": "Ângela COSTA",
    "puntos": 1713,
    "categoriaId": 1,
    "categoria": "Rookie"
  },
  {
    "modalidadId": 7,
    "modalidad": "Mujeres Dobles",
    "posicion": 8,
    "jugadorId": 1035,
    "nombreJugador": "Ilana ROBIN",
    "puntos": 1655,
    "categoriaId": 3,
    "categoria": "Master"
  },
  {
    "modalidadId": 7,
    "modalidad": "Mujeres Dobles",
    "posicion": 9,
    "jugadorId": 1081,
    "nombreJugador": "Ana NUNES",
    "puntos": 1648,
    "categoriaId": 1,
    "categoria": "Rookie"
  },
  {
    "modalidadId": 7,
    "modalidad": "Mujeres Dobles",
    "posicion": 10,
    "jugadorId": 1037,
    "nombreJugador": "Malika SENOUCI",
    "puntos": 1535,
    "categoriaId": 2,
    "categoria": "Amater"
  },
  {
    "modalidadId": 7,
    "modalidad": "Mujeres Dobles",
    "posicion": 11,
    "jugadorId": 878,
    "nombreJugador": "Auguste MARTINENKAITE",
    "puntos": 1338,
    "categoriaId": 1,
    "categoria": "Rookie"
  },
  {
    "modalidadId": 7,
    "modalidad": "Mujeres Dobles",
    "posicion": 12,
    "jugadorId": 1227,
    "nombreJugador": "Maria FRANCO",
    "puntos": 1319,
    "categoriaId": 1,
    "categoria": "Rookie"
  },
  {
    "modalidadId": 7,
    "modalidad": "Mujeres Dobles",
    "posicion": 13,
    "jugadorId": 1272,
    "nombreJugador": "Neuza SAINHAS",
    "puntos": 786,
    "categoriaId": 1,
    "categoria": "Rookie"
  },
  {
    "modalidadId": 7,
    "modalidad": "Mujeres Dobles",
    "posicion": 14,
    "jugadorId": 1323,
    "nombreJugador": "Bianca OLIVEIRA",
    "puntos": 718,
    "categoriaId": 1,
    "categoria": "Rookie"
  }
]
