[
  {
    "modalidadId": 7,
    "modalidad": "Mujeres Dobles",
    "posicion": 1,
    "jugadorId": 476,
    "nombreJugador": "Silvia RODRIGUEZ MEDINA",
    "puntos": 2066,
    "categoriaId": 3,
    "categoria": "Master"
  },
  {
    "modalidadId": 7,
    "modalidad": "Mujeres Dobles",
    "posicion": 2,
    "jugadorId": 340,
    "nombreJugador": "Mari Angeles GARCIA GONZALEZ",
    "puntos": 1929,
    "categoriaId": 4,
    "categoria": "Elite"
  },
  {
    "modalidadId": 7,
    "modalidad": "Mujeres Dobles",
    "posicion": 3,
    "jugadorId": 828,
    "nombreJugador": "Alicia CALVO PEREZ",
    "puntos": 1673,
    "categoriaId": 2,
    "categoria": "Amater"
  },
  {
    "modalidadId": 7,
    "modalidad": "Mujeres Dobles",
    "posicion": 4,
    "jugadorId": 969,
    "nombreJugador": "Meli ALTARES TAPIA",
    "puntos": 1590,
    "categoriaId": 2,
    "categoria": "Amater"
  },
  {
    "modalidadId": 7,
    "modalidad": "Mujeres Dobles",
    "posicion": 5,
    "jugadorId": 783,
    "nombreJugador": "Tamara PLANA MONZON",
    "puntos": 1296,
    "categoriaId": 1,
    "categoria": "Rookie"
  },
  {
    "modalidadId": 7,
    "modalidad": "Mujeres Dobles",
    "posicion": 6,
    "jugadorId": 1045,
    "nombreJugador": "Zule LUTZARDO ALBERTO",
    "puntos": 1286,
    "categoriaId": 1,
    "categoria": "Rookie"
  },
  {
    "modalidadId": 7,
    "modalidad": "Mujeres Dobles",
    "posicion": 7,
    "jugadorId": 300,
    "nombreJugador": "Ana Maria COPADO ALONSO",
    "puntos": 1212,
    "categoriaId": 1,
    "categoria": "Rookie"
  },
  {
    "modalidadId": 7,
    "modalidad": "Mujeres Dobles",
    "posicion": 8,
    "jugadorId": 1217,
    "nombreJugador": "Raquel DEL HOYO",
    "puntos": 1167,
    "categoriaId": 1,
    "categoria": "Rookie"
  },
  {
    "modalidadId": 7,
    "modalidad": "Mujeres Dobles",
    "posicion": 9,
    "jugadorId": 788,
    "nombreJugador": "Sara DULCINEA GARCÍA",
    "puntos": 907,
    "categoriaId": 1,
    "categoria": "Rookie"
  },
  {
    "modalidadId": 7,
    "modalidad": "Mujeres Dobles",
    "posicion": 10,
    "jugadorId": 896,
    "nombreJugador": "Laura AGULLEIRO CÁNOVAS",
    "puntos": 751,
    "categoriaId": 1,
    "categoria": "Rookie"
  },
  {
    "modalidadId": 7,
    "modalidad": "Mujeres Dobles",
    "posicion": 11,
    "jugadorId": 848,
    "nombreJugador": "Eva SANCHEZ CARRASCO",
    "puntos": 662,
    "categoriaId": 1,
    "categoria": "Rookie"
  },
  {
    "modalidadId": 7,
    "modalidad": "Mujeres Dobles",
    "posicion": 12,
    "jugadorId": 849,
    "nombreJugador": "Leire CONCEPCION SANCHEZ",
    "puntos": 662,
    "categoriaId": 1,
    "categoria": "Rookie"
  },
  {
    "modalidadId": 7,
    "modalidad": "Mujeres Dobles",
    "posicion": 13,
    "jugadorId": 782,
    "nombreJugador": "Lucia AREVALO DE JORGE",
    "puntos": 615,
    "categoriaId": 1,
    "categoria": "Rookie"
  },
  {
    "modalidadId": 7,
    "modalidad": "Mujeres Dobles",
    "posicion": 14,
    "jugadorId": 1115,
    "nombreJugador": "Jimena LOPEZ BAYO",
    "puntos": 368,
    "categoriaId": 1,
    "categoria": "Rookie"
  },
  {
    "modalidadId": 7,
    "modalidad": "Mujeres Dobles",
    "posicion": 15,
    "jugadorId": 1329,
    "nombreJugador": "Neus SUAU NAVAS",
    "puntos": 325,
    "categoriaId": 1,
    "categoria": "Rookie"
  },
  {
    "modalidadId": 7,
    "modalidad": "Mujeres Dobles",
    "posicion": 16,
    "jugadorId": 1153,
    "nombreJugador": "Margarita CARREÑO HORRACH",
    "puntos": 0,
    "categoriaId": 1,
    "categoria": "Rookie"
  }
]
