[
  {
    "modalidadId": 1,
    "modalidad": "Individual",
    "posicion": 1,
    "jugadorId": 6,
    "nombreJugador": "David GAÑAN TERRON",
    "puntos": 2235,
    "categoriaId": 5,
    "categoria": "Elite GM"
  },
  {
    "modalidadId": 1,
    "modalidad": "Individual",
    "posicion": 2,
    "jugadorId": 22,
    "nombreJugador": "Guillermo CORDOBA RAMIRO",
    "puntos": 2226,
    "categoriaId": 5,
    "categoria": "Elite GM"
  },
  {
    "modalidadId": 1,
    "modalidad": "Individual",
    "posicion": 3,
    "jugadorId": 570,
    "nombreJugador": "Daniel RAMOS LUIS",
    "puntos": 2222,
    "categoriaId": 4,
    "categoria": "Elite"
  },
  {
    "modalidadId": 1,
    "modalidad": "Individual",
    "posicion": 4,
    "jugadorId": 10,
    "nombreJugador": "Jorge GOMEZ LLANO",
    "puntos": 2202,
    "categoriaId": 5,
    "categoria": "Elite GM"
  },
  {
    "modalidadId": 1,
    "modalidad": "Individual",
    "posicion": 5,
    "jugadorId": 93,
    "nombreJugador": "Carlos MORALES CONTRERAS",
    "puntos": 2143,
    "categoriaId": 4,
    "categoria": "Elite"
  },
  {
    "modalidadId": 1,
    "modalidad": "Individual",
    "posicion": 6,
    "jugadorId": 614,
    "nombreJugador": "Jordan GONZALEZ REBOSO",
    "puntos": 2130,
    "categoriaId": 5,
    "categoria": "Elite GM"
  },
  {
    "modalidadId": 1,
    "modalidad": "Individual",
    "posicion": 7,
    "jugadorId": 4,
    "nombreJugador": "Hector NUÑEZ SAEZ",
    "puntos": 2106,
    "categoriaId": 5,
    "categoria": "Elite GM"
  },
  {
    "modalidadId": 1,
    "modalidad": "Individual",
    "posicion": 8,
    "jugadorId": 106,
    "nombreJugador": "Juan Francisco MARTINEZ ANDRADE",
    "puntos": 2040,
    "categoriaId": 5,
    "categoria": "Elite GM"
  },
  {
    "modalidadId": 1,
    "modalidad": "Individual",
    "posicion": 9,
    "jugadorId": 85,
    "nombreJugador": "Bernardo PEREA PEINADO",
    "puntos": 2013,
    "categoriaId": 3,
    "categoria": "Master"
  },
  {
    "modalidadId": 1,
    "modalidad": "Individual",
    "posicion": 10,
    "jugadorId": 26,
    "nombreJugador": "Angel SÁNCHEZ JIMENEZ",
    "puntos": 2011,
    "categoriaId": 3,
    "categoria": "Master"
  },
  {
    "modalidadId": 1,
    "modalidad": "Individual",
    "posicion": 11,
    "jugadorId": 343,
    "nombreJugador": "JESÚS GARCÍA CONDE",
    "puntos": 2000,
    "categoriaId": 3,
    "categoria": "Master"
  },
  {
    "modalidadId": 1,
    "modalidad": "Individual",
    "posicion": 12,
    "jugadorId": 651,
    "nombreJugador": "Javier PARADA PARADA",
    "puntos": 1986,
    "categoriaId": 3,
    "categoria": "Master"
  },
  {
    "modalidadId": 1,
    "modalidad": "Individual",
    "posicion": 13,
    "jugadorId": 5,
    "nombreJugador": "Alberto CARBALLO ROBLES",
    "puntos": 1945,
    "categoriaId": 3,
    "categoria": "Master"
  },
  {
    "modalidadId": 1,
    "modalidad": "Individual",
    "posicion": 14,
    "jugadorId": 56,
    "nombreJugador": "Carlos ARCEO YELA",
    "puntos": 1918,
    "categoriaId": 3,
    "categoria": "Master"
  },
  {
    "modalidadId": 1,
    "modalidad": "Individual",
    "posicion": 15,
    "jugadorId": 652,
    "nombreJugador": "Jose angel PARADA PARADA",
    "puntos": 1907,
    "categoriaId": 3,
    "categoria": "Master"
  },
  {
    "modalidadId": 1,
    "modalidad": "Individual",
    "posicion": 16,
    "jugadorId": 47,
    "nombreJugador": "Angel Luis COBO MUÑOZ",
    "puntos": 1905,
    "categoriaId": 3,
    "categoria": "Master"
  },
  {
    "modalidadId": 1,
    "modalidad": "Individual",
    "posicion": 17,
    "jugadorId": 746,
    "nombreJugador": "Borja GARCÍA ALTAVER",
    "puntos": 1889,
    "categoriaId": 3,
    "categoria": "Master"
  },
  {
    "modalidadId": 1,
    "modalidad": "Individual",
    "posicion": 18,
    "jugadorId": 206,
    "nombreJugador": "Francisco CRISTOBAL MARTINEZ",
    "puntos": 1812,
    "categoriaId": 3,
    "categoria": "Master"
  },
  {
    "modalidadId": 1,
    "modalidad": "Individual",
    "posicion": 19,
    "jugadorId": 11,
    "nombreJugador": "Oscar ARTIAGA LOPEZ",
    "puntos": 1802,
    "categoriaId": 3,
    "categoria": "Master"
  },
  {
    "modalidadId": 1,
    "modalidad": "Individual",
    "posicion": 20,
    "jugadorId": 3,
    "nombreJugador": "David NIETO HERNANDEZ",
    "puntos": 1800,
    "categoriaId": 3,
    "categoria": "Master"
  },
  {
    "modalidadId": 1,
    "modalidad": "Individual",
    "posicion": 21,
    "jugadorId": 569,
    "nombreJugador": "Eufrasio PACHECO CABRERA",
    "puntos": 1799,
    "categoriaId": 3,
    "categoria": "Master"
  },
  {
    "modalidadId": 1,
    "modalidad": "Individual",
    "posicion": 22,
    "jugadorId": 480,
    "nombreJugador": "Juan Manuel ROJO PEREZ",
    "puntos": 1798,
    "categoriaId": 3,
    "categoria": "Master"
  },
  {
    "modalidadId": 1,
    "modalidad": "Individual",
    "posicion": 23,
    "jugadorId": 567,
    "nombreJugador": "Ruyman HERNANDEZ MOLEIRO",
    "puntos": 1777,
    "categoriaId": 3,
    "categoria": "Master"
  },
  {
    "modalidadId": 1,
    "modalidad": "Individual",
    "posicion": 24,
    "jugadorId": 46,
    "nombreJugador": "Adrian RAMIREZ PINTADO",
    "puntos": 1768,
    "categoriaId": 3,
    "categoria": "Master"
  },
  {
    "modalidadId": 1,
    "modalidad": "Individual",
    "posicion": 25,
    "jugadorId": 177,
    "nombreJugador": "Angel Luis COBO MORALES",
    "puntos": 1755,
    "categoriaId": 3,
    "categoria": "Master"
  },
  {
    "modalidadId": 1,
    "modalidad": "Individual",
    "posicion": 26,
    "jugadorId": 227,
    "nombreJugador": "Jesus MENENDEZ OLIVARES",
    "puntos": 1749,
    "categoriaId": 3,
    "categoria": "Master"
  },
  {
    "modalidadId": 1,
    "modalidad": "Individual",
    "posicion": 27,
    "jugadorId": 28,
    "nombreJugador": "Agustin MENDOZA RAMOS",
    "puntos": 1715,
    "categoriaId": 3,
    "categoria": "Master"
  },
  {
    "modalidadId": 1,
    "modalidad": "Individual",
    "posicion": 28,
    "jugadorId": 687,
    "nombreJugador": "Alberto VILÁ PÉREZ",
    "puntos": 1713,
    "categoriaId": 3,
    "categoria": "Master"
  },
  {
    "modalidadId": 1,
    "modalidad": "Individual",
    "posicion": 29,
    "jugadorId": 21,
    "nombreJugador": "Angel DEL POZO BULLIDO",
    "puntos": 1700,
    "categoriaId": 3,
    "categoria": "Master"
  },
  {
    "modalidadId": 1,
    "modalidad": "Individual",
    "posicion": 30,
    "jugadorId": 647,
    "nombreJugador": "Aitor CANADA",
    "puntos": 1700,
    "categoriaId": 3,
    "categoria": "Master"
  },
  {
    "modalidadId": 1,
    "modalidad": "Individual",
    "posicion": 31,
    "jugadorId": 500,
    "nombreJugador": "Antonio SANZ LORENTE",
    "puntos": 1700,
    "categoriaId": 3,
    "categoria": "Master"
  },
  {
    "modalidadId": 1,
    "modalidad": "Individual",
    "posicion": 32,
    "jugadorId": 360,
    "nombreJugador": "Daniel GONZALEZ ALONSO",
    "puntos": 1700,
    "categoriaId": 3,
    "categoria": "Master"
  },
  {
    "modalidadId": 1,
    "modalidad": "Individual",
    "posicion": 33,
    "jugadorId": 712,
    "nombreJugador": "David FLORES GONZALEZ",
    "puntos": 1700,
    "categoriaId": 3,
    "categoria": "Master"
  },
  {
    "modalidadId": 1,
    "modalidad": "Individual",
    "posicion": 34,
    "jugadorId": 706,
    "nombreJugador": "Ivan GARCIA AHIJON",
    "puntos": 1656,
    "categoriaId": 2,
    "categoria": "Amater"
  },
  {
    "modalidadId": 1,
    "modalidad": "Individual",
    "posicion": 35,
    "jugadorId": 617,
    "nombreJugador": "Orlando GUILLEN DIAZ",
    "puntos": 1652,
    "categoriaId": 3,
    "categoria": "Master"
  },
  {
    "modalidadId": 1,
    "modalidad": "Individual",
    "posicion": 36,
    "jugadorId": 114,
    "nombreJugador": "Armando BUENO LOPEZ",
    "puntos": 1647,
    "categoriaId": 2,
    "categoria": "Amater"
  },
  {
    "modalidadId": 1,
    "modalidad": "Individual",
    "posicion": 37,
    "jugadorId": 229,
    "nombreJugador": "Jorge CANO LUDEÑA",
    "puntos": 1596,
    "categoriaId": 2,
    "categoria": "Amater"
  },
  {
    "modalidadId": 1,
    "modalidad": "Individual",
    "posicion": 38,
    "jugadorId": 695,
    "nombreJugador": "David ALCAZAR GONZALEZ",
    "puntos": 1565,
    "categoriaId": 2,
    "categoria": "Amater"
  },
  {
    "modalidadId": 1,
    "modalidad": "Individual",
    "posicion": 39,
    "jugadorId": 72,
    "nombreJugador": "Sergio CHILOECHES",
    "puntos": 1530,
    "categoriaId": 2,
    "categoria": "Amater"
  },
  {
    "modalidadId": 1,
    "modalidad": "Individual",
    "posicion": 40,
    "jugadorId": 690,
    "nombreJugador": "Arturo SANCHEZ FERNANDEZ",
    "puntos": 1524,
    "categoriaId": 2,
    "categoria": "Amater"
  },
  {
    "modalidadId": 1,
    "modalidad": "Individual",
    "posicion": 41,
    "jugadorId": 949,
    "nombreJugador": "Daniel GUTIERREZ LOPEZ",
    "puntos": 1518,
    "categoriaId": 2,
    "categoria": "Amater"
  },
  {
    "modalidadId": 1,
    "modalidad": "Individual",
    "posicion": 42,
    "jugadorId": 230,
    "nombreJugador": "Jose Angel PEINADO",
    "puntos": 1512,
    "categoriaId": 2,
    "categoria": "Amater"
  },
  {
    "modalidadId": 1,
    "modalidad": "Individual",
    "posicion": 43,
    "jugadorId": 689,
    "nombreJugador": "Alexis LAMAS GARCIA",
    "puntos": 1503,
    "categoriaId": 2,
    "categoria": "Amater"
  },
  {
    "modalidadId": 1,
    "modalidad": "Individual",
    "posicion": 44,
    "jugadorId": 627,
    "nombreJugador": "Reza SALEHI SALEHI",
    "puntos": 1493,
    "categoriaId": 2,
    "categoria": "Amater"
  },
  {
    "modalidadId": 1,
    "modalidad": "Individual",
    "posicion": 45,
    "jugadorId": 124,
    "nombreJugador": "Miguel AMEZ RIENDAS",
    "puntos": 1492,
    "categoriaId": 2,
    "categoria": "Amater"
  },
  {
    "modalidadId": 1,
    "modalidad": "Individual",
    "posicion": 46,
    "jugadorId": 694,
    "nombreJugador": "Raul PEREZ MARTINEZ",
    "puntos": 1478,
    "categoriaId": 2,
    "categoria": "Amater"
  },
  {
    "modalidadId": 1,
    "modalidad": "Individual",
    "posicion": 47,
    "jugadorId": 140,
    "nombreJugador": "Silvestre ROSA REY",
    "puntos": 1465,
    "categoriaId": 2,
    "categoria": "Amater"
  },
  {
    "modalidadId": 1,
    "modalidad": "Individual",
    "posicion": 48,
    "jugadorId": 691,
    "nombreJugador": "David ALDEANO RUIZ",
    "puntos": 1450,
    "categoriaId": 2,
    "categoria": "Amater"
  },
  {
    "modalidadId": 1,
    "modalidad": "Individual",
    "posicion": 49,
    "jugadorId": 612,
    "nombreJugador": "Agapito GONZALEZ MARTIN",
    "puntos": 1449,
    "categoriaId": 2,
    "categoria": "Amater"
  },
  {
    "modalidadId": 1,
    "modalidad": "Individual",
    "posicion": 50,
    "jugadorId": 82,
    "nombreJugador": "Felix VILLANUEVA REILLO",
    "puntos": 1446,
    "categoriaId": 2,
    "categoria": "Amater"
  },
  {
    "modalidadId": 1,
    "modalidad": "Individual",
    "posicion": 51,
    "jugadorId": 226,
    "nombreJugador": "Jesus LEON GONZALEZ",
    "puntos": 1411,
    "categoriaId": 1,
    "categoria": "Rookie"
  },
  {
    "modalidadId": 1,
    "modalidad": "Individual",
    "posicion": 52,
    "jugadorId": 401,
    "nombreJugador": "Sergio  MAGDALENO GOMEZ",
    "puntos": 1402,
    "categoriaId": 1,
    "categoria": "Rookie"
  },
  {
    "modalidadId": 1,
    "modalidad": "Individual",
    "posicion": 53,
    "jugadorId": 468,
    "nombreJugador": "Borja RANZ GONZALEZ",
    "puntos": 1393,
    "categoriaId": 1,
    "categoria": "Rookie"
  },
  {
    "modalidadId": 1,
    "modalidad": "Individual",
    "posicion": 54,
    "jugadorId": 743,
    "nombreJugador": "Álvaro GARCÍA ALTAVER",
    "puntos": 1386,
    "categoriaId": 1,
    "categoria": "Rookie"
  },
  {
    "modalidadId": 1,
    "modalidad": "Individual",
    "posicion": 55,
    "jugadorId": 434,
    "nombreJugador": "Antonio  NAVARRO PACHECA",
    "puntos": 1381,
    "categoriaId": 1,
    "categoria": "Rookie"
  },
  {
    "modalidadId": 1,
    "modalidad": "Individual",
    "posicion": 56,
    "jugadorId": 540,
    "nombreJugador": "David GUTIERREZ CAMINO",
    "puntos": 1284,
    "categoriaId": 1,
    "categoria": "Rookie"
  },
  {
    "modalidadId": 1,
    "modalidad": "Individual",
    "posicion": 57,
    "jugadorId": 991,
    "nombreJugador": "Santiago FERNANDEZ GAYO",
    "puntos": 1283,
    "categoriaId": 1,
    "categoria": "Rookie"
  },
  {
    "modalidadId": 1,
    "modalidad": "Individual",
    "posicion": 58,
    "jugadorId": 300,
    "nombreJugador": "Ana Maria COPADO ALONSO",
    "puntos": 1275,
    "categoriaId": 1,
    "categoria": "Rookie"
  },
  {
    "modalidadId": 1,
    "modalidad": "Individual",
    "posicion": 59,
    "jugadorId": 225,
    "nombreJugador": "Ivan MAYORGA SANDOVAL",
    "puntos": 1271,
    "categoriaId": 1,
    "categoria": "Rookie"
  },
  {
    "modalidadId": 1,
    "modalidad": "Individual",
    "posicion": 60,
    "jugadorId": 723,
    "nombreJugador": "Darío ALARCÓN GARCÍA",
    "puntos": 1261,
    "categoriaId": 1,
    "categoria": "Rookie"
  },
  {
    "modalidadId": 1,
    "modalidad": "Individual",
    "posicion": 61,
    "jugadorId": 340,
    "nombreJugador": "Mari Angeles GARCIA GONZALEZ",
    "puntos": 1242,
    "categoriaId": 1,
    "categoria": "Rookie"
  },
  {
    "modalidadId": 1,
    "modalidad": "Individual",
    "posicion": 62,
    "jugadorId": 295,
    "nombreJugador": "Ismael CID GARCIA",
    "puntos": 1221,
    "categoriaId": 1,
    "categoria": "Rookie"
  },
  {
    "modalidadId": 1,
    "modalidad": "Individual",
    "posicion": 63,
    "jugadorId": 15,
    "nombreJugador": "Roberto PARRALEJO",
    "puntos": 1218,
    "categoriaId": 1,
    "categoria": "Rookie"
  },
  {
    "modalidadId": 1,
    "modalidad": "Individual",
    "posicion": 64,
    "jugadorId": 707,
    "nombreJugador": "Hector GARCIA BARROSO",
    "puntos": 1201,
    "categoriaId": 1,
    "categoria": "Rookie"
  },
  {
    "modalidadId": 1,
    "modalidad": "Individual",
    "posicion": 65,
    "jugadorId": 696,
    "nombreJugador": "Carlos ALGOBIA",
    "puntos": 1199,
    "categoriaId": 1,
    "categoria": "Rookie"
  },
  {
    "modalidadId": 1,
    "modalidad": "Individual",
    "posicion": 66,
    "jugadorId": 1103,
    "nombreJugador": "Aurelio JIMÉNEZ RAMOS",
    "puntos": 1185,
    "categoriaId": 1,
    "categoria": "Rookie"
  },
  {
    "modalidadId": 1,
    "modalidad": "Individual",
    "posicion": 67,
    "jugadorId": 42,
    "nombreJugador": "Sergio MARTIN GOMEZ",
    "puntos": 1176,
    "categoriaId": 1,
    "categoria": "Rookie"
  },
  {
    "modalidadId": 1,
    "modalidad": "Individual",
    "posicion": 68,
    "jugadorId": 897,
    "nombreJugador": "Tomas FERNANDEZ GUIRAO",
    "puntos": 1141,
    "categoriaId": 1,
    "categoria": "Rookie"
  },
  {
    "modalidadId": 1,
    "modalidad": "Individual",
    "posicion": 69,
    "jugadorId": 311,
    "nombreJugador": "Miguel DE OPAZO",
    "puntos": 1111,
    "categoriaId": 1,
    "categoria": "Rookie"
  },
  {
    "modalidadId": 1,
    "modalidad": "Individual",
    "posicion": 70,
    "jugadorId": 828,
    "nombreJugador": "Alicia CALVO PEREZ",
    "puntos": 1094,
    "categoriaId": 1,
    "categoria": "Rookie"
  },
  {
    "modalidadId": 1,
    "modalidad": "Individual",
    "posicion": 71,
    "jugadorId": 467,
    "nombreJugador": "Gustavo RAMOS CUENCA",
    "puntos": 1083,
    "categoriaId": 1,
    "categoria": "Rookie"
  },
  {
    "modalidadId": 1,
    "modalidad": "Individual",
    "posicion": 72,
    "jugadorId": 487,
    "nombreJugador": "Javier RUIZ",
    "puntos": 1057,
    "categoriaId": 1,
    "categoria": "Rookie"
  },
  {
    "modalidadId": 1,
    "modalidad": "Individual",
    "posicion": 73,
    "jugadorId": 950,
    "nombreJugador": "Sebastian CHERNY CASSIN",
    "puntos": 1050,
    "categoriaId": 1,
    "categoria": "Rookie"
  },
  {
    "modalidadId": 1,
    "modalidad": "Individual",
    "posicion": 74,
    "jugadorId": 951,
    "nombreJugador": "Tomas FERNANDEZ ORTEGA",
    "puntos": 970,
    "categoriaId": 1,
    "categoria": "Rookie"
  },
  {
    "modalidadId": 1,
    "modalidad": "Individual",
    "posicion": 75,
    "jugadorId": 1044,
    "nombreJugador": "Oscar MARTINEZ NICOLAS",
    "puntos": 948,
    "categoriaId": 1,
    "categoria": "Rookie"
  },
  {
    "modalidadId": 1,
    "modalidad": "Individual",
    "posicion": 76,
    "jugadorId": 969,
    "nombreJugador": "Meli ALTARES TAPIA",
    "puntos": 898,
    "categoriaId": 1,
    "categoria": "Rookie"
  },
  {
    "modalidadId": 1,
    "modalidad": "Individual",
    "posicion": 77,
    "jugadorId": 488,
    "nombreJugador": "Mariano RUÍZ RODRÍGUEZ",
    "puntos": 891,
    "categoriaId": 1,
    "categoria": "Rookie"
  },
  {
    "modalidadId": 1,
    "modalidad": "Individual",
    "posicion": 78,
    "jugadorId": 1045,
    "nombreJugador": "Zule LUTZARDO ALBERTO",
    "puntos": 850,
    "categoriaId": 1,
    "categoria": "Rookie"
  },
  {
    "modalidadId": 1,
    "modalidad": "Individual",
    "posicion": 79,
    "jugadorId": 760,
    "nombreJugador": "Miguel JIMÉNEZ TORRES",
    "puntos": 824,
    "categoriaId": 1,
    "categoria": "Rookie"
  },
  {
    "modalidadId": 1,
    "modalidad": "Individual",
    "posicion": 80,
    "jugadorId": 1102,
    "nombreJugador": "Abel SANCHEZ CUCHANERO",
    "puntos": 823,
    "categoriaId": 1,
    "categoria": "Rookie"
  },
  {
    "modalidadId": 1,
    "modalidad": "Individual",
    "posicion": 81,
    "jugadorId": 903,
    "nombreJugador": "Carlos SUAU BESTARD",
    "puntos": 801,
    "categoriaId": 1,
    "categoria": "Rookie"
  },
  {
    "modalidadId": 1,
    "modalidad": "Individual",
    "posicion": 82,
    "jugadorId": 1154,
    "nombreJugador": "Julián GIL VIYUELA",
    "puntos": 792,
    "categoriaId": 1,
    "categoria": "Rookie"
  },
  {
    "modalidadId": 1,
    "modalidad": "Individual",
    "posicion": 83,
    "jugadorId": 1340,
    "nombreJugador": "Jorge MUÑOZ SANCHEZ",
    "puntos": 760,
    "categoriaId": 1,
    "categoria": "Rookie"
  },
  {
    "modalidadId": 1,
    "modalidad": "Individual",
    "posicion": 84,
    "jugadorId": 898,
    "nombreJugador": "Aitor IDARRABA BERRIGUETE",
    "puntos": 714,
    "categoriaId": 1,
    "categoria": "Rookie"
  },
  {
    "modalidadId": 1,
    "modalidad": "Individual",
    "posicion": 85,
    "jugadorId": 698,
    "nombreJugador": "Ricardo LEAL DAMAS",
    "puntos": 712,
    "categoriaId": 1,
    "categoria": "Rookie"
  },
  {
    "modalidadId": 1,
    "modalidad": "Individual",
    "posicion": 86,
    "jugadorId": 319,
    "nombreJugador": "Hicham FENNI RHOUZALI",
    "puntos": 608,
    "categoriaId": 1,
    "categoria": "Rookie"
  },
  {
    "modalidadId": 1,
    "modalidad": "Individual",
    "posicion": 87,
    "jugadorId": 759,
    "nombreJugador": "Mario TERRON FUENTES",
    "puntos": 605,
    "categoriaId": 1,
    "categoria": "Rookie"
  },
  {
    "modalidadId": 1,
    "modalidad": "Individual",
    "posicion": 88,
    "jugadorId": 1217,
    "nombreJugador": "Raquel DEL HOYO",
    "puntos": 594,
    "categoriaId": 1,
    "categoria": "Rookie"
  },
  {
    "modalidadId": 1,
    "modalidad": "Individual",
    "posicion": 89,
    "jugadorId": 710,
    "nombreJugador": "Alejandro SANCHEZ BEJARANO",
    "puntos": 579,
    "categoriaId": 1,
    "categoria": "Rookie"
  },
  {
    "modalidadId": 1,
    "modalidad": "Individual",
    "posicion": 90,
    "jugadorId": 388,
    "nombreJugador": "Ricardo LANCHA HIGUERA",
    "puntos": 570,
    "categoriaId": 1,
    "categoria": "Rookie"
  },
  {
    "modalidadId": 1,
    "modalidad": "Individual",
    "posicion": 91,
    "jugadorId": 1329,
    "nombreJugador": "Neus SUAU NAVAS",
    "puntos": 562,
    "categoriaId": 1,
    "categoria": "Rookie"
  },
  {
    "modalidadId": 1,
    "modalidad": "Individual",
    "posicion": 92,
    "jugadorId": 917,
    "nombreJugador": "Marc SUAU NAVA",
    "puntos": 559,
    "categoriaId": 1,
    "categoria": "Rookie"
  },
  {
    "modalidadId": 1,
    "modalidad": "Individual",
    "posicion": 93,
    "jugadorId": 476,
    "nombreJugador": "Silvia RODRIGUEZ MEDINA",
    "puntos": 509,
    "categoriaId": 1,
    "categoria": "Rookie"
  },
  {
    "modalidadId": 1,
    "modalidad": "Individual",
    "posicion": 94,
    "jugadorId": 436,
    "nombreJugador": "Jaime NEIRA SANCHEZ",
    "puntos": 503,
    "categoriaId": 1,
    "categoria": "Rookie"
  },
  {
    "modalidadId": 1,
    "modalidad": "Individual",
    "posicion": 95,
    "jugadorId": 602,
    "nombreJugador": "Antonio MUÑOZ POZUELO",
    "puntos": 486,
    "categoriaId": 1,
    "categoria": "Rookie"
  },
  {
    "modalidadId": 1,
    "modalidad": "Individual",
    "posicion": 96,
    "jugadorId": 1312,
    "nombreJugador": "Javier DÍAZ ALGARA",
    "puntos": 474,
    "categoriaId": 1,
    "categoria": "Rookie"
  },
  {
    "modalidadId": 1,
    "modalidad": "Individual",
    "posicion": 97,
    "jugadorId": 378,
    "nombreJugador": "Jonathan HERRERA RAMOS",
    "puntos": 201,
    "categoriaId": 1,
    "categoria": "Rookie"
  },
  {
    "modalidadId": 1,
    "modalidad": "Individual",
    "posicion": 98,
    "jugadorId": 704,
    "nombreJugador": "Ignacio SANCHEZ INFIESTA",
    "puntos": 162,
    "categoriaId": 1,
    "categoria": "Rookie"
  },
  {
    "modalidadId": 1,
    "modalidad": "Individual",
    "posicion": 99,
    "jugadorId": 44,
    "nombreJugador": "Francisco SANTIAGO MUÑOZ",
    "puntos": 162,
    "categoriaId": 1,
    "categoria": "Rookie"
  },
  {
    "modalidadId": 1,
    "modalidad": "Individual",
    "posicion": 100,
    "jugadorId": 1152,
    "nombreJugador": "Carlos CARPIO",
    "puntos": 22,
    "categoriaId": 1,
    "categoria": "Rookie"
  },
  {
    "modalidadId": 1,
    "modalidad": "Individual",
    "posicion": 101,
    "jugadorId": 1309,
    "nombreJugador": "Marcos BELVIS SANCHEZ",
    "puntos": 0,
    "categoriaId": 1,
    "categoria": "Rookie"
  }
]
