[
  {
    "modalidadId": 2,
    "modalidad": "Dobles",
    "posicion": 1,
    "jugadorId": 858,
    "nombreJugador": "Felix DROESE",
    "puntos": 2390,
    "categoriaId": 4,
    "categoria": "Elite"
  },
  {
    "modalidadId": 2,
    "modalidad": "Dobles",
    "posicion": 2,
    "jugadorId": 877,
    "nombreJugador": "Yannik HANSEN",
    "puntos": 2355,
    "categoriaId": 4,
    "categoria": "Elite"
  },
  {
    "modalidadId": 2,
    "modalidad": "Dobles",
    "posicion": 3,
    "jugadorId": 856,
    "nombreJugador": "Daniel BURMETLER",
    "puntos": 2295,
    "categoriaId": 4,
    "categoria": "Elite"
  },
  {
    "modalidadId": 2,
    "modalidad": "Dobles",
    "posicion": 4,
    "jugadorId": 872,
    "nombreJugador": "Thijs VAN SCHIJNDEL",
    "puntos": 2236,
    "categoriaId": 4,
    "categoria": "Elite"
  },
  {
    "modalidadId": 2,
    "modalidad": "Dobles",
    "posicion": 5,
    "jugadorId": 874,
    "nombreJugador": "Tiago DA SILVA",
    "puntos": 2194,
    "categoriaId": 4,
    "categoria": "Elite"
  },
  {
    "modalidadId": 2,
    "modalidad": "Dobles",
    "posicion": 6,
    "jugadorId": 1019,
    "nombreJugador": "Adam TOURMENTE",
    "puntos": 2183,
    "categoriaId": 4,
    "categoria": "Elite"
  },
  {
    "modalidadId": 2,
    "modalidad": "Dobles",
    "posicion": 7,
    "jugadorId": 1024,
    "nombreJugador": "Šimon VÁROŠ",
    "puntos": 2170,
    "categoriaId": 4,
    "categoria": "Elite"
  },
  {
    "modalidadId": 2,
    "modalidad": "Dobles",
    "posicion": 8,
    "jugadorId": 1021,
    "nombreJugador": "Filipe PARREIRA",
    "puntos": 2160,
    "categoriaId": 4,
    "categoria": "Elite"
  },
  {
    "modalidadId": 2,
    "modalidad": "Dobles",
    "posicion": 9,
    "jugadorId": 616,
    "nombreJugador": "Daniel GÖRLICH",
    "puntos": 2128,
    "categoriaId": 4,
    "categoria": "Elite"
  },
  {
    "modalidadId": 2,
    "modalidad": "Dobles",
    "posicion": 10,
    "jugadorId": 860,
    "nombreJugador": "Giuliano BENTIVOGLIO",
    "puntos": 2126,
    "categoriaId": 4,
    "categoria": "Elite"
  },
  {
    "modalidadId": 2,
    "modalidad": "Dobles",
    "posicion": 11,
    "jugadorId": 1023,
    "nombreJugador": "Philipp LUKAS",
    "puntos": 2121,
    "categoriaId": 4,
    "categoria": "Elite"
  },
  {
    "modalidadId": 2,
    "modalidad": "Dobles",
    "posicion": 12,
    "jugadorId": 791,
    "nombreJugador": "Felipe Miguel FARIA DE CARVALHO",
    "puntos": 2115,
    "categoriaId": 4,
    "categoria": "Elite"
  },
  {
    "modalidadId": 2,
    "modalidad": "Dobles",
    "posicion": 13,
    "jugadorId": 793,
    "nombreJugador": "Goncalo PEREIRA DOS SANTOS",
    "puntos": 2098,
    "categoriaId": 4,
    "categoria": "Elite"
  },
  {
    "modalidadId": 2,
    "modalidad": "Dobles",
    "posicion": 14,
    "jugadorId": 870,
    "nombreJugador": "Rudolf BRENNER",
    "puntos": 2097,
    "categoriaId": 4,
    "categoria": "Elite"
  },
  {
    "modalidadId": 2,
    "modalidad": "Dobles",
    "posicion": 15,
    "jugadorId": 861,
    "nombreJugador": "Gunnar LEU",
    "puntos": 2093,
    "categoriaId": 4,
    "categoria": "Elite"
  },
  {
    "modalidadId": 2,
    "modalidad": "Dobles",
    "posicion": 16,
    "jugadorId": 1282,
    "nombreJugador": "Jake BARNETTE",
    "puntos": 2053,
    "categoriaId": 4,
    "categoria": "Elite"
  },
  {
    "modalidadId": 2,
    "modalidad": "Dobles",
    "posicion": 17,
    "jugadorId": 859,
    "nombreJugador": "Franco DELLEANI",
    "puntos": 2036,
    "categoriaId": 4,
    "categoria": "Elite"
  },
  {
    "modalidadId": 2,
    "modalidad": "Dobles",
    "posicion": 18,
    "jugadorId": 853,
    "nombreJugador": "Christian POMPONI",
    "puntos": 2016,
    "categoriaId": 4,
    "categoria": "Elite"
  },
  {
    "modalidadId": 2,
    "modalidad": "Dobles",
    "posicion": 19,
    "jugadorId": 866,
    "nombreJugador": "Martim DA SILVA",
    "puntos": 1994,
    "categoriaId": 4,
    "categoria": "Elite"
  },
  {
    "modalidadId": 2,
    "modalidad": "Dobles",
    "posicion": 20,
    "jugadorId": 1314,
    "nombreJugador": "Francisco FRANCO",
    "puntos": 1925,
    "categoriaId": 4,
    "categoria": "Elite"
  },
  {
    "modalidadId": 2,
    "modalidad": "Dobles",
    "posicion": 21,
    "jugadorId": 797,
    "nombreJugador": "Pawel TCHORZEWSKI",
    "puntos": 1914,
    "categoriaId": 3,
    "categoria": "Master"
  },
  {
    "modalidadId": 2,
    "modalidad": "Dobles",
    "posicion": 22,
    "jugadorId": 882,
    "nombreJugador": "Gilles BLOCH",
    "puntos": 1876,
    "categoriaId": 3,
    "categoria": "Master"
  },
  {
    "modalidadId": 2,
    "modalidad": "Dobles",
    "posicion": 23,
    "jugadorId": 1040,
    "nombreJugador": "Elisabeth PRAETORIUS",
    "puntos": 1867,
    "categoriaId": 3,
    "categoria": "Master"
  },
  {
    "modalidadId": 2,
    "modalidad": "Dobles",
    "posicion": 24,
    "jugadorId": 1090,
    "nombreJugador": "Ilnura MUKHAMEDZHANOVA",
    "puntos": 1852,
    "categoriaId": 3,
    "categoria": "Master"
  },
  {
    "modalidadId": 2,
    "modalidad": "Dobles",
    "posicion": 25,
    "jugadorId": 1088,
    "nombreJugador": "George EID",
    "puntos": 1797,
    "categoriaId": 3,
    "categoria": "Master"
  },
  {
    "modalidadId": 2,
    "modalidad": "Dobles",
    "posicion": 26,
    "jugadorId": 1039,
    "nombreJugador": "Radostina LYUBOMIROVA",
    "puntos": 1786,
    "categoriaId": 3,
    "categoria": "Master"
  },
  {
    "modalidadId": 2,
    "modalidad": "Dobles",
    "posicion": 27,
    "jugadorId": 1095,
    "nombreJugador": "Katarzyna KICZKE",
    "puntos": 1772,
    "categoriaId": 3,
    "categoria": "Master"
  },
  {
    "modalidadId": 2,
    "modalidad": "Dobles",
    "posicion": 28,
    "jugadorId": 147,
    "nombreJugador": "Goncalo DOS SANTOS",
    "puntos": 1770,
    "categoriaId": 2,
    "categoria": "Amater"
  },
  {
    "modalidadId": 2,
    "modalidad": "Dobles",
    "posicion": 29,
    "jugadorId": 1086,
    "nombreJugador": "David SAFADINHO",
    "puntos": 1764,
    "categoriaId": 3,
    "categoria": "Master"
  },
  {
    "modalidadId": 2,
    "modalidad": "Dobles",
    "posicion": 30,
    "jugadorId": 1101,
    "nombreJugador": "Ricardo SAFADINHO",
    "puntos": 1764,
    "categoriaId": 3,
    "categoria": "Master"
  },
  {
    "modalidadId": 2,
    "modalidad": "Dobles",
    "posicion": 31,
    "jugadorId": 1260,
    "nombreJugador": "Francisco MORGADO",
    "puntos": 1753,
    "categoriaId": 3,
    "categoria": "Master"
  },
  {
    "modalidadId": 2,
    "modalidad": "Dobles",
    "posicion": 32,
    "jugadorId": 1207,
    "nombreJugador": "Daniel BAPTISTA",
    "puntos": 1745,
    "categoriaId": 3,
    "categoria": "Master"
  },
  {
    "modalidadId": 2,
    "modalidad": "Dobles",
    "posicion": 33,
    "jugadorId": 1087,
    "nombreJugador": "Filipe SOALHEIRO",
    "puntos": 1739,
    "categoriaId": 3,
    "categoria": "Master"
  },
  {
    "modalidadId": 2,
    "modalidad": "Dobles",
    "posicion": 34,
    "jugadorId": 1084,
    "nombreJugador": "Bruno GARRA",
    "puntos": 1728,
    "categoriaId": 3,
    "categoria": "Master"
  },
  {
    "modalidadId": 2,
    "modalidad": "Dobles",
    "posicion": 35,
    "jugadorId": 878,
    "nombreJugador": "Auguste MARTINENKAITE",
    "puntos": 1725,
    "categoriaId": 3,
    "categoria": "Master"
  },
  {
    "modalidadId": 2,
    "modalidad": "Dobles",
    "posicion": 36,
    "jugadorId": 1266,
    "nombreJugador": "Helder RODRIGUES",
    "puntos": 1700,
    "categoriaId": 3,
    "categoria": "Master"
  },
  {
    "modalidadId": 2,
    "modalidad": "Dobles",
    "posicion": 37,
    "jugadorId": 1277,
    "nombreJugador": "Ricardo SANTO",
    "puntos": 1700,
    "categoriaId": 3,
    "categoria": "Master"
  },
  {
    "modalidadId": 2,
    "modalidad": "Dobles",
    "posicion": 38,
    "jugadorId": 884,
    "nombreJugador": "Judith MEISTERHANS",
    "puntos": 1691,
    "categoriaId": 3,
    "categoria": "Master"
  },
  {
    "modalidadId": 2,
    "modalidad": "Dobles",
    "posicion": 39,
    "jugadorId": 880,
    "nombreJugador": "Brenn MIRANDA",
    "puntos": 1685,
    "categoriaId": 3,
    "categoria": "Master"
  },
  {
    "modalidadId": 2,
    "modalidad": "Dobles",
    "posicion": 40,
    "jugadorId": 1098,
    "nombreJugador": "Rafael RAMOS",
    "puntos": 1683,
    "categoriaId": 3,
    "categoria": "Master"
  },
  {
    "modalidadId": 2,
    "modalidad": "Dobles",
    "posicion": 41,
    "jugadorId": 1210,
    "nombreJugador": "Bruno CAROÇA",
    "puntos": 1681,
    "categoriaId": 3,
    "categoria": "Master"
  },
  {
    "modalidadId": 2,
    "modalidad": "Dobles",
    "posicion": 42,
    "jugadorId": 885,
    "nombreJugador": "Lenne MIRANDA",
    "puntos": 1679,
    "categoriaId": 3,
    "categoria": "Master"
  },
  {
    "modalidadId": 2,
    "modalidad": "Dobles",
    "posicion": 43,
    "jugadorId": 1037,
    "nombreJugador": "Malika SENOUCI",
    "puntos": 1674,
    "categoriaId": 3,
    "categoria": "Master"
  },
  {
    "modalidadId": 2,
    "modalidad": "Dobles",
    "posicion": 44,
    "jugadorId": 1228,
    "nombreJugador": "Nelo FRANCO",
    "puntos": 1665,
    "categoriaId": 3,
    "categoria": "Master"
  },
  {
    "modalidadId": 2,
    "modalidad": "Dobles",
    "posicion": 45,
    "jugadorId": 1035,
    "nombreJugador": "Ilana ROBIN",
    "puntos": 1659,
    "categoriaId": 3,
    "categoria": "Master"
  },
  {
    "modalidadId": 2,
    "modalidad": "Dobles",
    "posicion": 46,
    "jugadorId": 1081,
    "nombreJugador": "Ana NUNES",
    "puntos": 1647,
    "categoriaId": 3,
    "categoria": "Master"
  },
  {
    "modalidadId": 2,
    "modalidad": "Dobles",
    "posicion": 47,
    "jugadorId": 1082,
    "nombreJugador": "Ângela COSTA",
    "puntos": 1639,
    "categoriaId": 3,
    "categoria": "Master"
  },
  {
    "modalidadId": 2,
    "modalidad": "Dobles",
    "posicion": 48,
    "jugadorId": 1227,
    "nombreJugador": "Maria FRANCO",
    "puntos": 1637,
    "categoriaId": 3,
    "categoria": "Master"
  },
  {
    "modalidadId": 2,
    "modalidad": "Dobles",
    "posicion": 49,
    "jugadorId": 1256,
    "nombreJugador": "Neil MILLMAN",
    "puntos": 1624,
    "categoriaId": 3,
    "categoria": "Master"
  },
  {
    "modalidadId": 2,
    "modalidad": "Dobles",
    "posicion": 50,
    "jugadorId": 1265,
    "nombreJugador": "Jim PROVOST",
    "puntos": 1624,
    "categoriaId": 3,
    "categoria": "Master"
  },
  {
    "modalidadId": 2,
    "modalidad": "Dobles",
    "posicion": 51,
    "jugadorId": 894,
    "nombreJugador": "Cindy AHKIOON",
    "puntos": 1543,
    "categoriaId": 3,
    "categoria": "Master"
  },
  {
    "modalidadId": 2,
    "modalidad": "Dobles",
    "posicion": 52,
    "jugadorId": 1356,
    "nombreJugador": "Rayan GHILENNE",
    "puntos": 1500,
    "categoriaId": 3,
    "categoria": "Master"
  }
]
