[
  {
    "modalidadId": 8,
    "modalidad": "Mujeres Individual",
    "posicion": 1,
    "jugadorId": 340,
    "nombreJugador": "Mari Angeles GARCIA GONZALEZ",
    "puntos": 1465,
    "categoriaId": 2,
    "categoria": "Amater"
  },
  {
    "modalidadId": 8,
    "modalidad": "Mujeres Individual",
    "posicion": 2,
    "jugadorId": 300,
    "nombreJugador": "Ana Maria COPADO ALONSO",
    "puntos": 1274,
    "categoriaId": 1,
    "categoria": "Rookie"
  },
  {
    "modalidadId": 8,
    "modalidad": "Mujeres Individual",
    "posicion": 3,
    "jugadorId": 828,
    "nombreJugador": "Alicia CALVO PEREZ",
    "puntos": 1221,
    "categoriaId": 1,
    "categoria": "Rookie"
  },
  {
    "modalidadId": 8,
    "modalidad": "Mujeres Individual",
    "posicion": 4,
    "jugadorId": 476,
    "nombreJugador": "Silvia RODRIGUEZ MEDINA",
    "puntos": 1033,
    "categoriaId": 1,
    "categoria": "Rookie"
  },
  {
    "modalidadId": 8,
    "modalidad": "Mujeres Individual",
    "posicion": 5,
    "jugadorId": 1217,
    "nombreJugador": "Raquel DEL HOYO",
    "puntos": 729,
    "categoriaId": 1,
    "categoria": "Rookie"
  },
  {
    "modalidadId": 8,
    "modalidad": "Mujeres Individual",
    "posicion": 6,
    "jugadorId": 783,
    "nombreJugador": "Tamara PLANA MONZON",
    "puntos": 655,
    "categoriaId": 1,
    "categoria": "Rookie"
  },
  {
    "modalidadId": 8,
    "modalidad": "Mujeres Individual",
    "posicion": 7,
    "jugadorId": 1364,
    "nombreJugador": "Eva MOYANO",
    "puntos": 494,
    "categoriaId": 1,
    "categoria": "Rookie"
  },
  {
    "modalidadId": 8,
    "modalidad": "Mujeres Individual",
    "posicion": 8,
    "jugadorId": 969,
    "nombreJugador": "Meli ALTARES TAPIA",
    "puntos": 474,
    "categoriaId": 1,
    "categoria": "Rookie"
  },
  {
    "modalidadId": 8,
    "modalidad": "Mujeres Individual",
    "posicion": 9,
    "jugadorId": 1376,
    "nombreJugador": "Marta DEVIA GARCIA",
    "puntos": 301,
    "categoriaId": 1,
    "categoria": "Rookie"
  },
  {
    "modalidadId": 8,
    "modalidad": "Mujeres Individual",
    "posicion": 10,
    "jugadorId": 896,
    "nombreJugador": "Laura AGULLEIRO CÁNOVAS",
    "puntos": 202,
    "categoriaId": 1,
    "categoria": "Rookie"
  },
  {
    "modalidadId": 8,
    "modalidad": "Mujeres Individual",
    "posicion": 11,
    "jugadorId": 1045,
    "nombreJugador": "Zule LUTZARDO ALBERTO",
    "puntos": 190,
    "categoriaId": 1,
    "categoria": "Rookie"
  }
]
