[
  {
    "modalidadId": 6,
    "modalidad": "Junior Individual",
    "posicion": 1,
    "jugadorId": 885,
    "nombreJugador": "Lenne MIRANDA",
    "puntos": 1899,
    "categoriaId": 3,
    "categoria": "Master"
  },
  {
    "modalidadId": 6,
    "modalidad": "Junior Individual",
    "posicion": 2,
    "jugadorId": 866,
    "nombreJugador": "Martim DA SILVA",
    "puntos": 1870,
    "categoriaId": 3,
    "categoria": "Master"
  },
  {
    "modalidadId": 6,
    "modalidad": "Junior Individual",
    "posicion": 3,
    "jugadorId": 880,
    "nombreJugador": "Brenn MIRANDA",
    "puntos": 1539,
    "categoriaId": 2,
    "categoria": "Amater"
  },
  {
    "modalidadId": 6,
    "modalidad": "Junior Individual",
    "posicion": 4,
    "jugadorId": 1356,
    "nombreJugador": "Rayan GHILENNE",
    "puntos": 128,
    "categoriaId": 1,
    "categoria": "Rookie"
  }
]
