[
  {
    "modalidadId": 3,
    "modalidad": "Senior Dobles",
    "posicion": 1,
    "jugadorId": 11,
    "nombreJugador": "Oscar ARTIAGA LOPEZ",
    "puntos": 2108,
    "categoriaId": 3,
    "categoria": "Master"
  },
  {
    "modalidadId": 3,
    "modalidad": "Senior Dobles",
    "posicion": 2,
    "jugadorId": 47,
    "nombreJugador": "Angel Luis COBO MUÑOZ",
    "puntos": 1864,
    "categoriaId": 3,
    "categoria": "Master"
  },
  {
    "modalidadId": 3,
    "modalidad": "Senior Dobles",
    "posicion": 3,
    "jugadorId": 26,
    "nombreJugador": "Angel SÁNCHEZ JIMENEZ",
    "puntos": 1760,
    "categoriaId": 3,
    "categoria": "Master"
  },
  {
    "modalidadId": 3,
    "modalidad": "Senior Dobles",
    "posicion": 4,
    "jugadorId": 612,
    "nombreJugador": "Agapito GONZALEZ MARTIN",
    "puntos": 1747,
    "categoriaId": 3,
    "categoria": "Master"
  },
  {
    "modalidadId": 3,
    "modalidad": "Senior Dobles",
    "posicion": 5,
    "jugadorId": 21,
    "nombreJugador": "Angel DEL POZO BULLIDO",
    "puntos": 1706,
    "categoriaId": 3,
    "categoria": "Master"
  },
  {
    "modalidadId": 3,
    "modalidad": "Senior Dobles",
    "posicion": 6,
    "jugadorId": 434,
    "nombreJugador": "Antonio  NAVARRO PACHECA",
    "puntos": 1674,
    "categoriaId": 3,
    "categoria": "Master"
  },
  {
    "modalidadId": 3,
    "modalidad": "Senior Dobles",
    "posicion": 7,
    "jugadorId": 652,
    "nombreJugador": "Jose angel PARADA PARADA",
    "puntos": 1638,
    "categoriaId": 1,
    "categoria": "Rookie"
  },
  {
    "modalidadId": 3,
    "modalidad": "Senior Dobles",
    "posicion": 8,
    "jugadorId": 10,
    "nombreJugador": "Jorge GOMEZ LLANO",
    "puntos": 1590,
    "categoriaId": 1,
    "categoria": "Rookie"
  },
  {
    "modalidadId": 3,
    "modalidad": "Senior Dobles",
    "posicion": 9,
    "jugadorId": 617,
    "nombreJugador": "Orlando GUILLEN DIAZ",
    "puntos": 1397,
    "categoriaId": 1,
    "categoria": "Rookie"
  },
  {
    "modalidadId": 3,
    "modalidad": "Senior Dobles",
    "posicion": 10,
    "jugadorId": 752,
    "nombreJugador": "Cirilo RAGEL PRUDENCIO",
    "puntos": 1194,
    "categoriaId": 1,
    "categoria": "Rookie"
  },
  {
    "modalidadId": 3,
    "modalidad": "Senior Dobles",
    "posicion": 11,
    "jugadorId": 140,
    "nombreJugador": "Silvestre ROSA REY",
    "puntos": 576,
    "categoriaId": 1,
    "categoria": "Rookie"
  },
  {
    "modalidadId": 3,
    "modalidad": "Senior Dobles",
    "posicion": 12,
    "jugadorId": 82,
    "nombreJugador": "Felix VILLANUEVA REILLO",
    "puntos": 403,
    "categoriaId": 1,
    "categoria": "Rookie"
  },
  {
    "modalidadId": 3,
    "modalidad": "Senior Dobles",
    "posicion": 13,
    "jugadorId": 114,
    "nombreJugador": "Armando BUENO LOPEZ",
    "puntos": 361,
    "categoriaId": 1,
    "categoria": "Rookie"
  },
  {
    "modalidadId": 3,
    "modalidad": "Senior Dobles",
    "posicion": 14,
    "jugadorId": 969,
    "nombreJugador": "Meli ALTARES TAPIA",
    "puntos": 300,
    "categoriaId": 1,
    "categoria": "Rookie"
  }
]
