[
  {
    "modalidadId": 2,
    "modalidad": "Dobles",
    "posicion": 1,
    "jugadorId": 6,
    "nombreJugador": "David GAÑAN TERRON",
    "puntos": 2271,
    "categoriaId": 5,
    "categoria": "Elite GM"
  },
  {
    "modalidadId": 2,
    "modalidad": "Dobles",
    "posicion": 2,
    "jugadorId": 10,
    "nombreJugador": "Jorge GOMEZ LLANO",
    "puntos": 2217,
    "categoriaId": 5,
    "categoria": "Elite GM"
  },
  {
    "modalidadId": 2,
    "modalidad": "Dobles",
    "posicion": 3,
    "jugadorId": 4,
    "nombreJugador": "Hector NUÑEZ SAEZ",
    "puntos": 2199,
    "categoriaId": 5,
    "categoria": "Elite GM"
  },
  {
    "modalidadId": 2,
    "modalidad": "Dobles",
    "posicion": 4,
    "jugadorId": 614,
    "nombreJugador": "Jordan GONZALEZ REBOSO",
    "puntos": 2116,
    "categoriaId": 4,
    "categoria": "Elite"
  },
  {
    "modalidadId": 2,
    "modalidad": "Dobles",
    "posicion": 5,
    "jugadorId": 3,
    "nombreJugador": "David NIETO HERNANDEZ",
    "puntos": 2114,
    "categoriaId": 5,
    "categoria": "Elite GM"
  },
  {
    "modalidadId": 2,
    "modalidad": "Dobles",
    "posicion": 6,
    "jugadorId": 22,
    "nombreJugador": "Guillermo CORDOBA RAMIRO",
    "puntos": 2109,
    "categoriaId": 5,
    "categoria": "Elite GM"
  },
  {
    "modalidadId": 2,
    "modalidad": "Dobles",
    "posicion": 7,
    "jugadorId": 93,
    "nombreJugador": "Carlos MORALES CONTRERAS",
    "puntos": 2101,
    "categoriaId": 5,
    "categoria": "Elite GM"
  },
  {
    "modalidadId": 2,
    "modalidad": "Dobles",
    "posicion": 8,
    "jugadorId": 570,
    "nombreJugador": "Daniel RAMOS LUIS",
    "puntos": 2089,
    "categoriaId": 4,
    "categoria": "Elite"
  },
  {
    "modalidadId": 2,
    "modalidad": "Dobles",
    "posicion": 9,
    "jugadorId": 343,
    "nombreJugador": "JESÚS GARCÍA CONDE",
    "puntos": 2068,
    "categoriaId": 3,
    "categoria": "Master"
  },
  {
    "modalidadId": 2,
    "modalidad": "Dobles",
    "posicion": 10,
    "jugadorId": 26,
    "nombreJugador": "Angel SÁNCHEZ JIMENEZ",
    "puntos": 2067,
    "categoriaId": 3,
    "categoria": "Master"
  },
  {
    "modalidadId": 2,
    "modalidad": "Dobles",
    "posicion": 11,
    "jugadorId": 695,
    "nombreJugador": "David ALCAZAR GONZALEZ",
    "puntos": 2056,
    "categoriaId": 3,
    "categoria": "Master"
  },
  {
    "modalidadId": 2,
    "modalidad": "Dobles",
    "posicion": 12,
    "jugadorId": 687,
    "nombreJugador": "Alberto VILÁ PÉREZ",
    "puntos": 2038,
    "categoriaId": 3,
    "categoria": "Master"
  },
  {
    "modalidadId": 2,
    "modalidad": "Dobles",
    "posicion": 13,
    "jugadorId": 569,
    "nombreJugador": "Eufrasio PACHECO CABRERA",
    "puntos": 2030,
    "categoriaId": 4,
    "categoria": "Elite"
  },
  {
    "modalidadId": 2,
    "modalidad": "Dobles",
    "posicion": 14,
    "jugadorId": 47,
    "nombreJugador": "Angel Luis COBO MUÑOZ",
    "puntos": 1998,
    "categoriaId": 3,
    "categoria": "Master"
  },
  {
    "modalidadId": 2,
    "modalidad": "Dobles",
    "posicion": 15,
    "jugadorId": 706,
    "nombreJugador": "Ivan GARCIA AHIJON",
    "puntos": 1992,
    "categoriaId": 3,
    "categoria": "Master"
  },
  {
    "modalidadId": 2,
    "modalidad": "Dobles",
    "posicion": 16,
    "jugadorId": 5,
    "nombreJugador": "Alberto CARBALLO ROBLES",
    "puntos": 1975,
    "categoriaId": 5,
    "categoria": "Elite GM"
  },
  {
    "modalidadId": 2,
    "modalidad": "Dobles",
    "posicion": 17,
    "jugadorId": 11,
    "nombreJugador": "Oscar ARTIAGA LOPEZ",
    "puntos": 1962,
    "categoriaId": 3,
    "categoria": "Master"
  },
  {
    "modalidadId": 2,
    "modalidad": "Dobles",
    "posicion": 18,
    "jugadorId": 46,
    "nombreJugador": "Adrian RAMIREZ PINTADO",
    "puntos": 1944,
    "categoriaId": 3,
    "categoria": "Master"
  },
  {
    "modalidadId": 2,
    "modalidad": "Dobles",
    "posicion": 19,
    "jugadorId": 177,
    "nombreJugador": "Angel Luis COBO MORALES",
    "puntos": 1939,
    "categoriaId": 3,
    "categoria": "Master"
  },
  {
    "modalidadId": 2,
    "modalidad": "Dobles",
    "posicion": 20,
    "jugadorId": 567,
    "nombreJugador": "Ruyman HERNANDEZ MOLEIRO",
    "puntos": 1939,
    "categoriaId": 3,
    "categoria": "Master"
  },
  {
    "modalidadId": 2,
    "modalidad": "Dobles",
    "posicion": 21,
    "jugadorId": 652,
    "nombreJugador": "Jose angel PARADA PARADA",
    "puntos": 1936,
    "categoriaId": 3,
    "categoria": "Master"
  },
  {
    "modalidadId": 2,
    "modalidad": "Dobles",
    "posicion": 22,
    "jugadorId": 651,
    "nombreJugador": "Javier PARADA PARADA",
    "puntos": 1936,
    "categoriaId": 3,
    "categoria": "Master"
  },
  {
    "modalidadId": 2,
    "modalidad": "Dobles",
    "posicion": 23,
    "jugadorId": 106,
    "nombreJugador": "Juan Francisco MARTINEZ ANDRADE",
    "puntos": 1936,
    "categoriaId": 5,
    "categoria": "Elite GM"
  },
  {
    "modalidadId": 2,
    "modalidad": "Dobles",
    "posicion": 24,
    "jugadorId": 21,
    "nombreJugador": "Angel DEL POZO BULLIDO",
    "puntos": 1933,
    "categoriaId": 5,
    "categoria": "Elite GM"
  },
  {
    "modalidadId": 2,
    "modalidad": "Dobles",
    "posicion": 25,
    "jugadorId": 206,
    "nombreJugador": "Francisco CRISTOBAL MARTINEZ",
    "puntos": 1929,
    "categoriaId": 3,
    "categoria": "Master"
  },
  {
    "modalidadId": 2,
    "modalidad": "Dobles",
    "posicion": 26,
    "jugadorId": 690,
    "nombreJugador": "Arturo SANCHEZ FERNANDEZ",
    "puntos": 1924,
    "categoriaId": 3,
    "categoria": "Master"
  },
  {
    "modalidadId": 2,
    "modalidad": "Dobles",
    "posicion": 27,
    "jugadorId": 647,
    "nombreJugador": "Aitor CANADA",
    "puntos": 1922,
    "categoriaId": 3,
    "categoria": "Master"
  },
  {
    "modalidadId": 2,
    "modalidad": "Dobles",
    "posicion": 28,
    "jugadorId": 56,
    "nombreJugador": "Carlos ARCEO YELA",
    "puntos": 1905,
    "categoriaId": 3,
    "categoria": "Master"
  },
  {
    "modalidadId": 2,
    "modalidad": "Dobles",
    "posicion": 29,
    "jugadorId": 85,
    "nombreJugador": "Bernardo PEREA PEINADO",
    "puntos": 1905,
    "categoriaId": 3,
    "categoria": "Master"
  },
  {
    "modalidadId": 2,
    "modalidad": "Dobles",
    "posicion": 30,
    "jugadorId": 712,
    "nombreJugador": "David FLORES GONZALEZ",
    "puntos": 1894,
    "categoriaId": 3,
    "categoria": "Master"
  },
  {
    "modalidadId": 2,
    "modalidad": "Dobles",
    "posicion": 31,
    "jugadorId": 743,
    "nombreJugador": "Álvaro GARCÍA ALTAVER",
    "puntos": 1885,
    "categoriaId": 3,
    "categoria": "Master"
  },
  {
    "modalidadId": 2,
    "modalidad": "Dobles",
    "posicion": 32,
    "jugadorId": 746,
    "nombreJugador": "Borja GARCÍA ALTAVER",
    "puntos": 1878,
    "categoriaId": 3,
    "categoria": "Master"
  },
  {
    "modalidadId": 2,
    "modalidad": "Dobles",
    "posicion": 33,
    "jugadorId": 229,
    "nombreJugador": "Jorge CANO LUDEÑA",
    "puntos": 1845,
    "categoriaId": 3,
    "categoria": "Master"
  },
  {
    "modalidadId": 2,
    "modalidad": "Dobles",
    "posicion": 34,
    "jugadorId": 991,
    "nombreJugador": "Santiago FERNANDEZ GAYO",
    "puntos": 1834,
    "categoriaId": 3,
    "categoria": "Master"
  },
  {
    "modalidadId": 2,
    "modalidad": "Dobles",
    "posicion": 35,
    "jugadorId": 617,
    "nombreJugador": "Orlando GUILLEN DIAZ",
    "puntos": 1821,
    "categoriaId": 3,
    "categoria": "Master"
  },
  {
    "modalidadId": 2,
    "modalidad": "Dobles",
    "posicion": 36,
    "jugadorId": 949,
    "nombreJugador": "Daniel GUTIERREZ LOPEZ",
    "puntos": 1820,
    "categoriaId": 3,
    "categoria": "Master"
  },
  {
    "modalidadId": 2,
    "modalidad": "Dobles",
    "posicion": 37,
    "jugadorId": 1103,
    "nombreJugador": "Aurelio JIMÉNEZ RAMOS",
    "puntos": 1818,
    "categoriaId": 3,
    "categoria": "Master"
  },
  {
    "modalidadId": 2,
    "modalidad": "Dobles",
    "posicion": 38,
    "jugadorId": 480,
    "nombreJugador": "Juan Manuel ROJO PEREZ",
    "puntos": 1809,
    "categoriaId": 3,
    "categoria": "Master"
  },
  {
    "modalidadId": 2,
    "modalidad": "Dobles",
    "posicion": 39,
    "jugadorId": 360,
    "nombreJugador": "Daniel GONZALEZ ALONSO",
    "puntos": 1792,
    "categoriaId": 3,
    "categoria": "Master"
  },
  {
    "modalidadId": 2,
    "modalidad": "Dobles",
    "posicion": 40,
    "jugadorId": 227,
    "nombreJugador": "Jesus MENENDEZ OLIVARES",
    "puntos": 1756,
    "categoriaId": 3,
    "categoria": "Master"
  },
  {
    "modalidadId": 2,
    "modalidad": "Dobles",
    "posicion": 41,
    "jugadorId": 15,
    "nombreJugador": "Roberto PARRALEJO",
    "puntos": 1749,
    "categoriaId": 3,
    "categoria": "Master"
  },
  {
    "modalidadId": 2,
    "modalidad": "Dobles",
    "posicion": 42,
    "jugadorId": 760,
    "nombreJugador": "Miguel JIMÉNEZ TORRES",
    "puntos": 1740,
    "categoriaId": 3,
    "categoria": "Master"
  },
  {
    "modalidadId": 2,
    "modalidad": "Dobles",
    "posicion": 43,
    "jugadorId": 694,
    "nombreJugador": "Raul PEREZ MARTINEZ",
    "puntos": 1703,
    "categoriaId": 3,
    "categoria": "Master"
  },
  {
    "modalidadId": 2,
    "modalidad": "Dobles",
    "posicion": 44,
    "jugadorId": 767,
    "nombreJugador": "Daniel DEL AMO BERGAZ",
    "puntos": 1702,
    "categoriaId": 2,
    "categoria": "Amater"
  },
  {
    "modalidadId": 2,
    "modalidad": "Dobles",
    "posicion": 45,
    "jugadorId": 226,
    "nombreJugador": "Jesus LEON GONZALEZ",
    "puntos": 1700,
    "categoriaId": 3,
    "categoria": "Master"
  },
  {
    "modalidadId": 2,
    "modalidad": "Dobles",
    "posicion": 46,
    "jugadorId": 776,
    "nombreJugador": "José Antonio PALOMAR GARCÍA",
    "puntos": 1700,
    "categoriaId": 3,
    "categoria": "Master"
  },
  {
    "modalidadId": 2,
    "modalidad": "Dobles",
    "posicion": 47,
    "jugadorId": 28,
    "nombreJugador": "Agustin MENDOZA RAMOS",
    "puntos": 1700,
    "categoriaId": 3,
    "categoria": "Master"
  },
  {
    "modalidadId": 2,
    "modalidad": "Dobles",
    "posicion": 48,
    "jugadorId": 500,
    "nombreJugador": "Antonio SANZ LORENTE",
    "puntos": 1700,
    "categoriaId": 3,
    "categoria": "Master"
  },
  {
    "modalidadId": 2,
    "modalidad": "Dobles",
    "posicion": 49,
    "jugadorId": 612,
    "nombreJugador": "Agapito GONZALEZ MARTIN",
    "puntos": 1696,
    "categoriaId": 3,
    "categoria": "Master"
  },
  {
    "modalidadId": 2,
    "modalidad": "Dobles",
    "posicion": 50,
    "jugadorId": 230,
    "nombreJugador": "Jose Angel PEINADO",
    "puntos": 1691,
    "categoriaId": 2,
    "categoria": "Amater"
  },
  {
    "modalidadId": 2,
    "modalidad": "Dobles",
    "posicion": 51,
    "jugadorId": 752,
    "nombreJugador": "Cirilo RAGEL PRUDENCIO",
    "puntos": 1691,
    "categoriaId": 3,
    "categoria": "Master"
  },
  {
    "modalidadId": 2,
    "modalidad": "Dobles",
    "posicion": 52,
    "jugadorId": 602,
    "nombreJugador": "Antonio MUÑOZ POZUELO",
    "puntos": 1684,
    "categoriaId": 2,
    "categoria": "Amater"
  },
  {
    "modalidadId": 2,
    "modalidad": "Dobles",
    "posicion": 53,
    "jugadorId": 1241,
    "nombreJugador": "Andreas HACKER LOZAR",
    "puntos": 1667,
    "categoriaId": 1,
    "categoria": "Rookie"
  },
  {
    "modalidadId": 2,
    "modalidad": "Dobles",
    "posicion": 54,
    "jugadorId": 1243,
    "nombreJugador": "Eduardo HERNÁNDEZ MARIN",
    "puntos": 1667,
    "categoriaId": 1,
    "categoria": "Rookie"
  },
  {
    "modalidadId": 2,
    "modalidad": "Dobles",
    "posicion": 55,
    "jugadorId": 1045,
    "nombreJugador": "Zule LUTZARDO ALBERTO",
    "puntos": 1655,
    "categoriaId": 2,
    "categoria": "Amater"
  },
  {
    "modalidadId": 2,
    "modalidad": "Dobles",
    "posicion": 56,
    "jugadorId": 140,
    "nombreJugador": "Silvestre ROSA REY",
    "puntos": 1648,
    "categoriaId": 2,
    "categoria": "Amater"
  },
  {
    "modalidadId": 2,
    "modalidad": "Dobles",
    "posicion": 57,
    "jugadorId": 828,
    "nombreJugador": "Alicia CALVO PEREZ",
    "puntos": 1639,
    "categoriaId": 2,
    "categoria": "Amater"
  },
  {
    "modalidadId": 2,
    "modalidad": "Dobles",
    "posicion": 58,
    "jugadorId": 225,
    "nombreJugador": "Ivan MAYORGA SANDOVAL",
    "puntos": 1625,
    "categoriaId": 2,
    "categoria": "Amater"
  },
  {
    "modalidadId": 2,
    "modalidad": "Dobles",
    "posicion": 59,
    "jugadorId": 689,
    "nombreJugador": "Alexis LAMAS GARCIA",
    "puntos": 1617,
    "categoriaId": 2,
    "categoria": "Amater"
  },
  {
    "modalidadId": 2,
    "modalidad": "Dobles",
    "posicion": 60,
    "jugadorId": 710,
    "nombreJugador": "Alejandro SANCHEZ BEJARANO",
    "puntos": 1599,
    "categoriaId": 2,
    "categoria": "Amater"
  },
  {
    "modalidadId": 2,
    "modalidad": "Dobles",
    "posicion": 61,
    "jugadorId": 1046,
    "nombreJugador": "Cristian SANTANDER GARCIA",
    "puntos": 1599,
    "categoriaId": 1,
    "categoria": "Rookie"
  },
  {
    "modalidadId": 2,
    "modalidad": "Dobles",
    "posicion": 62,
    "jugadorId": 378,
    "nombreJugador": "Jonathan HERRERA RAMOS",
    "puntos": 1594,
    "categoriaId": 2,
    "categoria": "Amater"
  },
  {
    "modalidadId": 2,
    "modalidad": "Dobles",
    "posicion": 63,
    "jugadorId": 1067,
    "nombreJugador": "Jorge CAMACHO ANDRES",
    "puntos": 1587,
    "categoriaId": 1,
    "categoria": "Rookie"
  },
  {
    "modalidadId": 2,
    "modalidad": "Dobles",
    "posicion": 64,
    "jugadorId": 1152,
    "nombreJugador": "Carlos CARPIO",
    "puntos": 1582,
    "categoriaId": 2,
    "categoria": "Amater"
  },
  {
    "modalidadId": 2,
    "modalidad": "Dobles",
    "posicion": 65,
    "jugadorId": 740,
    "nombreJugador": "Sergio ARROYO OREJA",
    "puntos": 1578,
    "categoriaId": 2,
    "categoria": "Amater"
  },
  {
    "modalidadId": 2,
    "modalidad": "Dobles",
    "posicion": 66,
    "jugadorId": 114,
    "nombreJugador": "Armando BUENO LOPEZ",
    "puntos": 1576,
    "categoriaId": 3,
    "categoria": "Master"
  },
  {
    "modalidadId": 2,
    "modalidad": "Dobles",
    "posicion": 67,
    "jugadorId": 468,
    "nombreJugador": "Borja RANZ GONZALEZ",
    "puntos": 1568,
    "categoriaId": 2,
    "categoria": "Amater"
  },
  {
    "modalidadId": 2,
    "modalidad": "Dobles",
    "posicion": 68,
    "jugadorId": 707,
    "nombreJugador": "Hector GARCIA BARROSO",
    "puntos": 1566,
    "categoriaId": 2,
    "categoria": "Amater"
  },
  {
    "modalidadId": 2,
    "modalidad": "Dobles",
    "posicion": 69,
    "jugadorId": 124,
    "nombreJugador": "Miguel AMEZ RIENDAS",
    "puntos": 1564,
    "categoriaId": 2,
    "categoria": "Amater"
  },
  {
    "modalidadId": 2,
    "modalidad": "Dobles",
    "posicion": 70,
    "jugadorId": 401,
    "nombreJugador": "Sergio  MAGDALENO GOMEZ",
    "puntos": 1556,
    "categoriaId": 2,
    "categoria": "Amater"
  },
  {
    "modalidadId": 2,
    "modalidad": "Dobles",
    "posicion": 71,
    "jugadorId": 1154,
    "nombreJugador": "Julián GIL VIYUELA",
    "puntos": 1553,
    "categoriaId": 1,
    "categoria": "Rookie"
  },
  {
    "modalidadId": 2,
    "modalidad": "Dobles",
    "posicion": 72,
    "jugadorId": 1155,
    "nombreJugador": "Jorge FERNÁNDEZ MARTÍNEZ",
    "puntos": 1553,
    "categoriaId": 1,
    "categoria": "Rookie"
  },
  {
    "modalidadId": 2,
    "modalidad": "Dobles",
    "posicion": 73,
    "jugadorId": 696,
    "nombreJugador": "Carlos ALGOBIA",
    "puntos": 1552,
    "categoriaId": 2,
    "categoria": "Amater"
  },
  {
    "modalidadId": 2,
    "modalidad": "Dobles",
    "posicion": 74,
    "jugadorId": 903,
    "nombreJugador": "Carlos SUAU BESTARD",
    "puntos": 1538,
    "categoriaId": 2,
    "categoria": "Amater"
  },
  {
    "modalidadId": 2,
    "modalidad": "Dobles",
    "posicion": 75,
    "jugadorId": 905,
    "nombreJugador": "David MOYANO MORCILLO",
    "puntos": 1537,
    "categoriaId": 1,
    "categoria": "Rookie"
  },
  {
    "modalidadId": 2,
    "modalidad": "Dobles",
    "posicion": 76,
    "jugadorId": 951,
    "nombreJugador": "Tomas FERNANDEZ ORTEGA",
    "puntos": 1535,
    "categoriaId": 2,
    "categoria": "Amater"
  },
  {
    "modalidadId": 2,
    "modalidad": "Dobles",
    "posicion": 77,
    "jugadorId": 897,
    "nombreJugador": "Tomas FERNANDEZ GUIRAO",
    "puntos": 1533,
    "categoriaId": 2,
    "categoria": "Amater"
  },
  {
    "modalidadId": 2,
    "modalidad": "Dobles",
    "posicion": 78,
    "jugadorId": 467,
    "nombreJugador": "Gustavo RAMOS CUENCA",
    "puntos": 1530,
    "categoriaId": 2,
    "categoria": "Amater"
  },
  {
    "modalidadId": 2,
    "modalidad": "Dobles",
    "posicion": 79,
    "jugadorId": 1385,
    "nombreJugador": "Santiago RIERA",
    "puntos": 1527,
    "categoriaId": 1,
    "categoria": "Rookie"
  },
  {
    "modalidadId": 2,
    "modalidad": "Dobles",
    "posicion": 80,
    "jugadorId": 627,
    "nombreJugador": "Reza SALEHI SALEHI",
    "puntos": 1526,
    "categoriaId": 2,
    "categoria": "Amater"
  },
  {
    "modalidadId": 2,
    "modalidad": "Dobles",
    "posicion": 81,
    "jugadorId": 476,
    "nombreJugador": "Silvia RODRIGUEZ MEDINA",
    "puntos": 1523,
    "categoriaId": 2,
    "categoria": "Amater"
  },
  {
    "modalidadId": 2,
    "modalidad": "Dobles",
    "posicion": 82,
    "jugadorId": 734,
    "nombreJugador": "Sergio QUILES PANIAGUA",
    "puntos": 1516,
    "categoriaId": 2,
    "categoria": "Amater"
  },
  {
    "modalidadId": 2,
    "modalidad": "Dobles",
    "posicion": 83,
    "jugadorId": 1273,
    "nombreJugador": "Diego SAN MARTÍN FERNÁNDEZ",
    "puntos": 1516,
    "categoriaId": 1,
    "categoria": "Rookie"
  },
  {
    "modalidadId": 2,
    "modalidad": "Dobles",
    "posicion": 84,
    "jugadorId": 44,
    "nombreJugador": "Francisco SANTIAGO MUÑOZ",
    "puntos": 1504,
    "categoriaId": 2,
    "categoria": "Amater"
  },
  {
    "modalidadId": 2,
    "modalidad": "Dobles",
    "posicion": 85,
    "jugadorId": 723,
    "nombreJugador": "Darío ALARCÓN GARCÍA",
    "puntos": 1503,
    "categoriaId": 2,
    "categoria": "Amater"
  },
  {
    "modalidadId": 2,
    "modalidad": "Dobles",
    "posicion": 86,
    "jugadorId": 691,
    "nombreJugador": "David ALDEANO RUIZ",
    "puntos": 1503,
    "categoriaId": 2,
    "categoria": "Amater"
  },
  {
    "modalidadId": 2,
    "modalidad": "Dobles",
    "posicion": 87,
    "jugadorId": 742,
    "nombreJugador": "Aitor ORTIZ GÓMEZ",
    "puntos": 1500,
    "categoriaId": 2,
    "categoria": "Amater"
  },
  {
    "modalidadId": 2,
    "modalidad": "Dobles",
    "posicion": 88,
    "jugadorId": 774,
    "nombreJugador": "Jorge ARROYO OREJA",
    "puntos": 1492,
    "categoriaId": 2,
    "categoria": "Amater"
  },
  {
    "modalidadId": 2,
    "modalidad": "Dobles",
    "posicion": 89,
    "jugadorId": 72,
    "nombreJugador": "Sergio CHILOECHES",
    "puntos": 1488,
    "categoriaId": 2,
    "categoria": "Amater"
  },
  {
    "modalidadId": 2,
    "modalidad": "Dobles",
    "posicion": 90,
    "jugadorId": 42,
    "nombreJugador": "Sergio MARTIN GOMEZ",
    "puntos": 1453,
    "categoriaId": 2,
    "categoria": "Amater"
  },
  {
    "modalidadId": 2,
    "modalidad": "Dobles",
    "posicion": 91,
    "jugadorId": 487,
    "nombreJugador": "Javier RUIZ",
    "puntos": 1450,
    "categoriaId": 2,
    "categoria": "Amater"
  },
  {
    "modalidadId": 2,
    "modalidad": "Dobles",
    "posicion": 92,
    "jugadorId": 704,
    "nombreJugador": "Ignacio SANCHEZ INFIESTA",
    "puntos": 1450,
    "categoriaId": 2,
    "categoria": "Amater"
  },
  {
    "modalidadId": 2,
    "modalidad": "Dobles",
    "posicion": 93,
    "jugadorId": 436,
    "nombreJugador": "Jaime NEIRA SANCHEZ",
    "puntos": 1450,
    "categoriaId": 2,
    "categoria": "Amater"
  },
  {
    "modalidadId": 2,
    "modalidad": "Dobles",
    "posicion": 94,
    "jugadorId": 540,
    "nombreJugador": "David GUTIERREZ CAMINO",
    "puntos": 1450,
    "categoriaId": 2,
    "categoria": "Amater"
  },
  {
    "modalidadId": 2,
    "modalidad": "Dobles",
    "posicion": 95,
    "jugadorId": 730,
    "nombreJugador": "Mijay BALAN TUDOR",
    "puntos": 1450,
    "categoriaId": 2,
    "categoria": "Amater"
  },
  {
    "modalidadId": 2,
    "modalidad": "Dobles",
    "posicion": 96,
    "jugadorId": 950,
    "nombreJugador": "Sebastian CHERNY CASSIN",
    "puntos": 1450,
    "categoriaId": 2,
    "categoria": "Amater"
  },
  {
    "modalidadId": 2,
    "modalidad": "Dobles",
    "posicion": 97,
    "jugadorId": 434,
    "nombreJugador": "Antonio  NAVARRO PACHECA",
    "puntos": 1448,
    "categoriaId": 2,
    "categoria": "Amater"
  },
  {
    "modalidadId": 2,
    "modalidad": "Dobles",
    "posicion": 98,
    "jugadorId": 82,
    "nombreJugador": "Felix VILLANUEVA REILLO",
    "puntos": 1446,
    "categoriaId": 2,
    "categoria": "Amater"
  },
  {
    "modalidadId": 2,
    "modalidad": "Dobles",
    "posicion": 99,
    "jugadorId": 340,
    "nombreJugador": "Mari Angeles GARCIA GONZALEZ",
    "puntos": 1445,
    "categoriaId": 2,
    "categoria": "Amater"
  },
  {
    "modalidadId": 2,
    "modalidad": "Dobles",
    "posicion": 100,
    "jugadorId": 698,
    "nombreJugador": "Ricardo LEAL DAMAS",
    "puntos": 1442,
    "categoriaId": 1,
    "categoria": "Rookie"
  },
  {
    "modalidadId": 2,
    "modalidad": "Dobles",
    "posicion": 101,
    "jugadorId": 319,
    "nombreJugador": "Hicham FENNI RHOUZALI",
    "puntos": 1426,
    "categoriaId": 2,
    "categoria": "Amater"
  },
  {
    "modalidadId": 2,
    "modalidad": "Dobles",
    "posicion": 102,
    "jugadorId": 388,
    "nombreJugador": "Ricardo LANCHA HIGUERA",
    "puntos": 1424,
    "categoriaId": 2,
    "categoria": "Amater"
  },
  {
    "modalidadId": 2,
    "modalidad": "Dobles",
    "posicion": 103,
    "jugadorId": 783,
    "nombreJugador": "Tamara PLANA MONZON",
    "puntos": 1424,
    "categoriaId": 1,
    "categoria": "Rookie"
  },
  {
    "modalidadId": 2,
    "modalidad": "Dobles",
    "posicion": 104,
    "jugadorId": 778,
    "nombreJugador": "Raul MARTINEZ ALBARES",
    "puntos": 1416,
    "categoriaId": 1,
    "categoria": "Rookie"
  },
  {
    "modalidadId": 2,
    "modalidad": "Dobles",
    "posicion": 105,
    "jugadorId": 969,
    "nombreJugador": "Meli ALTARES TAPIA",
    "puntos": 1410,
    "categoriaId": 1,
    "categoria": "Rookie"
  },
  {
    "modalidadId": 2,
    "modalidad": "Dobles",
    "posicion": 106,
    "jugadorId": 759,
    "nombreJugador": "Mario TERRON FUENTES",
    "puntos": 1383,
    "categoriaId": 1,
    "categoria": "Rookie"
  },
  {
    "modalidadId": 2,
    "modalidad": "Dobles",
    "posicion": 107,
    "jugadorId": 1217,
    "nombreJugador": "Raquel DEL HOYO",
    "puntos": 1378,
    "categoriaId": 1,
    "categoria": "Rookie"
  },
  {
    "modalidadId": 2,
    "modalidad": "Dobles",
    "posicion": 108,
    "jugadorId": 1340,
    "nombreJugador": "Jorge MUÑOZ SANCHEZ",
    "puntos": 1376,
    "categoriaId": 1,
    "categoria": "Rookie"
  },
  {
    "modalidadId": 2,
    "modalidad": "Dobles",
    "posicion": 109,
    "jugadorId": 813,
    "nombreJugador": "Roberto PRUDENCIO MARTIN",
    "puntos": 1358,
    "categoriaId": 2,
    "categoria": "Amater"
  },
  {
    "modalidadId": 2,
    "modalidad": "Dobles",
    "posicion": 110,
    "jugadorId": 842,
    "nombreJugador": "Juan Jose CONCEPCION GUTIERREZ",
    "puntos": 1345,
    "categoriaId": 1,
    "categoria": "Rookie"
  },
  {
    "modalidadId": 2,
    "modalidad": "Dobles",
    "posicion": 111,
    "jugadorId": 1312,
    "nombreJugador": "Javier DÍAZ ALGARA",
    "puntos": 1340,
    "categoriaId": 1,
    "categoria": "Rookie"
  },
  {
    "modalidadId": 2,
    "modalidad": "Dobles",
    "posicion": 112,
    "jugadorId": 488,
    "nombreJugador": "Mariano RUÍZ RODRÍGUEZ",
    "puntos": 1337,
    "categoriaId": 1,
    "categoria": "Rookie"
  },
  {
    "modalidadId": 2,
    "modalidad": "Dobles",
    "posicion": 113,
    "jugadorId": 841,
    "nombreJugador": "Jose Andres LOPEZ GONZALEZ",
    "puntos": 1335,
    "categoriaId": 1,
    "categoria": "Rookie"
  },
  {
    "modalidadId": 2,
    "modalidad": "Dobles",
    "posicion": 114,
    "jugadorId": 1153,
    "nombreJugador": "Margarita CARREÑO HORRACH",
    "puntos": 1320,
    "categoriaId": 1,
    "categoria": "Rookie"
  },
  {
    "modalidadId": 2,
    "modalidad": "Dobles",
    "posicion": 115,
    "jugadorId": 915,
    "nombreJugador": "Julio cesar RUIZ BENITO",
    "puntos": 1319,
    "categoriaId": 1,
    "categoria": "Rookie"
  },
  {
    "modalidadId": 2,
    "modalidad": "Dobles",
    "posicion": 116,
    "jugadorId": 772,
    "nombreJugador": "Jaime HERNANDO BARBERO",
    "puntos": 1311,
    "categoriaId": 1,
    "categoria": "Rookie"
  },
  {
    "modalidadId": 2,
    "modalidad": "Dobles",
    "posicion": 117,
    "jugadorId": 782,
    "nombreJugador": "Lucia AREVALO DE JORGE",
    "puntos": 1307,
    "categoriaId": 1,
    "categoria": "Rookie"
  },
  {
    "modalidadId": 2,
    "modalidad": "Dobles",
    "posicion": 118,
    "jugadorId": 1124,
    "nombreJugador": "Roberto DEL POZO DIAZ",
    "puntos": 1307,
    "categoriaId": 2,
    "categoria": "Amater"
  },
  {
    "modalidadId": 2,
    "modalidad": "Dobles",
    "posicion": 119,
    "jugadorId": 901,
    "nombreJugador": "Andrés SANTANDER",
    "puntos": 1305,
    "categoriaId": 1,
    "categoria": "Rookie"
  },
  {
    "modalidadId": 2,
    "modalidad": "Dobles",
    "posicion": 120,
    "jugadorId": 845,
    "nombreJugador": "David FERNANDEZ MINGO",
    "puntos": 1284,
    "categoriaId": 1,
    "categoria": "Rookie"
  },
  {
    "modalidadId": 2,
    "modalidad": "Dobles",
    "posicion": 121,
    "jugadorId": 295,
    "nombreJugador": "Ismael CID GARCIA",
    "puntos": 1259,
    "categoriaId": 1,
    "categoria": "Rookie"
  },
  {
    "modalidadId": 2,
    "modalidad": "Dobles",
    "posicion": 122,
    "jugadorId": 311,
    "nombreJugador": "Miguel DE OPAZO",
    "puntos": 1259,
    "categoriaId": 1,
    "categoria": "Rookie"
  },
  {
    "modalidadId": 2,
    "modalidad": "Dobles",
    "posicion": 123,
    "jugadorId": 806,
    "nombreJugador": "Ismael MORANTE DIAZ",
    "puntos": 1246,
    "categoriaId": 1,
    "categoria": "Rookie"
  },
  {
    "modalidadId": 2,
    "modalidad": "Dobles",
    "posicion": 124,
    "jugadorId": 805,
    "nombreJugador": "Hector DIAZ CAMARA",
    "puntos": 1246,
    "categoriaId": 1,
    "categoria": "Rookie"
  },
  {
    "modalidadId": 2,
    "modalidad": "Dobles",
    "posicion": 125,
    "jugadorId": 788,
    "nombreJugador": "Sara DULCINEA GARCÍA",
    "puntos": 1235,
    "categoriaId": 1,
    "categoria": "Rookie"
  },
  {
    "modalidadId": 2,
    "modalidad": "Dobles",
    "posicion": 126,
    "jugadorId": 1051,
    "nombreJugador": "Gregorio MONZON GUINDAL",
    "puntos": 1212,
    "categoriaId": 1,
    "categoria": "Rookie"
  },
  {
    "modalidadId": 2,
    "modalidad": "Dobles",
    "posicion": 127,
    "jugadorId": 808,
    "nombreJugador": "Javier ALFONSO MONTOYA",
    "puntos": 1210,
    "categoriaId": 1,
    "categoria": "Rookie"
  },
  {
    "modalidadId": 2,
    "modalidad": "Dobles",
    "posicion": 128,
    "jugadorId": 947,
    "nombreJugador": "Sergio MUÑOZ ARENAS",
    "puntos": 1205,
    "categoriaId": 1,
    "categoria": "Rookie"
  },
  {
    "modalidadId": 2,
    "modalidad": "Dobles",
    "posicion": 129,
    "jugadorId": 1338,
    "nombreJugador": "Oscar JIMENEZ GOMEZ",
    "puntos": 1175,
    "categoriaId": 1,
    "categoria": "Rookie"
  },
  {
    "modalidadId": 2,
    "modalidad": "Dobles",
    "posicion": 130,
    "jugadorId": 300,
    "nombreJugador": "Ana Maria COPADO ALONSO",
    "puntos": 1168,
    "categoriaId": 1,
    "categoria": "Rookie"
  },
  {
    "modalidadId": 2,
    "modalidad": "Dobles",
    "posicion": 131,
    "jugadorId": 850,
    "nombreJugador": "Susana SANTOS VICTOR",
    "puntos": 1163,
    "categoriaId": 1,
    "categoria": "Rookie"
  },
  {
    "modalidadId": 2,
    "modalidad": "Dobles",
    "posicion": 132,
    "jugadorId": 765,
    "nombreJugador": "Aarón GARCÍA GARCÍA",
    "puntos": 1130,
    "categoriaId": 1,
    "categoria": "Rookie"
  },
  {
    "modalidadId": 2,
    "modalidad": "Dobles",
    "posicion": 133,
    "jugadorId": 1123,
    "nombreJugador": "Pablo GARCIA CARRASCO",
    "puntos": 1122,
    "categoriaId": 1,
    "categoria": "Rookie"
  },
  {
    "modalidadId": 2,
    "modalidad": "Dobles",
    "posicion": 134,
    "jugadorId": 1102,
    "nombreJugador": "Abel SANCHEZ CUCHANERO",
    "puntos": 1113,
    "categoriaId": 1,
    "categoria": "Rookie"
  },
  {
    "modalidadId": 2,
    "modalidad": "Dobles",
    "posicion": 135,
    "jugadorId": 1044,
    "nombreJugador": "Oscar MARTINEZ NICOLAS",
    "puntos": 1100,
    "categoriaId": 1,
    "categoria": "Rookie"
  },
  {
    "modalidadId": 2,
    "modalidad": "Dobles",
    "posicion": 136,
    "jugadorId": 912,
    "nombreJugador": "Jose javier LOPEZ GONZALEZ",
    "puntos": 1096,
    "categoriaId": 1,
    "categoria": "Rookie"
  },
  {
    "modalidadId": 2,
    "modalidad": "Dobles",
    "posicion": 137,
    "jugadorId": 1111,
    "nombreJugador": "Fabian SOMOLINOS MARTINEZ",
    "puntos": 1092,
    "categoriaId": 1,
    "categoria": "Rookie"
  },
  {
    "modalidadId": 2,
    "modalidad": "Dobles",
    "posicion": 138,
    "jugadorId": 1129,
    "nombreJugador": "Alberto SANCHEZ RUÍZ",
    "puntos": 1092,
    "categoriaId": 1,
    "categoria": "Rookie"
  },
  {
    "modalidadId": 2,
    "modalidad": "Dobles",
    "posicion": 139,
    "jugadorId": 1057,
    "nombreJugador": "Alejandro CORRALIZA GRACIA",
    "puntos": 1088,
    "categoriaId": 1,
    "categoria": "Rookie"
  },
  {
    "modalidadId": 2,
    "modalidad": "Dobles",
    "posicion": 140,
    "jugadorId": 1061,
    "nombreJugador": "David PLANA GOMEZ",
    "puntos": 1084,
    "categoriaId": 1,
    "categoria": "Rookie"
  },
  {
    "modalidadId": 2,
    "modalidad": "Dobles",
    "posicion": 141,
    "jugadorId": 909,
    "nombreJugador": "Javier MUÑOZ ARENAS",
    "puntos": 1082,
    "categoriaId": 1,
    "categoria": "Rookie"
  },
  {
    "modalidadId": 2,
    "modalidad": "Dobles",
    "posicion": 142,
    "jugadorId": 899,
    "nombreJugador": "Alicia ALFONSO LAPEÑA",
    "puntos": 1075,
    "categoriaId": 1,
    "categoria": "Rookie"
  },
  {
    "modalidadId": 2,
    "modalidad": "Dobles",
    "posicion": 143,
    "jugadorId": 1257,
    "nombreJugador": "David MONTORO LOPEZ",
    "puntos": 1047,
    "categoriaId": 1,
    "categoria": "Rookie"
  },
  {
    "modalidadId": 2,
    "modalidad": "Dobles",
    "posicion": 144,
    "jugadorId": 1258,
    "nombreJugador": "Alba MORA",
    "puntos": 1047,
    "categoriaId": 1,
    "categoria": "Rookie"
  },
  {
    "modalidadId": 2,
    "modalidad": "Dobles",
    "posicion": 145,
    "jugadorId": 837,
    "nombreJugador": "Domingo ROQUERO",
    "puntos": 1038,
    "categoriaId": 1,
    "categoria": "Rookie"
  },
  {
    "modalidadId": 2,
    "modalidad": "Dobles",
    "posicion": 146,
    "jugadorId": 924,
    "nombreJugador": "Teodor MONCHILOV TODOROV",
    "puntos": 1035,
    "categoriaId": 1,
    "categoria": "Rookie"
  },
  {
    "modalidadId": 2,
    "modalidad": "Dobles",
    "posicion": 147,
    "jugadorId": 1109,
    "nombreJugador": "Diego GUTIERREZ RUIZ",
    "puntos": 980,
    "categoriaId": 1,
    "categoria": "Rookie"
  },
  {
    "modalidadId": 2,
    "modalidad": "Dobles",
    "posicion": 148,
    "jugadorId": 1135,
    "nombreJugador": "Dimas ÁVILA SÁNCHEZ",
    "puntos": 980,
    "categoriaId": 1,
    "categoria": "Rookie"
  },
  {
    "modalidadId": 2,
    "modalidad": "Dobles",
    "posicion": 149,
    "jugadorId": 955,
    "nombreJugador": "Aron MOUNTADY GONZALEZ",
    "puntos": 973,
    "categoriaId": 1,
    "categoria": "Rookie"
  },
  {
    "modalidadId": 2,
    "modalidad": "Dobles",
    "posicion": 150,
    "jugadorId": 1071,
    "nombreJugador": "Sergio MARTINEZ PLANA",
    "puntos": 972,
    "categoriaId": 1,
    "categoria": "Rookie"
  },
  {
    "modalidadId": 2,
    "modalidad": "Dobles",
    "posicion": 151,
    "jugadorId": 757,
    "nombreJugador": "Juan PEREZ RUIZ",
    "puntos": 970,
    "categoriaId": 1,
    "categoria": "Rookie"
  },
  {
    "modalidadId": 2,
    "modalidad": "Dobles",
    "posicion": 152,
    "jugadorId": 787,
    "nombreJugador": "Sara AREUJALA TREJO",
    "puntos": 970,
    "categoriaId": 1,
    "categoria": "Rookie"
  },
  {
    "modalidadId": 2,
    "modalidad": "Dobles",
    "posicion": 153,
    "jugadorId": 1379,
    "nombreJugador": "Isidoro GUERRERO GAJO",
    "puntos": 970,
    "categoriaId": 1,
    "categoria": "Rookie"
  },
  {
    "modalidadId": 2,
    "modalidad": "Dobles",
    "posicion": 154,
    "jugadorId": 1322,
    "nombreJugador": "Daniel MIGUEZ AMORIN",
    "puntos": 960,
    "categoriaId": 1,
    "categoria": "Rookie"
  },
  {
    "modalidadId": 2,
    "modalidad": "Dobles",
    "posicion": 155,
    "jugadorId": 1337,
    "nombreJugador": "Antonio GOMEZ",
    "puntos": 960,
    "categoriaId": 1,
    "categoria": "Rookie"
  },
  {
    "modalidadId": 2,
    "modalidad": "Dobles",
    "posicion": 156,
    "jugadorId": 1149,
    "nombreJugador": "Nicolas LOPEZ BAYO",
    "puntos": 959,
    "categoriaId": 1,
    "categoria": "Rookie"
  },
  {
    "modalidadId": 2,
    "modalidad": "Dobles",
    "posicion": 157,
    "jugadorId": 729,
    "nombreJugador": "Mark CAMINO GONZÁLEZ",
    "puntos": 952,
    "categoriaId": 1,
    "categoria": "Rookie"
  },
  {
    "modalidadId": 2,
    "modalidad": "Dobles",
    "posicion": 158,
    "jugadorId": 1284,
    "nombreJugador": "Eugenio DÍAZ JIMENEZ",
    "puntos": 934,
    "categoriaId": 1,
    "categoria": "Rookie"
  },
  {
    "modalidadId": 2,
    "modalidad": "Dobles",
    "posicion": 159,
    "jugadorId": 1343,
    "nombreJugador": "Amir AHARRAM",
    "puntos": 920,
    "categoriaId": 1,
    "categoria": "Rookie"
  },
  {
    "modalidadId": 2,
    "modalidad": "Dobles",
    "posicion": 160,
    "jugadorId": 1346,
    "nombreJugador": "Omar AHARRAM",
    "puntos": 920,
    "categoriaId": 1,
    "categoria": "Rookie"
  },
  {
    "modalidadId": 2,
    "modalidad": "Dobles",
    "posicion": 161,
    "jugadorId": 1306,
    "nombreJugador": "Gonzalo SERNA LARA",
    "puntos": 917,
    "categoriaId": 1,
    "categoria": "Rookie"
  },
  {
    "modalidadId": 2,
    "modalidad": "Dobles",
    "posicion": 162,
    "jugadorId": 917,
    "nombreJugador": "Marc SUAU NAVA",
    "puntos": 907,
    "categoriaId": 1,
    "categoria": "Rookie"
  },
  {
    "modalidadId": 2,
    "modalidad": "Dobles",
    "posicion": 163,
    "jugadorId": 1329,
    "nombreJugador": "Neus SUAU NAVAS",
    "puntos": 907,
    "categoriaId": 1,
    "categoria": "Rookie"
  },
  {
    "modalidadId": 2,
    "modalidad": "Dobles",
    "posicion": 164,
    "jugadorId": 1309,
    "nombreJugador": "Marcos BELVIS SANCHEZ",
    "puntos": 905,
    "categoriaId": 1,
    "categoria": "Rookie"
  },
  {
    "modalidadId": 2,
    "modalidad": "Dobles",
    "posicion": 165,
    "jugadorId": 1352,
    "nombreJugador": "David COLLANTES",
    "puntos": 863,
    "categoriaId": 1,
    "categoria": "Rookie"
  },
  {
    "modalidadId": 2,
    "modalidad": "Dobles",
    "posicion": 166,
    "jugadorId": 1115,
    "nombreJugador": "Jimena LOPEZ BAYO",
    "puntos": 839,
    "categoriaId": 1,
    "categoria": "Rookie"
  },
  {
    "modalidadId": 2,
    "modalidad": "Dobles",
    "posicion": 167,
    "jugadorId": 1106,
    "nombreJugador": "Daiana LORENA ARDELEAN",
    "puntos": 826,
    "categoriaId": 1,
    "categoria": "Rookie"
  },
  {
    "modalidadId": 2,
    "modalidad": "Dobles",
    "posicion": 168,
    "jugadorId": 1371,
    "nombreJugador": "Farah TARMACH BOUHBOUH",
    "puntos": 826,
    "categoriaId": 1,
    "categoria": "Rookie"
  },
  {
    "modalidadId": 2,
    "modalidad": "Dobles",
    "posicion": 169,
    "jugadorId": 848,
    "nombreJugador": "Eva SANCHEZ CARRASCO",
    "puntos": 812,
    "categoriaId": 1,
    "categoria": "Rookie"
  },
  {
    "modalidadId": 2,
    "modalidad": "Dobles",
    "posicion": 170,
    "jugadorId": 926,
    "nombreJugador": "Abril NAVARRO GONZÁLEZ",
    "puntos": 810,
    "categoriaId": 1,
    "categoria": "Rookie"
  },
  {
    "modalidadId": 2,
    "modalidad": "Dobles",
    "posicion": 171,
    "jugadorId": 1382,
    "nombreJugador": "Alfonso MORAN PASTOR",
    "puntos": 799,
    "categoriaId": 1,
    "categoria": "Rookie"
  },
  {
    "modalidadId": 2,
    "modalidad": "Dobles",
    "posicion": 172,
    "jugadorId": 1380,
    "nombreJugador": "Andrea MARISCAL LOPEZ",
    "puntos": 752,
    "categoriaId": 1,
    "categoria": "Rookie"
  },
  {
    "modalidadId": 2,
    "modalidad": "Dobles",
    "posicion": 173,
    "jugadorId": 1376,
    "nombreJugador": "Marta DEVIA GARCIA",
    "puntos": 741,
    "categoriaId": 1,
    "categoria": "Rookie"
  },
  {
    "modalidadId": 2,
    "modalidad": "Dobles",
    "posicion": 174,
    "jugadorId": 849,
    "nombreJugador": "Leire CONCEPCION SANCHEZ",
    "puntos": 738,
    "categoriaId": 1,
    "categoria": "Rookie"
  },
  {
    "modalidadId": 2,
    "modalidad": "Dobles",
    "posicion": 175,
    "jugadorId": 1310,
    "nombreJugador": "Ruben DE LA TORRE ALFONSIN",
    "puntos": 701,
    "categoriaId": 1,
    "categoria": "Rookie"
  },
  {
    "modalidadId": 2,
    "modalidad": "Dobles",
    "posicion": 176,
    "jugadorId": 1247,
    "nombreJugador": "Juan Manuel LEDESMA JURADO",
    "puntos": 687,
    "categoriaId": 1,
    "categoria": "Rookie"
  },
  {
    "modalidadId": 2,
    "modalidad": "Dobles",
    "posicion": 177,
    "jugadorId": 1259,
    "nombreJugador": "Miguel MORENO GARCIA",
    "puntos": 687,
    "categoriaId": 1,
    "categoria": "Rookie"
  },
  {
    "modalidadId": 2,
    "modalidad": "Dobles",
    "posicion": 178,
    "jugadorId": 900,
    "nombreJugador": "Alvaro LARA GONZÁLEZ",
    "puntos": 671,
    "categoriaId": 1,
    "categoria": "Rookie"
  },
  {
    "modalidadId": 2,
    "modalidad": "Dobles",
    "posicion": 179,
    "jugadorId": 1212,
    "nombreJugador": "Eugenio CASADO PEDRAJAS",
    "puntos": 647,
    "categoriaId": 1,
    "categoria": "Rookie"
  },
  {
    "modalidadId": 2,
    "modalidad": "Dobles",
    "posicion": 180,
    "jugadorId": 1234,
    "nombreJugador": "Diego GARRIDO MONTES",
    "puntos": 647,
    "categoriaId": 1,
    "categoria": "Rookie"
  },
  {
    "modalidadId": 2,
    "modalidad": "Dobles",
    "posicion": 181,
    "jugadorId": 896,
    "nombreJugador": "Laura AGULLEIRO CÁNOVAS",
    "puntos": 480,
    "categoriaId": 1,
    "categoria": "Rookie"
  },
  {
    "modalidadId": 2,
    "modalidad": "Dobles",
    "posicion": 182,
    "jugadorId": 1147,
    "nombreJugador": "Mario SOMOLINOS",
    "puntos": 471,
    "categoriaId": 1,
    "categoria": "Rookie"
  },
  {
    "modalidadId": 2,
    "modalidad": "Dobles",
    "posicion": 183,
    "jugadorId": 1126,
    "nombreJugador": "Samara MUÑOZ BREA",
    "puntos": 467,
    "categoriaId": 1,
    "categoria": "Rookie"
  },
  {
    "modalidadId": 2,
    "modalidad": "Dobles",
    "posicion": 184,
    "jugadorId": 1377,
    "nombreJugador": "Julio GARCIA DIAZ",
    "puntos": 461,
    "categoriaId": 1,
    "categoria": "Rookie"
  },
  {
    "modalidadId": 2,
    "modalidad": "Dobles",
    "posicion": 185,
    "jugadorId": 1374,
    "nombreJugador": "Roberto VIVES",
    "puntos": 410,
    "categoriaId": 1,
    "categoria": "Rookie"
  },
  {
    "modalidadId": 2,
    "modalidad": "Dobles",
    "posicion": 186,
    "jugadorId": 1378,
    "nombreJugador": "Francisco GRANADOS JURADO",
    "puntos": 410,
    "categoriaId": 1,
    "categoria": "Rookie"
  },
  {
    "modalidadId": 2,
    "modalidad": "Dobles",
    "posicion": 187,
    "jugadorId": 940,
    "nombreJugador": "Marga DOLC",
    "puntos": 402,
    "categoriaId": 1,
    "categoria": "Rookie"
  },
  {
    "modalidadId": 2,
    "modalidad": "Dobles",
    "posicion": 188,
    "jugadorId": 898,
    "nombreJugador": "Aitor IDARRABA BERRIGUETE",
    "puntos": 369,
    "categoriaId": 1,
    "categoria": "Rookie"
  },
  {
    "modalidadId": 2,
    "modalidad": "Dobles",
    "posicion": 189,
    "jugadorId": 934,
    "nombreJugador": "Diego ARTIAGA BENITO",
    "puntos": 355,
    "categoriaId": 1,
    "categoria": "Rookie"
  },
  {
    "modalidadId": 2,
    "modalidad": "Dobles",
    "posicion": 190,
    "jugadorId": 1053,
    "nombreJugador": "Javier GOMEZ DEL AMO",
    "puntos": 306,
    "categoriaId": 1,
    "categoria": "Rookie"
  },
  {
    "modalidadId": 2,
    "modalidad": "Dobles",
    "posicion": 191,
    "jugadorId": 846,
    "nombreJugador": "Mario NADADOR",
    "puntos": 294,
    "categoriaId": 1,
    "categoria": "Rookie"
  },
  {
    "modalidadId": 2,
    "modalidad": "Dobles",
    "posicion": 192,
    "jugadorId": 1136,
    "nombreJugador": "Elena BENITO GOMEZ",
    "puntos": 280,
    "categoriaId": 1,
    "categoria": "Rookie"
  },
  {
    "modalidadId": 2,
    "modalidad": "Dobles",
    "posicion": 193,
    "jugadorId": 1350,
    "nombreJugador": "Carla CADENAS",
    "puntos": 280,
    "categoriaId": 1,
    "categoria": "Rookie"
  },
  {
    "modalidadId": 2,
    "modalidad": "Dobles",
    "posicion": 194,
    "jugadorId": 1364,
    "nombreJugador": "Eva MOYANO",
    "puntos": 214,
    "categoriaId": 1,
    "categoria": "Rookie"
  },
  {
    "modalidadId": 2,
    "modalidad": "Dobles",
    "posicion": 195,
    "jugadorId": 1050,
    "nombreJugador": "Gerardo GALACHE GARCIA",
    "puntos": 164,
    "categoriaId": 1,
    "categoria": "Rookie"
  },
  {
    "modalidadId": 2,
    "modalidad": "Dobles",
    "posicion": 196,
    "jugadorId": 1064,
    "nombreJugador": "Hector GOMEZ DEL AMO",
    "puntos": 164,
    "categoriaId": 1,
    "categoria": "Rookie"
  }
]
