[
  {
    "modalidadId": 10,
    "modalidad": "Mixto",
    "posicion": 1,
    "jugadorId": 1019,
    "nombreJugador": "Adam TOURMENTE",
    "puntos": 2329,
    "categoriaId": 4,
    "categoria": "Elite"
  },
  {
    "modalidadId": 10,
    "modalidad": "Mixto",
    "posicion": 2,
    "jugadorId": 1035,
    "nombreJugador": "Ilana ROBIN",
    "puntos": 2329,
    "categoriaId": 4,
    "categoria": "Elite"
  },
  {
    "modalidadId": 10,
    "modalidad": "Mixto",
    "posicion": 3,
    "jugadorId": 1034,
    "nombreJugador": "Ecaterina SARBULESCU",
    "puntos": 2291,
    "categoriaId": 4,
    "categoria": "Elite"
  },
  {
    "modalidadId": 10,
    "modalidad": "Mixto",
    "posicion": 4,
    "jugadorId": 1024,
    "nombreJugador": "Šimon VÁROŠ",
    "puntos": 2253,
    "categoriaId": 4,
    "categoria": "Elite"
  },
  {
    "modalidadId": 10,
    "modalidad": "Mixto",
    "posicion": 5,
    "jugadorId": 1040,
    "nombreJugador": "Elisabeth PRAETORIUS",
    "puntos": 2251,
    "categoriaId": 4,
    "categoria": "Elite"
  },
  {
    "modalidadId": 10,
    "modalidad": "Mixto",
    "posicion": 6,
    "jugadorId": 877,
    "nombreJugador": "Yannik HANSEN",
    "puntos": 2209,
    "categoriaId": 1,
    "categoria": "Rookie"
  },
  {
    "modalidadId": 10,
    "modalidad": "Mixto",
    "posicion": 7,
    "jugadorId": 1082,
    "nombreJugador": "Ângela COSTA",
    "puntos": 2117,
    "categoriaId": 2,
    "categoria": "Amater"
  },
  {
    "modalidadId": 10,
    "modalidad": "Mixto",
    "posicion": 8,
    "jugadorId": 1084,
    "nombreJugador": "Bruno GARRA",
    "puntos": 2117,
    "categoriaId": 2,
    "categoria": "Amater"
  },
  {
    "modalidadId": 10,
    "modalidad": "Mixto",
    "posicion": 9,
    "jugadorId": 1090,
    "nombreJugador": "Ilnura MUKHAMEDZHANOVA",
    "puntos": 2093,
    "categoriaId": 4,
    "categoria": "Elite"
  },
  {
    "modalidadId": 10,
    "modalidad": "Mixto",
    "posicion": 10,
    "jugadorId": 884,
    "nombreJugador": "Judith MEISTERHANS",
    "puntos": 2090,
    "categoriaId": 3,
    "categoria": "Master"
  },
  {
    "modalidadId": 10,
    "modalidad": "Mixto",
    "posicion": 11,
    "jugadorId": 1023,
    "nombreJugador": "Philipp LUKAS",
    "puntos": 1979,
    "categoriaId": 3,
    "categoria": "Master"
  },
  {
    "modalidadId": 10,
    "modalidad": "Mixto",
    "posicion": 12,
    "jugadorId": 878,
    "nombreJugador": "Auguste MARTINENKAITE",
    "puntos": 1778,
    "categoriaId": 3,
    "categoria": "Master"
  },
  {
    "modalidadId": 10,
    "modalidad": "Mixto",
    "posicion": 13,
    "jugadorId": 1095,
    "nombreJugador": "Katarzyna KICZKE",
    "puntos": 1763,
    "categoriaId": 1,
    "categoria": "Rookie"
  },
  {
    "modalidadId": 10,
    "modalidad": "Mixto",
    "posicion": 14,
    "jugadorId": 860,
    "nombreJugador": "Giuliano BENTIVOGLIO",
    "puntos": 1696,
    "categoriaId": 1,
    "categoria": "Rookie"
  },
  {
    "modalidadId": 10,
    "modalidad": "Mixto",
    "posicion": 15,
    "jugadorId": 1037,
    "nombreJugador": "Malika SENOUCI",
    "puntos": 1684,
    "categoriaId": 2,
    "categoria": "Amater"
  },
  {
    "modalidadId": 10,
    "modalidad": "Mixto",
    "posicion": 16,
    "jugadorId": 856,
    "nombreJugador": "Daniel BURMETLER",
    "puntos": 1659,
    "categoriaId": 2,
    "categoria": "Amater"
  },
  {
    "modalidadId": 10,
    "modalidad": "Mixto",
    "posicion": 17,
    "jugadorId": 1227,
    "nombreJugador": "Maria FRANCO",
    "puntos": 1591,
    "categoriaId": 1,
    "categoria": "Rookie"
  },
  {
    "modalidadId": 10,
    "modalidad": "Mixto",
    "posicion": 18,
    "jugadorId": 1228,
    "nombreJugador": "Nelo FRANCO",
    "puntos": 1591,
    "categoriaId": 1,
    "categoria": "Rookie"
  },
  {
    "modalidadId": 10,
    "modalidad": "Mixto",
    "posicion": 19,
    "jugadorId": 872,
    "nombreJugador": "Thijs VAN SCHIJNDEL",
    "puntos": 1539,
    "categoriaId": 2,
    "categoria": "Amater"
  },
  {
    "modalidadId": 10,
    "modalidad": "Mixto",
    "posicion": 20,
    "jugadorId": 861,
    "nombreJugador": "Gunnar LEU",
    "puntos": 1524,
    "categoriaId": 2,
    "categoria": "Amater"
  },
  {
    "modalidadId": 10,
    "modalidad": "Mixto",
    "posicion": 21,
    "jugadorId": 1098,
    "nombreJugador": "Rafael RAMOS",
    "puntos": 1493,
    "categoriaId": 1,
    "categoria": "Rookie"
  },
  {
    "modalidadId": 10,
    "modalidad": "Mixto",
    "posicion": 22,
    "jugadorId": 1081,
    "nombreJugador": "Ana NUNES",
    "puntos": 1493,
    "categoriaId": 1,
    "categoria": "Rookie"
  },
  {
    "modalidadId": 10,
    "modalidad": "Mixto",
    "posicion": 23,
    "jugadorId": 1039,
    "nombreJugador": "Radostina LYUBOMIROVA",
    "puntos": 1429,
    "categoriaId": 2,
    "categoria": "Amater"
  },
  {
    "modalidadId": 10,
    "modalidad": "Mixto",
    "posicion": 24,
    "jugadorId": 858,
    "nombreJugador": "Felix DROESE",
    "puntos": 1408,
    "categoriaId": 1,
    "categoria": "Rookie"
  },
  {
    "modalidadId": 10,
    "modalidad": "Mixto",
    "posicion": 25,
    "jugadorId": 1087,
    "nombreJugador": "Filipe SOALHEIRO",
    "puntos": 1342,
    "categoriaId": 1,
    "categoria": "Rookie"
  },
  {
    "modalidadId": 10,
    "modalidad": "Mixto",
    "posicion": 26,
    "jugadorId": 1323,
    "nombreJugador": "Bianca OLIVEIRA",
    "puntos": 1342,
    "categoriaId": 1,
    "categoria": "Rookie"
  },
  {
    "modalidadId": 10,
    "modalidad": "Mixto",
    "posicion": 27,
    "jugadorId": 1088,
    "nombreJugador": "George EID",
    "puntos": 1165,
    "categoriaId": 1,
    "categoria": "Rookie"
  },
  {
    "modalidadId": 10,
    "modalidad": "Mixto",
    "posicion": 28,
    "jugadorId": 1260,
    "nombreJugador": "Francisco MORGADO",
    "puntos": 962,
    "categoriaId": 1,
    "categoria": "Rookie"
  },
  {
    "modalidadId": 10,
    "modalidad": "Mixto",
    "posicion": 29,
    "jugadorId": 1272,
    "nombreJugador": "Neuza SAINHAS",
    "puntos": 962,
    "categoriaId": 1,
    "categoria": "Rookie"
  },
  {
    "modalidadId": 10,
    "modalidad": "Mixto",
    "posicion": 30,
    "jugadorId": 616,
    "nombreJugador": "Daniel GÖRLICH",
    "puntos": 919,
    "categoriaId": 1,
    "categoria": "Rookie"
  },
  {
    "modalidadId": 10,
    "modalidad": "Mixto",
    "posicion": 31,
    "jugadorId": 853,
    "nombreJugador": "Christian POMPONI",
    "puntos": 838,
    "categoriaId": 1,
    "categoria": "Rookie"
  },
  {
    "modalidadId": 10,
    "modalidad": "Mixto",
    "posicion": 32,
    "jugadorId": 894,
    "nombreJugador": "Cindy AHKIOON",
    "puntos": 487,
    "categoriaId": 1,
    "categoria": "Rookie"
  }
]
