[
  {
    "modalidadId": 3,
    "modalidad": "Senior Dobles",
    "posicion": 1,
    "jugadorId": 853,
    "nombreJugador": "Christian POMPONI",
    "puntos": 2123,
    "categoriaId": 1,
    "categoria": "Rookie"
  },
  {
    "modalidadId": 3,
    "modalidad": "Senior Dobles",
    "posicion": 2,
    "jugadorId": 860,
    "nombreJugador": "Giuliano BENTIVOGLIO",
    "puntos": 2123,
    "categoriaId": 1,
    "categoria": "Rookie"
  },
  {
    "modalidadId": 3,
    "modalidad": "Senior Dobles",
    "posicion": 3,
    "jugadorId": 882,
    "nombreJugador": "Gilles BLOCH",
    "puntos": 1249,
    "categoriaId": 1,
    "categoria": "Rookie"
  },
  {
    "modalidadId": 3,
    "modalidad": "Senior Dobles",
    "posicion": 4,
    "jugadorId": 1228,
    "nombreJugador": "Nelo FRANCO",
    "puntos": 300,
    "categoriaId": 1,
    "categoria": "Rookie"
  }
]
