[
  {
    "modalidadId": 6,
    "modalidad": "Junior Individual",
    "posicion": 1,
    "jugadorId": 897,
    "nombreJugador": "Tomas FERNANDEZ GUIRAO",
    "puntos": 1743,
    "categoriaId": 3,
    "categoria": "Master"
  },
  {
    "modalidadId": 6,
    "modalidad": "Junior Individual",
    "posicion": 2,
    "jugadorId": 924,
    "nombreJugador": "Teodor MONCHILOV TODOROV",
    "puntos": 1701,
    "categoriaId": 1,
    "categoria": "Rookie"
  },
  {
    "modalidadId": 6,
    "modalidad": "Junior Individual",
    "posicion": 3,
    "jugadorId": 1149,
    "nombreJugador": "Nicolas LOPEZ BAYO",
    "puntos": 1597,
    "categoriaId": 1,
    "categoria": "Rookie"
  },
  {
    "modalidadId": 6,
    "modalidad": "Junior Individual",
    "posicion": 4,
    "jugadorId": 1044,
    "nombreJugador": "Oscar MARTINEZ NICOLAS",
    "puntos": 1583,
    "categoriaId": 2,
    "categoria": "Amater"
  },
  {
    "modalidadId": 6,
    "modalidad": "Junior Individual",
    "posicion": 5,
    "jugadorId": 1129,
    "nombreJugador": "Alberto SANCHEZ RUÍZ",
    "puntos": 856,
    "categoriaId": 1,
    "categoria": "Rookie"
  },
  {
    "modalidadId": 6,
    "modalidad": "Junior Individual",
    "posicion": 6,
    "jugadorId": 1346,
    "nombreJugador": "Omar AHARRAM",
    "puntos": 856,
    "categoriaId": 1,
    "categoria": "Rookie"
  },
  {
    "modalidadId": 6,
    "modalidad": "Junior Individual",
    "posicion": 7,
    "jugadorId": 225,
    "nombreJugador": "Ivan MAYORGA SANDOVAL",
    "puntos": 771,
    "categoriaId": 1,
    "categoria": "Rookie"
  },
  {
    "modalidadId": 6,
    "modalidad": "Junior Individual",
    "posicion": 8,
    "jugadorId": 1343,
    "nombreJugador": "Amir AHARRAM",
    "puntos": 658,
    "categoriaId": 1,
    "categoria": "Rookie"
  },
  {
    "modalidadId": 6,
    "modalidad": "Junior Individual",
    "posicion": 9,
    "jugadorId": 917,
    "nombreJugador": "Marc SUAU NAVA",
    "puntos": 639,
    "categoriaId": 1,
    "categoria": "Rookie"
  },
  {
    "modalidadId": 6,
    "modalidad": "Junior Individual",
    "posicion": 10,
    "jugadorId": 1102,
    "nombreJugador": "Abel SANCHEZ CUCHANERO",
    "puntos": 622,
    "categoriaId": 1,
    "categoria": "Rookie"
  },
  {
    "modalidadId": 6,
    "modalidad": "Junior Individual",
    "posicion": 11,
    "jugadorId": 947,
    "nombreJugador": "Sergio MUÑOZ ARENAS",
    "puntos": 578,
    "categoriaId": 1,
    "categoria": "Rookie"
  },
  {
    "modalidadId": 6,
    "modalidad": "Junior Individual",
    "posicion": 12,
    "jugadorId": 909,
    "nombreJugador": "Javier MUÑOZ ARENAS",
    "puntos": 508,
    "categoriaId": 1,
    "categoria": "Rookie"
  },
  {
    "modalidadId": 6,
    "modalidad": "Junior Individual",
    "posicion": 13,
    "jugadorId": 1111,
    "nombreJugador": "Fabian SOMOLINOS MARTINEZ",
    "puntos": 306,
    "categoriaId": 1,
    "categoria": "Rookie"
  },
  {
    "modalidadId": 6,
    "modalidad": "Junior Individual",
    "posicion": 14,
    "jugadorId": 1068,
    "nombreJugador": "Pablo DE LA PEÑA CARRETERO",
    "puntos": 262,
    "categoriaId": 1,
    "categoria": "Rookie"
  },
  {
    "modalidadId": 6,
    "modalidad": "Junior Individual",
    "posicion": 15,
    "jugadorId": 229,
    "nombreJugador": "Jorge CANO LUDEÑA",
    "puntos": 202,
    "categoriaId": 1,
    "categoria": "Rookie"
  },
  {
    "modalidadId": 6,
    "modalidad": "Junior Individual",
    "posicion": 16,
    "jugadorId": 1329,
    "nombreJugador": "Neus SUAU NAVAS",
    "puntos": 143,
    "categoriaId": 1,
    "categoria": "Rookie"
  },
  {
    "modalidadId": 6,
    "modalidad": "Junior Individual",
    "posicion": 17,
    "jugadorId": 1352,
    "nombreJugador": "David COLLANTES",
    "puntos": 128,
    "categoriaId": 1,
    "categoria": "Rookie"
  }
]
