[
  {
    "modalidadId": 1,
    "modalidad": "Individual",
    "posicion": 1,
    "jugadorId": 858,
    "nombreJugador": "Felix DROESE",
    "puntos": 2269,
    "categoriaId": 4,
    "categoria": "Elite"
  },
  {
    "modalidadId": 1,
    "modalidad": "Individual",
    "posicion": 2,
    "jugadorId": 1024,
    "nombreJugador": "Šimon VÁROŠ",
    "puntos": 2257,
    "categoriaId": 4,
    "categoria": "Elite"
  },
  {
    "modalidadId": 1,
    "modalidad": "Individual",
    "posicion": 3,
    "jugadorId": 877,
    "nombreJugador": "Yannik HANSEN",
    "puntos": 2237,
    "categoriaId": 4,
    "categoria": "Elite"
  },
  {
    "modalidadId": 1,
    "modalidad": "Individual",
    "posicion": 4,
    "jugadorId": 872,
    "nombreJugador": "Thijs VAN SCHIJNDEL",
    "puntos": 2233,
    "categoriaId": 4,
    "categoria": "Elite"
  },
  {
    "modalidadId": 1,
    "modalidad": "Individual",
    "posicion": 5,
    "jugadorId": 1019,
    "nombreJugador": "Adam TOURMENTE",
    "puntos": 2175,
    "categoriaId": 4,
    "categoria": "Elite"
  },
  {
    "modalidadId": 1,
    "modalidad": "Individual",
    "posicion": 6,
    "jugadorId": 1023,
    "nombreJugador": "Philipp LUKAS",
    "puntos": 2174,
    "categoriaId": 4,
    "categoria": "Elite"
  },
  {
    "modalidadId": 1,
    "modalidad": "Individual",
    "posicion": 7,
    "jugadorId": 860,
    "nombreJugador": "Giuliano BENTIVOGLIO",
    "puntos": 2149,
    "categoriaId": 4,
    "categoria": "Elite"
  },
  {
    "modalidadId": 1,
    "modalidad": "Individual",
    "posicion": 8,
    "jugadorId": 1021,
    "nombreJugador": "Filipe PARREIRA",
    "puntos": 2121,
    "categoriaId": 4,
    "categoria": "Elite"
  },
  {
    "modalidadId": 1,
    "modalidad": "Individual",
    "posicion": 9,
    "jugadorId": 856,
    "nombreJugador": "Daniel BURMETLER",
    "puntos": 2107,
    "categoriaId": 4,
    "categoria": "Elite"
  },
  {
    "modalidadId": 1,
    "modalidad": "Individual",
    "posicion": 10,
    "jugadorId": 791,
    "nombreJugador": "Felipe Miguel FARIA DE CARVALHO",
    "puntos": 2107,
    "categoriaId": 4,
    "categoria": "Elite"
  },
  {
    "modalidadId": 1,
    "modalidad": "Individual",
    "posicion": 11,
    "jugadorId": 1282,
    "nombreJugador": "Jake BARNETTE",
    "puntos": 2073,
    "categoriaId": 4,
    "categoria": "Elite"
  },
  {
    "modalidadId": 1,
    "modalidad": "Individual",
    "posicion": 12,
    "jugadorId": 861,
    "nombreJugador": "Gunnar LEU",
    "puntos": 2045,
    "categoriaId": 4,
    "categoria": "Elite"
  },
  {
    "modalidadId": 1,
    "modalidad": "Individual",
    "posicion": 13,
    "jugadorId": 1314,
    "nombreJugador": "Francisco FRANCO",
    "puntos": 2041,
    "categoriaId": 4,
    "categoria": "Elite"
  },
  {
    "modalidadId": 1,
    "modalidad": "Individual",
    "posicion": 14,
    "jugadorId": 793,
    "nombreJugador": "Goncalo PEREIRA DOS SANTOS",
    "puntos": 2011,
    "categoriaId": 4,
    "categoria": "Elite"
  },
  {
    "modalidadId": 1,
    "modalidad": "Individual",
    "posicion": 15,
    "jugadorId": 797,
    "nombreJugador": "Pawel TCHORZEWSKI",
    "puntos": 1965,
    "categoriaId": 4,
    "categoria": "Elite"
  },
  {
    "modalidadId": 1,
    "modalidad": "Individual",
    "posicion": 16,
    "jugadorId": 1260,
    "nombreJugador": "Francisco MORGADO",
    "puntos": 1871,
    "categoriaId": 3,
    "categoria": "Master"
  },
  {
    "modalidadId": 1,
    "modalidad": "Individual",
    "posicion": 17,
    "jugadorId": 866,
    "nombreJugador": "Martim DA SILVA",
    "puntos": 1855,
    "categoriaId": 3,
    "categoria": "Master"
  },
  {
    "modalidadId": 1,
    "modalidad": "Individual",
    "posicion": 18,
    "jugadorId": 616,
    "nombreJugador": "Daniel GÖRLICH",
    "puntos": 1819,
    "categoriaId": 3,
    "categoria": "Master"
  },
  {
    "modalidadId": 1,
    "modalidad": "Individual",
    "posicion": 19,
    "jugadorId": 1086,
    "nombreJugador": "David SAFADINHO",
    "puntos": 1795,
    "categoriaId": 3,
    "categoria": "Master"
  },
  {
    "modalidadId": 1,
    "modalidad": "Individual",
    "posicion": 20,
    "jugadorId": 853,
    "nombreJugador": "Christian POMPONI",
    "puntos": 1764,
    "categoriaId": 3,
    "categoria": "Master"
  },
  {
    "modalidadId": 1,
    "modalidad": "Individual",
    "posicion": 21,
    "jugadorId": 874,
    "nombreJugador": "Tiago DA SILVA",
    "puntos": 1753,
    "categoriaId": 3,
    "categoria": "Master"
  },
  {
    "modalidadId": 1,
    "modalidad": "Individual",
    "posicion": 22,
    "jugadorId": 1088,
    "nombreJugador": "George EID",
    "puntos": 1738,
    "categoriaId": 3,
    "categoria": "Master"
  },
  {
    "modalidadId": 1,
    "modalidad": "Individual",
    "posicion": 23,
    "jugadorId": 1084,
    "nombreJugador": "Bruno GARRA",
    "puntos": 1729,
    "categoriaId": 3,
    "categoria": "Master"
  },
  {
    "modalidadId": 1,
    "modalidad": "Individual",
    "posicion": 24,
    "jugadorId": 1228,
    "nombreJugador": "Nelo FRANCO",
    "puntos": 1724,
    "categoriaId": 3,
    "categoria": "Master"
  },
  {
    "modalidadId": 1,
    "modalidad": "Individual",
    "posicion": 25,
    "jugadorId": 1207,
    "nombreJugador": "Daniel BAPTISTA",
    "puntos": 1723,
    "categoriaId": 3,
    "categoria": "Master"
  },
  {
    "modalidadId": 1,
    "modalidad": "Individual",
    "posicion": 26,
    "jugadorId": 859,
    "nombreJugador": "Franco DELLEANI",
    "puntos": 1709,
    "categoriaId": 3,
    "categoria": "Master"
  },
  {
    "modalidadId": 1,
    "modalidad": "Individual",
    "posicion": 27,
    "jugadorId": 880,
    "nombreJugador": "Brenn MIRANDA",
    "puntos": 1697,
    "categoriaId": 3,
    "categoria": "Master"
  },
  {
    "modalidadId": 1,
    "modalidad": "Individual",
    "posicion": 28,
    "jugadorId": 885,
    "nombreJugador": "Lenne MIRANDA",
    "puntos": 1697,
    "categoriaId": 3,
    "categoria": "Master"
  },
  {
    "modalidadId": 1,
    "modalidad": "Individual",
    "posicion": 29,
    "jugadorId": 1356,
    "nombreJugador": "Rayan GHILENNE",
    "puntos": 1697,
    "categoriaId": 3,
    "categoria": "Master"
  },
  {
    "modalidadId": 1,
    "modalidad": "Individual",
    "posicion": 30,
    "jugadorId": 1037,
    "nombreJugador": "Malika SENOUCI",
    "puntos": 1696,
    "categoriaId": 3,
    "categoria": "Master"
  },
  {
    "modalidadId": 1,
    "modalidad": "Individual",
    "posicion": 31,
    "jugadorId": 1098,
    "nombreJugador": "Rafael RAMOS",
    "puntos": 1692,
    "categoriaId": 3,
    "categoria": "Master"
  },
  {
    "modalidadId": 1,
    "modalidad": "Individual",
    "posicion": 32,
    "jugadorId": 1087,
    "nombreJugador": "Filipe SOALHEIRO",
    "puntos": 1685,
    "categoriaId": 3,
    "categoria": "Master"
  },
  {
    "modalidadId": 1,
    "modalidad": "Individual",
    "posicion": 33,
    "jugadorId": 1210,
    "nombreJugador": "Bruno CAROÇA",
    "puntos": 1680,
    "categoriaId": 3,
    "categoria": "Master"
  },
  {
    "modalidadId": 1,
    "modalidad": "Individual",
    "posicion": 34,
    "jugadorId": 870,
    "nombreJugador": "Rudolf BRENNER",
    "puntos": 1678,
    "categoriaId": 3,
    "categoria": "Master"
  },
  {
    "modalidadId": 1,
    "modalidad": "Individual",
    "posicion": 35,
    "jugadorId": 882,
    "nombreJugador": "Gilles BLOCH",
    "puntos": 1675,
    "categoriaId": 3,
    "categoria": "Master"
  },
  {
    "modalidadId": 1,
    "modalidad": "Individual",
    "posicion": 36,
    "jugadorId": 1277,
    "nombreJugador": "Ricardo SANTO",
    "puntos": 1672,
    "categoriaId": 3,
    "categoria": "Master"
  },
  {
    "modalidadId": 1,
    "modalidad": "Individual",
    "posicion": 37,
    "jugadorId": 1266,
    "nombreJugador": "Helder RODRIGUES",
    "puntos": 1662,
    "categoriaId": 3,
    "categoria": "Master"
  },
  {
    "modalidadId": 1,
    "modalidad": "Individual",
    "posicion": 38,
    "jugadorId": 1256,
    "nombreJugador": "Neil MILLMAN",
    "puntos": 1660,
    "categoriaId": 3,
    "categoria": "Master"
  },
  {
    "modalidadId": 1,
    "modalidad": "Individual",
    "posicion": 39,
    "jugadorId": 1265,
    "nombreJugador": "Jim PROVOST",
    "puntos": 1633,
    "categoriaId": 3,
    "categoria": "Master"
  },
  {
    "modalidadId": 1,
    "modalidad": "Individual",
    "posicion": 40,
    "jugadorId": 147,
    "nombreJugador": "Goncalo DOS SANTOS",
    "puntos": 1504,
    "categoriaId": 1,
    "categoria": "Rookie"
  }
]
