[
  {
    "torneoId": 129,
    "nombreTorneo": "FutbolinPro",
    "competicionId": 422,
    "nombreCompeticion": "Open Dobles",
    "tipoCompeticionId": 1,
    "tipoCompeticion": "Open Dobles",
    "equipoJugadores": "David GAÑAN TERRON - Jorge GOMEZ LLANO",
    "equipoDTO": {
      "equipoId": 276,
      "jugadores": [
        {
          "jugadorId": 6,
          "nombreJugador": "David GAÑAN TERRON"
        },
        {
          "jugadorId": 10,
          "nombreJugador": "Jorge GOMEZ LLANO"
        }
      ]
    },
    "posicion": 1
  },
  {
    "torneoId": 129,
    "nombreTorneo": "FutbolinPro",
    "competicionId": 422,
    "nombreCompeticion": "Open Dobles",
    "tipoCompeticionId": 1,
    "tipoCompeticion": "Open Dobles",
    "equipoJugadores": "Angel DEL POZO BULLIDO - Francisco CRISTOBAL MARTINEZ",
    "equipoDTO": {
      "equipoId": 1676,
      "jugadores": [
        {
          "jugadorId": 21,
          "nombreJugador": "Angel DEL POZO BULLIDO"
        },
        {
          "jugadorId": 206,
          "nombreJugador": "Francisco CRISTOBAL MARTINEZ"
        }
      ]
    },
    "posicion": 2
  },
  {
    "torneoId": 129,
    "nombreTorneo": "FutbolinPro",
    "competicionId": 422,
    "nombreCompeticion": "Open Dobles",
    "tipoCompeticionId": 1,
    "tipoCompeticion": "Open Dobles",
    "equipoJugadores": "David ALCAZAR GONZALEZ - Ivan GARCIA AHIJON",
    "equipoDTO": {
      "equipoId": 1912,
      "jugadores": [
        {
          "jugadorId": 695,
          "nombreJugador": "David ALCAZAR GONZALEZ"
        },
        {
          "jugadorId": 706,
          "nombreJugador": "Ivan GARCIA AHIJON"
        }
      ]
    },
    "posicion": 3
  },
  {
    "torneoId": 129,
    "nombreTorneo": "FutbolinPro",
    "competicionId": 422,
    "nombreCompeticion": "Open Dobles",
    "tipoCompeticionId": 1,
    "tipoCompeticion": "Open Dobles",
    "equipoJugadores": "Alberto CARBALLO ROBLES - Guillermo CORDOBA RAMIRO",
    "equipoDTO": {
      "equipoId": 279,
      "jugadores": [
        {
          "jugadorId": 5,
          "nombreJugador": "Alberto CARBALLO ROBLES"
        },
        {
          "jugadorId": 22,
          "nombreJugador": "Guillermo CORDOBA RAMIRO"
        }
      ]
    },
    "posicion": 4
  },
  {
    "torneoId": 129,
    "nombreTorneo": "FutbolinPro",
    "competicionId": 422,
    "nombreCompeticion": "Open Dobles",
    "tipoCompeticionId": 1,
    "tipoCompeticion": "Open Dobles",
    "equipoJugadores": "Oscar ARTIAGA LOPEZ - Alberto VILÁ PÉREZ",
    "equipoDTO": {
      "equipoId": 2388,
      "jugadores": [
        {
          "jugadorId": 11,
          "nombreJugador": "Oscar ARTIAGA LOPEZ"
        },
        {
          "jugadorId": 687,
          "nombreJugador": "Alberto VILÁ PÉREZ"
        }
      ]
    },
    "posicion": 5
  },
  {
    "torneoId": 129,
    "nombreTorneo": "FutbolinPro",
    "competicionId": 422,
    "nombreCompeticion": "Open Dobles",
    "tipoCompeticionId": 1,
    "tipoCompeticion": "Open Dobles",
    "equipoJugadores": "Bernardo PEREA PEINADO - Angel Luis COBO MORALES",
    "equipoDTO": {
      "equipoId": 1186,
      "jugadores": [
        {
          "jugadorId": 85,
          "nombreJugador": "Bernardo PEREA PEINADO"
        },
        {
          "jugadorId": 177,
          "nombreJugador": "Angel Luis COBO MORALES"
        }
      ]
    },
    "posicion": 6
  },
  {
    "torneoId": 129,
    "nombreTorneo": "FutbolinPro",
    "competicionId": 422,
    "nombreCompeticion": "Open Dobles",
    "tipoCompeticionId": 1,
    "tipoCompeticion": "Open Dobles",
    "equipoJugadores": "Adrian RAMIREZ PINTADO - Angel Luis COBO MUÑOZ",
    "equipoDTO": {
      "equipoId": 58,
      "jugadores": [
        {
          "jugadorId": 46,
          "nombreJugador": "Adrian RAMIREZ PINTADO"
        },
        {
          "jugadorId": 47,
          "nombreJugador": "Angel Luis COBO MUÑOZ"
        }
      ]
    },
    "posicion": 7
  },
  {
    "torneoId": 129,
    "nombreTorneo": "FutbolinPro",
    "competicionId": 422,
    "nombreCompeticion": "Open Dobles",
    "tipoCompeticionId": 1,
    "tipoCompeticion": "Open Dobles",
    "equipoJugadores": "David NIETO HERNANDEZ - Jordan GONZALEZ REBOSO",
    "equipoDTO": {
      "equipoId": 2186,
      "jugadores": [
        {
          "jugadorId": 3,
          "nombreJugador": "David NIETO HERNANDEZ"
        },
        {
          "jugadorId": 614,
          "nombreJugador": "Jordan GONZALEZ REBOSO"
        }
      ]
    },
    "posicion": 8
  },
  {
    "torneoId": 129,
    "nombreTorneo": "FutbolinPro",
    "competicionId": 422,
    "nombreCompeticion": "Open Dobles",
    "tipoCompeticionId": 1,
    "tipoCompeticion": "Open Dobles",
    "equipoJugadores": "Jesus MENENDEZ OLIVARES - Jose Angel PEINADO",
    "equipoDTO": {
      "equipoId": 412,
      "jugadores": [
        {
          "jugadorId": 227,
          "nombreJugador": "Jesus MENENDEZ OLIVARES"
        },
        {
          "jugadorId": 230,
          "nombreJugador": "Jose Angel PEINADO"
        }
      ]
    },
    "posicion": 9
  },
  {
    "torneoId": 129,
    "nombreTorneo": "FutbolinPro",
    "competicionId": 422,
    "nombreCompeticion": "Open Dobles",
    "tipoCompeticionId": 1,
    "tipoCompeticion": "Open Dobles",
    "equipoJugadores": "Victor Manuel GONZALEZ GONZALEZ - Orlando GUILLEN DIAZ",
    "equipoDTO": {
      "equipoId": 3039,
      "jugadores": [
        {
          "jugadorId": 534,
          "nombreJugador": "Victor Manuel GONZALEZ GONZALEZ"
        },
        {
          "jugadorId": 617,
          "nombreJugador": "Orlando GUILLEN DIAZ"
        }
      ]
    },
    "posicion": 10
  },
  {
    "torneoId": 129,
    "nombreTorneo": "FutbolinPro",
    "competicionId": 422,
    "nombreCompeticion": "Open Dobles",
    "tipoCompeticionId": 1,
    "tipoCompeticion": "Open Dobles",
    "equipoJugadores": "Roberto PARRALEJO - Raul PEREZ MARTINEZ",
    "equipoDTO": {
      "equipoId": 2181,
      "jugadores": [
        {
          "jugadorId": 15,
          "nombreJugador": "Roberto PARRALEJO"
        },
        {
          "jugadorId": 694,
          "nombreJugador": "Raul PEREZ MARTINEZ"
        }
      ]
    },
    "posicion": 11
  },
  {
    "torneoId": 129,
    "nombreTorneo": "FutbolinPro",
    "competicionId": 422,
    "nombreCompeticion": "Open Dobles",
    "tipoCompeticionId": 1,
    "tipoCompeticion": "Open Dobles",
    "equipoJugadores": "Antonio  NAVARRO PACHECA - Carlos CARPIO",
    "equipoDTO": {
      "equipoId": 2931,
      "jugadores": [
        {
          "jugadorId": 434,
          "nombreJugador": "Antonio  NAVARRO PACHECA"
        },
        {
          "jugadorId": 1152,
          "nombreJugador": "Carlos CARPIO"
        }
      ]
    },
    "posicion": 12
  },
  {
    "torneoId": 129,
    "nombreTorneo": "FutbolinPro",
    "competicionId": 422,
    "nombreCompeticion": "Open Dobles",
    "tipoCompeticionId": 1,
    "tipoCompeticion": "Open Dobles",
    "equipoJugadores": "Julián GIL VIYUELA - Jorge FERNÁNDEZ MARTÍNEZ",
    "equipoDTO": {
      "equipoId": 2932,
      "jugadores": [
        {
          "jugadorId": 1154,
          "nombreJugador": "Julián GIL VIYUELA"
        },
        {
          "jugadorId": 1155,
          "nombreJugador": "Jorge FERNÁNDEZ MARTÍNEZ"
        }
      ]
    },
    "posicion": 13
  },
  {
    "torneoId": 129,
    "nombreTorneo": "FutbolinPro",
    "competicionId": 422,
    "nombreCompeticion": "Open Dobles",
    "tipoCompeticionId": 1,
    "tipoCompeticion": "Open Dobles",
    "equipoJugadores": "Antonio MUÑOZ POZUELO - Daniel DEL AMO BERGAZ",
    "equipoDTO": {
      "equipoId": 2278,
      "jugadores": [
        {
          "jugadorId": 602,
          "nombreJugador": "Antonio MUÑOZ POZUELO"
        },
        {
          "jugadorId": 767,
          "nombreJugador": "Daniel DEL AMO BERGAZ"
        }
      ]
    },
    "posicion": 14
  },
  {
    "torneoId": 129,
    "nombreTorneo": "FutbolinPro",
    "competicionId": 422,
    "nombreCompeticion": "Open Dobles",
    "tipoCompeticionId": 1,
    "tipoCompeticion": "Open Dobles",
    "equipoJugadores": "Meli ALTARES TAPIA - Raquel DEL HOYO",
    "equipoDTO": {
      "equipoId": 3040,
      "jugadores": [
        {
          "jugadorId": 969,
          "nombreJugador": "Meli ALTARES TAPIA"
        },
        {
          "jugadorId": 1217,
          "nombreJugador": "Raquel DEL HOYO"
        }
      ]
    },
    "posicion": 15
  },
  {
    "torneoId": 129,
    "nombreTorneo": "FutbolinPro",
    "competicionId": 422,
    "nombreCompeticion": "Open Dobles",
    "tipoCompeticionId": 1,
    "tipoCompeticion": "Open Dobles",
    "equipoJugadores": "Armando BUENO LOPEZ - Ricardo LEAL DAMAS",
    "equipoDTO": {
      "equipoId": 2928,
      "jugadores": [
        {
          "jugadorId": 114,
          "nombreJugador": "Armando BUENO LOPEZ"
        },
        {
          "jugadorId": 698,
          "nombreJugador": "Ricardo LEAL DAMAS"
        }
      ]
    },
    "posicion": 16
  },
  {
    "torneoId": 129,
    "nombreTorneo": "FutbolinPro",
    "competicionId": 424,
    "nombreCompeticion": "Amateur Dobles",
    "tipoCompeticionId": 2,
    "tipoCompeticion": "Amater Dobles",
    "equipoJugadores": "Victor Manuel GONZALEZ GONZALEZ - Orlando GUILLEN DIAZ",
    "equipoDTO": {
      "equipoId": 3039,
      "jugadores": [
        {
          "jugadorId": 534,
          "nombreJugador": "Victor Manuel GONZALEZ GONZALEZ"
        },
        {
          "jugadorId": 617,
          "nombreJugador": "Orlando GUILLEN DIAZ"
        }
      ]
    },
    "posicion": 1
  },
  {
    "torneoId": 129,
    "nombreTorneo": "FutbolinPro",
    "competicionId": 424,
    "nombreCompeticion": "Amateur Dobles",
    "tipoCompeticionId": 2,
    "tipoCompeticion": "Amater Dobles",
    "equipoJugadores": "Antonio MUÑOZ POZUELO - Daniel DEL AMO BERGAZ",
    "equipoDTO": {
      "equipoId": 2278,
      "jugadores": [
        {
          "jugadorId": 602,
          "nombreJugador": "Antonio MUÑOZ POZUELO"
        },
        {
          "jugadorId": 767,
          "nombreJugador": "Daniel DEL AMO BERGAZ"
        }
      ]
    },
    "posicion": 2
  },
  {
    "torneoId": 129,
    "nombreTorneo": "FutbolinPro",
    "competicionId": 424,
    "nombreCompeticion": "Amateur Dobles",
    "tipoCompeticionId": 2,
    "tipoCompeticion": "Amater Dobles",
    "equipoJugadores": "Armando BUENO LOPEZ - Ricardo LEAL DAMAS",
    "equipoDTO": {
      "equipoId": 2928,
      "jugadores": [
        {
          "jugadorId": 114,
          "nombreJugador": "Armando BUENO LOPEZ"
        },
        {
          "jugadorId": 698,
          "nombreJugador": "Ricardo LEAL DAMAS"
        }
      ]
    },
    "posicion": 3
  },
  {
    "torneoId": 129,
    "nombreTorneo": "FutbolinPro",
    "competicionId": 424,
    "nombreCompeticion": "Amateur Dobles",
    "tipoCompeticionId": 2,
    "tipoCompeticion": "Amater Dobles",
    "equipoJugadores": "Antonio  NAVARRO PACHECA - Carlos CARPIO",
    "equipoDTO": {
      "equipoId": 2931,
      "jugadores": [
        {
          "jugadorId": 434,
          "nombreJugador": "Antonio  NAVARRO PACHECA"
        },
        {
          "jugadorId": 1152,
          "nombreJugador": "Carlos CARPIO"
        }
      ]
    },
    "posicion": 4
  },
  {
    "torneoId": 129,
    "nombreTorneo": "FutbolinPro",
    "competicionId": 424,
    "nombreCompeticion": "Amateur Dobles",
    "tipoCompeticionId": 2,
    "tipoCompeticion": "Amater Dobles",
    "equipoJugadores": "Julián GIL VIYUELA - Jorge FERNÁNDEZ MARTÍNEZ",
    "equipoDTO": {
      "equipoId": 2932,
      "jugadores": [
        {
          "jugadorId": 1154,
          "nombreJugador": "Julián GIL VIYUELA"
        },
        {
          "jugadorId": 1155,
          "nombreJugador": "Jorge FERNÁNDEZ MARTÍNEZ"
        }
      ]
    },
    "posicion": 5
  },
  {
    "torneoId": 129,
    "nombreTorneo": "FutbolinPro",
    "competicionId": 424,
    "nombreCompeticion": "Amateur Dobles",
    "tipoCompeticionId": 2,
    "tipoCompeticion": "Amater Dobles",
    "equipoJugadores": "Meli ALTARES TAPIA - Raquel DEL HOYO",
    "equipoDTO": {
      "equipoId": 3040,
      "jugadores": [
        {
          "jugadorId": 969,
          "nombreJugador": "Meli ALTARES TAPIA"
        },
        {
          "jugadorId": 1217,
          "nombreJugador": "Raquel DEL HOYO"
        }
      ]
    },
    "posicion": 6
  },
  {
    "torneoId": 129,
    "nombreTorneo": "FutbolinPro",
    "competicionId": 423,
    "nombreCompeticion": "Pro Dobles",
    "tipoCompeticionId": 12,
    "tipoCompeticion": "ProDobles",
    "equipoJugadores": "David GAÑAN TERRON - Jorge GOMEZ LLANO",
    "equipoDTO": {
      "equipoId": 276,
      "jugadores": [
        {
          "jugadorId": 6,
          "nombreJugador": "David GAÑAN TERRON"
        },
        {
          "jugadorId": 10,
          "nombreJugador": "Jorge GOMEZ LLANO"
        }
      ]
    },
    "posicion": 1
  },
  {
    "torneoId": 129,
    "nombreTorneo": "FutbolinPro",
    "competicionId": 423,
    "nombreCompeticion": "Pro Dobles",
    "tipoCompeticionId": 12,
    "tipoCompeticion": "ProDobles",
    "equipoJugadores": "Oscar ARTIAGA LOPEZ - Alberto VILÁ PÉREZ",
    "equipoDTO": {
      "equipoId": 2388,
      "jugadores": [
        {
          "jugadorId": 11,
          "nombreJugador": "Oscar ARTIAGA LOPEZ"
        },
        {
          "jugadorId": 687,
          "nombreJugador": "Alberto VILÁ PÉREZ"
        }
      ]
    },
    "posicion": 2
  },
  {
    "torneoId": 129,
    "nombreTorneo": "FutbolinPro",
    "competicionId": 423,
    "nombreCompeticion": "Pro Dobles",
    "tipoCompeticionId": 12,
    "tipoCompeticion": "ProDobles",
    "equipoJugadores": "David NIETO HERNANDEZ - Jordan GONZALEZ REBOSO",
    "equipoDTO": {
      "equipoId": 2186,
      "jugadores": [
        {
          "jugadorId": 3,
          "nombreJugador": "David NIETO HERNANDEZ"
        },
        {
          "jugadorId": 614,
          "nombreJugador": "Jordan GONZALEZ REBOSO"
        }
      ]
    },
    "posicion": 3
  },
  {
    "torneoId": 129,
    "nombreTorneo": "FutbolinPro",
    "competicionId": 423,
    "nombreCompeticion": "Pro Dobles",
    "tipoCompeticionId": 12,
    "tipoCompeticion": "ProDobles",
    "equipoJugadores": "David ALCAZAR GONZALEZ - Ivan GARCIA AHIJON",
    "equipoDTO": {
      "equipoId": 1912,
      "jugadores": [
        {
          "jugadorId": 695,
          "nombreJugador": "David ALCAZAR GONZALEZ"
        },
        {
          "jugadorId": 706,
          "nombreJugador": "Ivan GARCIA AHIJON"
        }
      ]
    },
    "posicion": 4
  },
  {
    "torneoId": 129,
    "nombreTorneo": "FutbolinPro",
    "competicionId": 423,
    "nombreCompeticion": "Pro Dobles",
    "tipoCompeticionId": 12,
    "tipoCompeticion": "ProDobles",
    "equipoJugadores": "Alberto CARBALLO ROBLES - Guillermo CORDOBA RAMIRO",
    "equipoDTO": {
      "equipoId": 279,
      "jugadores": [
        {
          "jugadorId": 5,
          "nombreJugador": "Alberto CARBALLO ROBLES"
        },
        {
          "jugadorId": 22,
          "nombreJugador": "Guillermo CORDOBA RAMIRO"
        }
      ]
    },
    "posicion": 5
  },
  {
    "torneoId": 129,
    "nombreTorneo": "FutbolinPro",
    "competicionId": 423,
    "nombreCompeticion": "Pro Dobles",
    "tipoCompeticionId": 12,
    "tipoCompeticion": "ProDobles",
    "equipoJugadores": "Angel Luis COBO MUÑOZ - Francisco CRISTOBAL MARTINEZ",
    "equipoDTO": {
      "equipoId": 1248,
      "jugadores": [
        {
          "jugadorId": 47,
          "nombreJugador": "Angel Luis COBO MUÑOZ"
        },
        {
          "jugadorId": 206,
          "nombreJugador": "Francisco CRISTOBAL MARTINEZ"
        }
      ]
    },
    "posicion": 6
  },
  {
    "torneoId": 129,
    "nombreTorneo": "FutbolinPro",
    "competicionId": 423,
    "nombreCompeticion": "Pro Dobles",
    "tipoCompeticionId": 12,
    "tipoCompeticion": "ProDobles",
    "equipoJugadores": "Adrian RAMIREZ PINTADO - Bernardo PEREA PEINADO",
    "equipoDTO": {
      "equipoId": 2723,
      "jugadores": [
        {
          "jugadorId": 46,
          "nombreJugador": "Adrian RAMIREZ PINTADO"
        },
        {
          "jugadorId": 85,
          "nombreJugador": "Bernardo PEREA PEINADO"
        }
      ]
    },
    "posicion": 7
  },
  {
    "torneoId": 129,
    "nombreTorneo": "FutbolinPro",
    "competicionId": 423,
    "nombreCompeticion": "Pro Dobles",
    "tipoCompeticionId": 12,
    "tipoCompeticion": "ProDobles",
    "equipoJugadores": "Roberto PARRALEJO - Raul PEREZ MARTINEZ",
    "equipoDTO": {
      "equipoId": 2181,
      "jugadores": [
        {
          "jugadorId": 15,
          "nombreJugador": "Roberto PARRALEJO"
        },
        {
          "jugadorId": 694,
          "nombreJugador": "Raul PEREZ MARTINEZ"
        }
      ]
    },
    "posicion": 8
  },
  {
    "torneoId": 129,
    "nombreTorneo": "FutbolinPro",
    "competicionId": 423,
    "nombreCompeticion": "Pro Dobles",
    "tipoCompeticionId": 12,
    "tipoCompeticion": "ProDobles",
    "equipoJugadores": "Jesus MENENDEZ OLIVARES - Jose Angel PEINADO",
    "equipoDTO": {
      "equipoId": 412,
      "jugadores": [
        {
          "jugadorId": 227,
          "nombreJugador": "Jesus MENENDEZ OLIVARES"
        },
        {
          "jugadorId": 230,
          "nombreJugador": "Jose Angel PEINADO"
        }
      ]
    },
    "posicion": 9
  }
]
