[
  {
    "torneoId": 130,
    "nombreTorneo": "LOECHES 2024",
    "competicionId": 425,
    "nombreCompeticion": "Open Dobles",
    "tipoCompeticionId": 1,
    "tipoCompeticion": "Open Dobles",
    "equipoJugadores": "David GAÑAN TERRON - Jorge GOMEZ LLANO",
    "equipoDTO": {
      "equipoId": 276,
      "jugadores": [
        {
          "jugadorId": 6,
          "nombreJugador": "David GAÑAN TERRON"
        },
        {
          "jugadorId": 10,
          "nombreJugador": "Jorge GOMEZ LLANO"
        }
      ]
    },
    "posicion": 1
  },
  {
    "torneoId": 130,
    "nombreTorneo": "LOECHES 2024",
    "competicionId": 425,
    "nombreCompeticion": "Open Dobles",
    "tipoCompeticionId": 1,
    "tipoCompeticion": "Open Dobles",
    "equipoJugadores": "Hector NUÑEZ SAEZ - Guillermo CORDOBA RAMIRO",
    "equipoDTO": {
      "equipoId": 124,
      "jugadores": [
        {
          "jugadorId": 4,
          "nombreJugador": "Hector NUÑEZ SAEZ"
        },
        {
          "jugadorId": 22,
          "nombreJugador": "Guillermo CORDOBA RAMIRO"
        }
      ]
    },
    "posicion": 2
  },
  {
    "torneoId": 130,
    "nombreTorneo": "LOECHES 2024",
    "competicionId": 425,
    "nombreCompeticion": "Open Dobles",
    "tipoCompeticionId": 1,
    "tipoCompeticion": "Open Dobles",
    "equipoJugadores": "Eufrasio PACHECO CABRERA - Daniel RAMOS LUIS",
    "equipoDTO": {
      "equipoId": 1422,
      "jugadores": [
        {
          "jugadorId": 569,
          "nombreJugador": "Eufrasio PACHECO CABRERA"
        },
        {
          "jugadorId": 570,
          "nombreJugador": "Daniel RAMOS LUIS"
        }
      ]
    },
    "posicion": 3
  },
  {
    "torneoId": 130,
    "nombreTorneo": "LOECHES 2024",
    "competicionId": 425,
    "nombreCompeticion": "Open Dobles",
    "tipoCompeticionId": 1,
    "tipoCompeticion": "Open Dobles",
    "equipoJugadores": "Ruyman HERNANDEZ MOLEIRO - David FLORES GONZALEZ",
    "equipoDTO": {
      "equipoId": 3056,
      "jugadores": [
        {
          "jugadorId": 567,
          "nombreJugador": "Ruyman HERNANDEZ MOLEIRO"
        },
        {
          "jugadorId": 712,
          "nombreJugador": "David FLORES GONZALEZ"
        }
      ]
    },
    "posicion": 4
  },
  {
    "torneoId": 130,
    "nombreTorneo": "LOECHES 2024",
    "competicionId": 425,
    "nombreCompeticion": "Open Dobles",
    "tipoCompeticionId": 1,
    "tipoCompeticion": "Open Dobles",
    "equipoJugadores": "Alberto CARBALLO ROBLES - Angel SÁNCHEZ JIMENEZ",
    "equipoDTO": {
      "equipoId": 2258,
      "jugadores": [
        {
          "jugadorId": 5,
          "nombreJugador": "Alberto CARBALLO ROBLES"
        },
        {
          "jugadorId": 26,
          "nombreJugador": "Angel SÁNCHEZ JIMENEZ"
        }
      ]
    },
    "posicion": 5
  },
  {
    "torneoId": 130,
    "nombreTorneo": "LOECHES 2024",
    "competicionId": 425,
    "nombreCompeticion": "Open Dobles",
    "tipoCompeticionId": 1,
    "tipoCompeticion": "Open Dobles",
    "equipoJugadores": "Orlando GUILLEN DIAZ - Aurelio JIMÉNEZ RAMOS",
    "equipoDTO": {
      "equipoId": 2872,
      "jugadores": [
        {
          "jugadorId": 617,
          "nombreJugador": "Orlando GUILLEN DIAZ"
        },
        {
          "jugadorId": 1103,
          "nombreJugador": "Aurelio JIMÉNEZ RAMOS"
        }
      ]
    },
    "posicion": 6
  },
  {
    "torneoId": 130,
    "nombreTorneo": "LOECHES 2024",
    "competicionId": 425,
    "nombreCompeticion": "Open Dobles",
    "tipoCompeticionId": 1,
    "tipoCompeticion": "Open Dobles",
    "equipoJugadores": "David NIETO HERNANDEZ - Jordan GONZALEZ REBOSO",
    "equipoDTO": {
      "equipoId": 2186,
      "jugadores": [
        {
          "jugadorId": 3,
          "nombreJugador": "David NIETO HERNANDEZ"
        },
        {
          "jugadorId": 614,
          "nombreJugador": "Jordan GONZALEZ REBOSO"
        }
      ]
    },
    "posicion": 7
  },
  {
    "torneoId": 130,
    "nombreTorneo": "LOECHES 2024",
    "competicionId": 425,
    "nombreCompeticion": "Open Dobles",
    "tipoCompeticionId": 1,
    "tipoCompeticion": "Open Dobles",
    "equipoJugadores": "JESÚS GARCÍA CONDE - Aitor CANADA",
    "equipoDTO": {
      "equipoId": 1853,
      "jugadores": [
        {
          "jugadorId": 343,
          "nombreJugador": "JESÚS GARCÍA CONDE"
        },
        {
          "jugadorId": 647,
          "nombreJugador": "Aitor CANADA"
        }
      ]
    },
    "posicion": 8
  },
  {
    "torneoId": 130,
    "nombreTorneo": "LOECHES 2024",
    "competicionId": 425,
    "nombreCompeticion": "Open Dobles",
    "tipoCompeticionId": 1,
    "tipoCompeticion": "Open Dobles",
    "equipoJugadores": "Vladislava KACHALOVA - Alexander PETROV",
    "equipoDTO": {
      "equipoId": 3071,
      "jugadores": [
        {
          "jugadorId": 1288,
          "nombreJugador": "Vladislava KACHALOVA"
        },
        {
          "jugadorId": 1289,
          "nombreJugador": "Alexander PETROV"
        }
      ]
    },
    "posicion": 9
  },
  {
    "torneoId": 130,
    "nombreTorneo": "LOECHES 2024",
    "competicionId": 425,
    "nombreCompeticion": "Open Dobles",
    "tipoCompeticionId": 1,
    "tipoCompeticion": "Open Dobles",
    "equipoJugadores": "Angel Luis COBO MORALES - Francisco CRISTOBAL MARTINEZ",
    "equipoDTO": {
      "equipoId": 3044,
      "jugadores": [
        {
          "jugadorId": 177,
          "nombreJugador": "Angel Luis COBO MORALES"
        },
        {
          "jugadorId": 206,
          "nombreJugador": "Francisco CRISTOBAL MARTINEZ"
        }
      ]
    },
    "posicion": 10
  },
  {
    "torneoId": 130,
    "nombreTorneo": "LOECHES 2024",
    "competicionId": 425,
    "nombreCompeticion": "Open Dobles",
    "tipoCompeticionId": 1,
    "tipoCompeticion": "Open Dobles",
    "equipoJugadores": "Angel Luis COBO MUÑOZ - Bernardo PEREA PEINADO",
    "equipoDTO": {
      "equipoId": 370,
      "jugadores": [
        {
          "jugadorId": 47,
          "nombreJugador": "Angel Luis COBO MUÑOZ"
        },
        {
          "jugadorId": 85,
          "nombreJugador": "Bernardo PEREA PEINADO"
        }
      ]
    },
    "posicion": 11
  },
  {
    "torneoId": 130,
    "nombreTorneo": "LOECHES 2024",
    "competicionId": 425,
    "nombreCompeticion": "Open Dobles",
    "tipoCompeticionId": 1,
    "tipoCompeticion": "Open Dobles",
    "equipoJugadores": "Oscar ARTIAGA LOPEZ - Alberto VILÁ PÉREZ",
    "equipoDTO": {
      "equipoId": 2388,
      "jugadores": [
        {
          "jugadorId": 11,
          "nombreJugador": "Oscar ARTIAGA LOPEZ"
        },
        {
          "jugadorId": 687,
          "nombreJugador": "Alberto VILÁ PÉREZ"
        }
      ]
    },
    "posicion": 12
  },
  {
    "torneoId": 130,
    "nombreTorneo": "LOECHES 2024",
    "competicionId": 425,
    "nombreCompeticion": "Open Dobles",
    "tipoCompeticionId": 1,
    "tipoCompeticion": "Open Dobles",
    "equipoJugadores": "Jake BARNETTE - Kenneth DALE",
    "equipoDTO": {
      "equipoId": 3066,
      "jugadores": [
        {
          "jugadorId": 1282,
          "nombreJugador": "Jake BARNETTE"
        },
        {
          "jugadorId": 1283,
          "nombreJugador": "Kenneth DALE"
        }
      ]
    },
    "posicion": 13
  },
  {
    "torneoId": 130,
    "nombreTorneo": "LOECHES 2024",
    "competicionId": 425,
    "nombreCompeticion": "Open Dobles",
    "tipoCompeticionId": 1,
    "tipoCompeticion": "Open Dobles",
    "equipoJugadores": "Roberto PARRALEJO - Raul PEREZ MARTINEZ",
    "equipoDTO": {
      "equipoId": 2181,
      "jugadores": [
        {
          "jugadorId": 15,
          "nombreJugador": "Roberto PARRALEJO"
        },
        {
          "jugadorId": 694,
          "nombreJugador": "Raul PEREZ MARTINEZ"
        }
      ]
    },
    "posicion": 14
  },
  {
    "torneoId": 130,
    "nombreTorneo": "LOECHES 2024",
    "competicionId": 425,
    "nombreCompeticion": "Open Dobles",
    "tipoCompeticionId": 1,
    "tipoCompeticion": "Open Dobles",
    "equipoJugadores": "Daniel GONZALEZ ALONSO - David ALCAZAR GONZALEZ",
    "equipoDTO": {
      "equipoId": 3053,
      "jugadores": [
        {
          "jugadorId": 360,
          "nombreJugador": "Daniel GONZALEZ ALONSO"
        },
        {
          "jugadorId": 695,
          "nombreJugador": "David ALCAZAR GONZALEZ"
        }
      ]
    },
    "posicion": 15
  },
  {
    "torneoId": 130,
    "nombreTorneo": "LOECHES 2024",
    "competicionId": 425,
    "nombreCompeticion": "Open Dobles",
    "tipoCompeticionId": 1,
    "tipoCompeticion": "Open Dobles",
    "equipoJugadores": "Daniel GUTIERREZ LOPEZ - Santiago FERNANDEZ GAYO",
    "equipoDTO": {
      "equipoId": 2613,
      "jugadores": [
        {
          "jugadorId": 949,
          "nombreJugador": "Daniel GUTIERREZ LOPEZ"
        },
        {
          "jugadorId": 991,
          "nombreJugador": "Santiago FERNANDEZ GAYO"
        }
      ]
    },
    "posicion": 16
  },
  {
    "torneoId": 130,
    "nombreTorneo": "LOECHES 2024",
    "competicionId": 425,
    "nombreCompeticion": "Open Dobles",
    "tipoCompeticionId": 1,
    "tipoCompeticion": "Open Dobles",
    "equipoJugadores": "Jose Angel PEINADO - Alexis LAMAS GARCIA",
    "equipoDTO": {
      "equipoId": 3046,
      "jugadores": [
        {
          "jugadorId": 230,
          "nombreJugador": "Jose Angel PEINADO"
        },
        {
          "jugadorId": 689,
          "nombreJugador": "Alexis LAMAS GARCIA"
        }
      ]
    },
    "posicion": 17
  },
  {
    "torneoId": 130,
    "nombreTorneo": "LOECHES 2024",
    "competicionId": 425,
    "nombreCompeticion": "Open Dobles",
    "tipoCompeticionId": 1,
    "tipoCompeticion": "Open Dobles",
    "equipoJugadores": "Alejandro RUBIO GONZALEZ - Pedro GOMEZ",
    "equipoDTO": {
      "equipoId": 3073,
      "jugadores": [
        {
          "jugadorId": 1290,
          "nombreJugador": "Alejandro RUBIO GONZALEZ"
        },
        {
          "jugadorId": 1296,
          "nombreJugador": "Pedro GOMEZ"
        }
      ]
    },
    "posicion": 18
  },
  {
    "torneoId": 130,
    "nombreTorneo": "LOECHES 2024",
    "competicionId": 425,
    "nombreCompeticion": "Open Dobles",
    "tipoCompeticionId": 1,
    "tipoCompeticion": "Open Dobles",
    "equipoJugadores": "Felix VILLANUEVA REILLO - Antonio  NAVARRO PACHECA",
    "equipoDTO": {
      "equipoId": 1610,
      "jugadores": [
        {
          "jugadorId": 82,
          "nombreJugador": "Felix VILLANUEVA REILLO"
        },
        {
          "jugadorId": 434,
          "nombreJugador": "Antonio  NAVARRO PACHECA"
        }
      ]
    },
    "posicion": 19
  },
  {
    "torneoId": 130,
    "nombreTorneo": "LOECHES 2024",
    "competicionId": 425,
    "nombreCompeticion": "Open Dobles",
    "tipoCompeticionId": 1,
    "tipoCompeticion": "Open Dobles",
    "equipoJugadores": "Eugenio DÍAZ JIMENEZ - Gonzalo SERNA LARA",
    "equipoDTO": {
      "equipoId": 3067,
      "jugadores": [
        {
          "jugadorId": 1284,
          "nombreJugador": "Eugenio DÍAZ JIMENEZ"
        },
        {
          "jugadorId": 1306,
          "nombreJugador": "Gonzalo SERNA LARA"
        }
      ]
    },
    "posicion": 20
  },
  {
    "torneoId": 130,
    "nombreTorneo": "LOECHES 2024",
    "competicionId": 425,
    "nombreCompeticion": "Open Dobles",
    "tipoCompeticionId": 1,
    "tipoCompeticion": "Open Dobles",
    "equipoJugadores": "Julián GIL VIYUELA - Jorge FERNÁNDEZ MARTÍNEZ",
    "equipoDTO": {
      "equipoId": 2932,
      "jugadores": [
        {
          "jugadorId": 1154,
          "nombreJugador": "Julián GIL VIYUELA"
        },
        {
          "jugadorId": 1155,
          "nombreJugador": "Jorge FERNÁNDEZ MARTÍNEZ"
        }
      ]
    },
    "posicion": 21
  },
  {
    "torneoId": 130,
    "nombreTorneo": "LOECHES 2024",
    "competicionId": 425,
    "nombreCompeticion": "Open Dobles",
    "tipoCompeticionId": 1,
    "tipoCompeticion": "Open Dobles",
    "equipoJugadores": "Silvestre ROSA REY - Miguel JIMÉNEZ TORRES",
    "equipoDTO": {
      "equipoId": 2939,
      "jugadores": [
        {
          "jugadorId": 140,
          "nombreJugador": "Silvestre ROSA REY"
        },
        {
          "jugadorId": 760,
          "nombreJugador": "Miguel JIMÉNEZ TORRES"
        }
      ]
    },
    "posicion": 22
  },
  {
    "torneoId": 130,
    "nombreTorneo": "LOECHES 2024",
    "competicionId": 425,
    "nombreCompeticion": "Open Dobles",
    "tipoCompeticionId": 1,
    "tipoCompeticion": "Open Dobles",
    "equipoJugadores": "Antonio MUÑOZ POZUELO - Miguel Angel VERA VASQUEZ",
    "equipoDTO": {
      "equipoId": 3049,
      "jugadores": [
        {
          "jugadorId": 602,
          "nombreJugador": "Antonio MUÑOZ POZUELO"
        },
        {
          "jugadorId": 1291,
          "nombreJugador": "Miguel Angel VERA VASQUEZ"
        }
      ]
    },
    "posicion": 23
  },
  {
    "torneoId": 130,
    "nombreTorneo": "LOECHES 2024",
    "competicionId": 425,
    "nombreCompeticion": "Open Dobles",
    "tipoCompeticionId": 1,
    "tipoCompeticion": "Open Dobles",
    "equipoJugadores": "Francisco SANTIAGO MUÑOZ - Antonio VILLAVERDE GONZALEZ",
    "equipoDTO": {
      "equipoId": 57,
      "jugadores": [
        {
          "jugadorId": 44,
          "nombreJugador": "Francisco SANTIAGO MUÑOZ"
        },
        {
          "jugadorId": 49,
          "nombreJugador": "Antonio VILLAVERDE GONZALEZ"
        }
      ]
    },
    "posicion": 24
  },
  {
    "torneoId": 130,
    "nombreTorneo": "LOECHES 2024",
    "competicionId": 425,
    "nombreCompeticion": "Open Dobles",
    "tipoCompeticionId": 1,
    "tipoCompeticion": "Open Dobles",
    "equipoJugadores": "Jonathan HERRERA RAMOS - Alejandro SANCHEZ BEJARANO",
    "equipoDTO": {
      "equipoId": 2391,
      "jugadores": [
        {
          "jugadorId": 378,
          "nombreJugador": "Jonathan HERRERA RAMOS"
        },
        {
          "jugadorId": 710,
          "nombreJugador": "Alejandro SANCHEZ BEJARANO"
        }
      ]
    },
    "posicion": 25
  },
  {
    "torneoId": 130,
    "nombreTorneo": "LOECHES 2024",
    "competicionId": 425,
    "nombreCompeticion": "Open Dobles",
    "tipoCompeticionId": 1,
    "tipoCompeticion": "Open Dobles",
    "equipoJugadores": "Ivan MAYORGA SANDOVAL - Alicia CALVO PEREZ",
    "equipoDTO": {
      "equipoId": 2265,
      "jugadores": [
        {
          "jugadorId": 225,
          "nombreJugador": "Ivan MAYORGA SANDOVAL"
        },
        {
          "jugadorId": 828,
          "nombreJugador": "Alicia CALVO PEREZ"
        }
      ]
    },
    "posicion": 26
  },
  {
    "torneoId": 130,
    "nombreTorneo": "LOECHES 2024",
    "competicionId": 425,
    "nombreCompeticion": "Open Dobles",
    "tipoCompeticionId": 1,
    "tipoCompeticion": "Open Dobles",
    "equipoJugadores": "Tomas FERNANDEZ GUIRAO - Tomas FERNANDEZ ORTEGA",
    "equipoDTO": {
      "equipoId": 2496,
      "jugadores": [
        {
          "jugadorId": 897,
          "nombreJugador": "Tomas FERNANDEZ GUIRAO"
        },
        {
          "jugadorId": 951,
          "nombreJugador": "Tomas FERNANDEZ ORTEGA"
        }
      ]
    },
    "posicion": 27
  },
  {
    "torneoId": 130,
    "nombreTorneo": "LOECHES 2024",
    "competicionId": 425,
    "nombreCompeticion": "Open Dobles",
    "tipoCompeticionId": 1,
    "tipoCompeticion": "Open Dobles",
    "equipoJugadores": "Armando BUENO LOPEZ - Miguel AMEZ RIENDAS",
    "equipoDTO": {
      "equipoId": 3043,
      "jugadores": [
        {
          "jugadorId": 114,
          "nombreJugador": "Armando BUENO LOPEZ"
        },
        {
          "jugadorId": 124,
          "nombreJugador": "Miguel AMEZ RIENDAS"
        }
      ]
    },
    "posicion": 28
  },
  {
    "torneoId": 130,
    "nombreTorneo": "LOECHES 2024",
    "competicionId": 425,
    "nombreCompeticion": "Open Dobles",
    "tipoCompeticionId": 1,
    "tipoCompeticion": "Open Dobles",
    "equipoJugadores": "Javier MUÑOZ ARENAS - Sergio MUÑOZ ARENAS",
    "equipoDTO": {
      "equipoId": 2461,
      "jugadores": [
        {
          "jugadorId": 909,
          "nombreJugador": "Javier MUÑOZ ARENAS"
        },
        {
          "jugadorId": 947,
          "nombreJugador": "Sergio MUÑOZ ARENAS"
        }
      ]
    },
    "posicion": 29
  },
  {
    "torneoId": 130,
    "nombreTorneo": "LOECHES 2024",
    "competicionId": 425,
    "nombreCompeticion": "Open Dobles",
    "tipoCompeticionId": 1,
    "tipoCompeticion": "Open Dobles",
    "equipoJugadores": "Meli ALTARES TAPIA - Oscar MARTINEZ NICOLAS",
    "equipoDTO": {
      "equipoId": 3064,
      "jugadores": [
        {
          "jugadorId": 969,
          "nombreJugador": "Meli ALTARES TAPIA"
        },
        {
          "jugadorId": 1044,
          "nombreJugador": "Oscar MARTINEZ NICOLAS"
        }
      ]
    },
    "posicion": 30
  },
  {
    "torneoId": 130,
    "nombreTorneo": "LOECHES 2024",
    "competicionId": 425,
    "nombreCompeticion": "Open Dobles",
    "tipoCompeticionId": 1,
    "tipoCompeticion": "Open Dobles",
    "equipoJugadores": "Eugenio CASADO PEDRAJAS - Diego GARRIDO MONTES",
    "equipoDTO": {
      "equipoId": 2979,
      "jugadores": [
        {
          "jugadorId": 1212,
          "nombreJugador": "Eugenio CASADO PEDRAJAS"
        },
        {
          "jugadorId": 1234,
          "nombreJugador": "Diego GARRIDO MONTES"
        }
      ]
    },
    "posicion": 31
  },
  {
    "torneoId": 130,
    "nombreTorneo": "LOECHES 2024",
    "competicionId": 425,
    "nombreCompeticion": "Open Dobles",
    "tipoCompeticionId": 1,
    "tipoCompeticion": "Open Dobles",
    "equipoJugadores": "Sergio MARTIN GOMEZ - Borja RANZ GONZALEZ",
    "equipoDTO": {
      "equipoId": 1380,
      "jugadores": [
        {
          "jugadorId": 42,
          "nombreJugador": "Sergio MARTIN GOMEZ"
        },
        {
          "jugadorId": 468,
          "nombreJugador": "Borja RANZ GONZALEZ"
        }
      ]
    },
    "posicion": 32
  },
  {
    "torneoId": 130,
    "nombreTorneo": "LOECHES 2024",
    "competicionId": 425,
    "nombreCompeticion": "Open Dobles",
    "tipoCompeticionId": 1,
    "tipoCompeticion": "Open Dobles",
    "equipoJugadores": "José Antonio JORQUERA - Rubén MACHADO MÉNDEZ",
    "equipoDTO": {
      "equipoId": 3070,
      "jugadores": [
        {
          "jugadorId": 1287,
          "nombreJugador": "José Antonio JORQUERA"
        },
        {
          "jugadorId": 1299,
          "nombreJugador": "Rubén MACHADO MÉNDEZ"
        }
      ]
    },
    "posicion": 33
  },
  {
    "torneoId": 130,
    "nombreTorneo": "LOECHES 2024",
    "competicionId": 425,
    "nombreCompeticion": "Open Dobles",
    "tipoCompeticionId": 1,
    "tipoCompeticion": "Open Dobles",
    "equipoJugadores": "Ricardo LEAL DAMAS - Juan Francisco FERNÁNDEZ SANZ",
    "equipoDTO": {
      "equipoId": 3054,
      "jugadores": [
        {
          "jugadorId": 698,
          "nombreJugador": "Ricardo LEAL DAMAS"
        },
        {
          "jugadorId": 1285,
          "nombreJugador": "Juan Francisco FERNÁNDEZ SANZ"
        }
      ]
    },
    "posicion": 34
  },
  {
    "torneoId": 130,
    "nombreTorneo": "LOECHES 2024",
    "competicionId": 425,
    "nombreCompeticion": "Open Dobles",
    "tipoCompeticionId": 1,
    "tipoCompeticion": "Open Dobles",
    "equipoJugadores": "Sergio ARROYO OREJA - Jorge ARROYO OREJA",
    "equipoDTO": {
      "equipoId": 2089,
      "jugadores": [
        {
          "jugadorId": 740,
          "nombreJugador": "Sergio ARROYO OREJA"
        },
        {
          "jugadorId": 774,
          "nombreJugador": "Jorge ARROYO OREJA"
        }
      ]
    },
    "posicion": 35
  },
  {
    "torneoId": 130,
    "nombreTorneo": "LOECHES 2024",
    "competicionId": 431,
    "nombreCompeticion": "España Amater Dobles",
    "tipoCompeticionId": 2,
    "tipoCompeticion": "Amater Dobles",
    "equipoJugadores": "Daniel GUTIERREZ LOPEZ - Santiago FERNANDEZ GAYO",
    "equipoDTO": {
      "equipoId": 2613,
      "jugadores": [
        {
          "jugadorId": 949,
          "nombreJugador": "Daniel GUTIERREZ LOPEZ"
        },
        {
          "jugadorId": 991,
          "nombreJugador": "Santiago FERNANDEZ GAYO"
        }
      ]
    },
    "posicion": 1
  },
  {
    "torneoId": 130,
    "nombreTorneo": "LOECHES 2024",
    "competicionId": 431,
    "nombreCompeticion": "España Amater Dobles",
    "tipoCompeticionId": 2,
    "tipoCompeticion": "Amater Dobles",
    "equipoJugadores": "Orlando GUILLEN DIAZ - Aurelio JIMÉNEZ RAMOS",
    "equipoDTO": {
      "equipoId": 2872,
      "jugadores": [
        {
          "jugadorId": 617,
          "nombreJugador": "Orlando GUILLEN DIAZ"
        },
        {
          "jugadorId": 1103,
          "nombreJugador": "Aurelio JIMÉNEZ RAMOS"
        }
      ]
    },
    "posicion": 2
  },
  {
    "torneoId": 130,
    "nombreTorneo": "LOECHES 2024",
    "competicionId": 431,
    "nombreCompeticion": "España Amater Dobles",
    "tipoCompeticionId": 2,
    "tipoCompeticion": "Amater Dobles",
    "equipoJugadores": "Ivan MAYORGA SANDOVAL - Alicia CALVO PEREZ",
    "equipoDTO": {
      "equipoId": 2265,
      "jugadores": [
        {
          "jugadorId": 225,
          "nombreJugador": "Ivan MAYORGA SANDOVAL"
        },
        {
          "jugadorId": 828,
          "nombreJugador": "Alicia CALVO PEREZ"
        }
      ]
    },
    "posicion": 3
  },
  {
    "torneoId": 130,
    "nombreTorneo": "LOECHES 2024",
    "competicionId": 431,
    "nombreCompeticion": "España Amater Dobles",
    "tipoCompeticionId": 2,
    "tipoCompeticion": "Amater Dobles",
    "equipoJugadores": "Armando BUENO LOPEZ - Miguel AMEZ RIENDAS",
    "equipoDTO": {
      "equipoId": 3043,
      "jugadores": [
        {
          "jugadorId": 114,
          "nombreJugador": "Armando BUENO LOPEZ"
        },
        {
          "jugadorId": 124,
          "nombreJugador": "Miguel AMEZ RIENDAS"
        }
      ]
    },
    "posicion": 4
  },
  {
    "torneoId": 130,
    "nombreTorneo": "LOECHES 2024",
    "competicionId": 431,
    "nombreCompeticion": "España Amater Dobles",
    "tipoCompeticionId": 2,
    "tipoCompeticion": "Amater Dobles",
    "equipoJugadores": "Silvestre ROSA REY - Miguel JIMÉNEZ TORRES",
    "equipoDTO": {
      "equipoId": 2939,
      "jugadores": [
        {
          "jugadorId": 140,
          "nombreJugador": "Silvestre ROSA REY"
        },
        {
          "jugadorId": 760,
          "nombreJugador": "Miguel JIMÉNEZ TORRES"
        }
      ]
    },
    "posicion": 5
  },
  {
    "torneoId": 130,
    "nombreTorneo": "LOECHES 2024",
    "competicionId": 431,
    "nombreCompeticion": "España Amater Dobles",
    "tipoCompeticionId": 2,
    "tipoCompeticion": "Amater Dobles",
    "equipoJugadores": "Francisco SANTIAGO MUÑOZ - Antonio VILLAVERDE GONZALEZ",
    "equipoDTO": {
      "equipoId": 57,
      "jugadores": [
        {
          "jugadorId": 44,
          "nombreJugador": "Francisco SANTIAGO MUÑOZ"
        },
        {
          "jugadorId": 49,
          "nombreJugador": "Antonio VILLAVERDE GONZALEZ"
        }
      ]
    },
    "posicion": 6
  },
  {
    "torneoId": 130,
    "nombreTorneo": "LOECHES 2024",
    "competicionId": 431,
    "nombreCompeticion": "España Amater Dobles",
    "tipoCompeticionId": 2,
    "tipoCompeticion": "Amater Dobles",
    "equipoJugadores": "Sergio  MAGDALENO GOMEZ - David MOYANO MORCILLO",
    "equipoDTO": {
      "equipoId": 3047,
      "jugadores": [
        {
          "jugadorId": 401,
          "nombreJugador": "Sergio  MAGDALENO GOMEZ"
        },
        {
          "jugadorId": 905,
          "nombreJugador": "David MOYANO MORCILLO"
        }
      ]
    },
    "posicion": 7
  },
  {
    "torneoId": 130,
    "nombreTorneo": "LOECHES 2024",
    "competicionId": 431,
    "nombreCompeticion": "España Amater Dobles",
    "tipoCompeticionId": 2,
    "tipoCompeticion": "Amater Dobles",
    "equipoJugadores": "Jonathan HERRERA RAMOS - Alejandro SANCHEZ BEJARANO",
    "equipoDTO": {
      "equipoId": 2391,
      "jugadores": [
        {
          "jugadorId": 378,
          "nombreJugador": "Jonathan HERRERA RAMOS"
        },
        {
          "jugadorId": 710,
          "nombreJugador": "Alejandro SANCHEZ BEJARANO"
        }
      ]
    },
    "posicion": 8
  },
  {
    "torneoId": 130,
    "nombreTorneo": "LOECHES 2024",
    "competicionId": 431,
    "nombreCompeticion": "España Amater Dobles",
    "tipoCompeticionId": 2,
    "tipoCompeticion": "Amater Dobles",
    "equipoJugadores": "Felix VILLANUEVA REILLO - Antonio  NAVARRO PACHECA",
    "equipoDTO": {
      "equipoId": 1610,
      "jugadores": [
        {
          "jugadorId": 82,
          "nombreJugador": "Felix VILLANUEVA REILLO"
        },
        {
          "jugadorId": 434,
          "nombreJugador": "Antonio  NAVARRO PACHECA"
        }
      ]
    },
    "posicion": 9
  },
  {
    "torneoId": 130,
    "nombreTorneo": "LOECHES 2024",
    "competicionId": 431,
    "nombreCompeticion": "España Amater Dobles",
    "tipoCompeticionId": 2,
    "tipoCompeticion": "Amater Dobles",
    "equipoJugadores": "José Antonio JORQUERA - Rubén MACHADO MÉNDEZ",
    "equipoDTO": {
      "equipoId": 3070,
      "jugadores": [
        {
          "jugadorId": 1287,
          "nombreJugador": "José Antonio JORQUERA"
        },
        {
          "jugadorId": 1299,
          "nombreJugador": "Rubén MACHADO MÉNDEZ"
        }
      ]
    },
    "posicion": 10
  },
  {
    "torneoId": 130,
    "nombreTorneo": "LOECHES 2024",
    "competicionId": 431,
    "nombreCompeticion": "España Amater Dobles",
    "tipoCompeticionId": 2,
    "tipoCompeticion": "Amater Dobles",
    "equipoJugadores": "Sergio MARTIN GOMEZ - Borja RANZ GONZALEZ",
    "equipoDTO": {
      "equipoId": 1380,
      "jugadores": [
        {
          "jugadorId": 42,
          "nombreJugador": "Sergio MARTIN GOMEZ"
        },
        {
          "jugadorId": 468,
          "nombreJugador": "Borja RANZ GONZALEZ"
        }
      ]
    },
    "posicion": 11
  },
  {
    "torneoId": 130,
    "nombreTorneo": "LOECHES 2024",
    "competicionId": 431,
    "nombreCompeticion": "España Amater Dobles",
    "tipoCompeticionId": 2,
    "tipoCompeticion": "Amater Dobles",
    "equipoJugadores": "Julián GIL VIYUELA - Jorge FERNÁNDEZ MARTÍNEZ",
    "equipoDTO": {
      "equipoId": 2932,
      "jugadores": [
        {
          "jugadorId": 1154,
          "nombreJugador": "Julián GIL VIYUELA"
        },
        {
          "jugadorId": 1155,
          "nombreJugador": "Jorge FERNÁNDEZ MARTÍNEZ"
        }
      ]
    },
    "posicion": 12
  },
  {
    "torneoId": 130,
    "nombreTorneo": "LOECHES 2024",
    "competicionId": 431,
    "nombreCompeticion": "España Amater Dobles",
    "tipoCompeticionId": 2,
    "tipoCompeticion": "Amater Dobles",
    "equipoJugadores": "Fernando GUEVARA - Jose VARGAS JIMÉNEZ",
    "equipoDTO": {
      "equipoId": 3069,
      "jugadores": [
        {
          "jugadorId": 1286,
          "nombreJugador": "Fernando GUEVARA"
        },
        {
          "jugadorId": 1308,
          "nombreJugador": "Jose VARGAS JIMÉNEZ"
        }
      ]
    },
    "posicion": 13
  },
  {
    "torneoId": 130,
    "nombreTorneo": "LOECHES 2024",
    "competicionId": 431,
    "nombreCompeticion": "España Amater Dobles",
    "tipoCompeticionId": 2,
    "tipoCompeticion": "Amater Dobles",
    "equipoJugadores": "Antonio MUÑOZ POZUELO - Ricardo LEAL DAMAS",
    "equipoDTO": {
      "equipoId": 3048,
      "jugadores": [
        {
          "jugadorId": 602,
          "nombreJugador": "Antonio MUÑOZ POZUELO"
        },
        {
          "jugadorId": 698,
          "nombreJugador": "Ricardo LEAL DAMAS"
        }
      ]
    },
    "posicion": 14
  },
  {
    "torneoId": 130,
    "nombreTorneo": "LOECHES 2024",
    "competicionId": 431,
    "nombreCompeticion": "España Amater Dobles",
    "tipoCompeticionId": 2,
    "tipoCompeticion": "Amater Dobles",
    "equipoJugadores": "Tomas FERNANDEZ GUIRAO - Tomas FERNANDEZ ORTEGA",
    "equipoDTO": {
      "equipoId": 2496,
      "jugadores": [
        {
          "jugadorId": 897,
          "nombreJugador": "Tomas FERNANDEZ GUIRAO"
        },
        {
          "jugadorId": 951,
          "nombreJugador": "Tomas FERNANDEZ ORTEGA"
        }
      ]
    },
    "posicion": 15
  },
  {
    "torneoId": 130,
    "nombreTorneo": "LOECHES 2024",
    "competicionId": 431,
    "nombreCompeticion": "España Amater Dobles",
    "tipoCompeticionId": 2,
    "tipoCompeticion": "Amater Dobles",
    "equipoJugadores": "Alejandro RUBIO GONZALEZ - Pedro GOMEZ",
    "equipoDTO": {
      "equipoId": 3073,
      "jugadores": [
        {
          "jugadorId": 1290,
          "nombreJugador": "Alejandro RUBIO GONZALEZ"
        },
        {
          "jugadorId": 1296,
          "nombreJugador": "Pedro GOMEZ"
        }
      ]
    },
    "posicion": 16
  },
  {
    "torneoId": 130,
    "nombreTorneo": "LOECHES 2024",
    "competicionId": 431,
    "nombreCompeticion": "España Amater Dobles",
    "tipoCompeticionId": 2,
    "tipoCompeticion": "Amater Dobles",
    "equipoJugadores": "Eugenio CASADO PEDRAJAS - Diego GARRIDO MONTES",
    "equipoDTO": {
      "equipoId": 2979,
      "jugadores": [
        {
          "jugadorId": 1212,
          "nombreJugador": "Eugenio CASADO PEDRAJAS"
        },
        {
          "jugadorId": 1234,
          "nombreJugador": "Diego GARRIDO MONTES"
        }
      ]
    },
    "posicion": 17
  },
  {
    "torneoId": 130,
    "nombreTorneo": "LOECHES 2024",
    "competicionId": 431,
    "nombreCompeticion": "España Amater Dobles",
    "tipoCompeticionId": 2,
    "tipoCompeticion": "Amater Dobles",
    "equipoJugadores": "Miguel Angel VERA VASQUEZ - David MARTÍNEZ RODRÍGUEZ",
    "equipoDTO": {
      "equipoId": 3074,
      "jugadores": [
        {
          "jugadorId": 1291,
          "nombreJugador": "Miguel Angel VERA VASQUEZ"
        },
        {
          "jugadorId": 1300,
          "nombreJugador": "David MARTÍNEZ RODRÍGUEZ"
        }
      ]
    },
    "posicion": 18
  },
  {
    "torneoId": 130,
    "nombreTorneo": "LOECHES 2024",
    "competicionId": 431,
    "nombreCompeticion": "España Amater Dobles",
    "tipoCompeticionId": 2,
    "tipoCompeticion": "Amater Dobles",
    "equipoJugadores": "Javier MUÑOZ ARENAS - Sergio MUÑOZ ARENAS",
    "equipoDTO": {
      "equipoId": 2461,
      "jugadores": [
        {
          "jugadorId": 909,
          "nombreJugador": "Javier MUÑOZ ARENAS"
        },
        {
          "jugadorId": 947,
          "nombreJugador": "Sergio MUÑOZ ARENAS"
        }
      ]
    },
    "posicion": 19
  },
  {
    "torneoId": 130,
    "nombreTorneo": "LOECHES 2024",
    "competicionId": 431,
    "nombreCompeticion": "España Amater Dobles",
    "tipoCompeticionId": 2,
    "tipoCompeticion": "Amater Dobles",
    "equipoJugadores": "Eugenio DÍAZ JIMENEZ - Gonzalo SERNA LARA",
    "equipoDTO": {
      "equipoId": 3067,
      "jugadores": [
        {
          "jugadorId": 1284,
          "nombreJugador": "Eugenio DÍAZ JIMENEZ"
        },
        {
          "jugadorId": 1306,
          "nombreJugador": "Gonzalo SERNA LARA"
        }
      ]
    },
    "posicion": 20
  },
  {
    "torneoId": 130,
    "nombreTorneo": "LOECHES 2024",
    "competicionId": 431,
    "nombreCompeticion": "España Amater Dobles",
    "tipoCompeticionId": 2,
    "tipoCompeticion": "Amater Dobles",
    "equipoJugadores": "Sergio ARROYO OREJA - Jorge ARROYO OREJA",
    "equipoDTO": {
      "equipoId": 2089,
      "jugadores": [
        {
          "jugadorId": 740,
          "nombreJugador": "Sergio ARROYO OREJA"
        },
        {
          "jugadorId": 774,
          "nombreJugador": "Jorge ARROYO OREJA"
        }
      ]
    },
    "posicion": 21
  },
  {
    "torneoId": 130,
    "nombreTorneo": "LOECHES 2024",
    "competicionId": 431,
    "nombreCompeticion": "España Amater Dobles",
    "tipoCompeticionId": 2,
    "tipoCompeticion": "Amater Dobles",
    "equipoJugadores": "Meli ALTARES TAPIA - Raquel DEL HOYO",
    "equipoDTO": {
      "equipoId": 3040,
      "jugadores": [
        {
          "jugadorId": 969,
          "nombreJugador": "Meli ALTARES TAPIA"
        },
        {
          "jugadorId": 1217,
          "nombreJugador": "Raquel DEL HOYO"
        }
      ]
    },
    "posicion": 22
  },
  {
    "torneoId": 130,
    "nombreTorneo": "LOECHES 2024",
    "competicionId": 431,
    "nombreCompeticion": "España Amater Dobles",
    "tipoCompeticionId": 2,
    "tipoCompeticion": "Amater Dobles",
    "equipoJugadores": "Oscar MARTINEZ NICOLAS - Juan Francisco FERNÁNDEZ SANZ",
    "equipoDTO": {
      "equipoId": 3068,
      "jugadores": [
        {
          "jugadorId": 1044,
          "nombreJugador": "Oscar MARTINEZ NICOLAS"
        },
        {
          "jugadorId": 1285,
          "nombreJugador": "Juan Francisco FERNÁNDEZ SANZ"
        }
      ]
    },
    "posicion": 23
  },
  {
    "torneoId": 130,
    "nombreTorneo": "LOECHES 2024",
    "competicionId": 432,
    "nombreCompeticion": "España Rookie Doubles",
    "tipoCompeticionId": 10,
    "tipoCompeticion": "Rookie Dobles",
    "equipoJugadores": "Francisco SANTIAGO MUÑOZ - Antonio VILLAVERDE GONZALEZ",
    "equipoDTO": {
      "equipoId": 57,
      "jugadores": [
        {
          "jugadorId": 44,
          "nombreJugador": "Francisco SANTIAGO MUÑOZ"
        },
        {
          "jugadorId": 49,
          "nombreJugador": "Antonio VILLAVERDE GONZALEZ"
        }
      ]
    },
    "posicion": 1
  },
  {
    "torneoId": 130,
    "nombreTorneo": "LOECHES 2024",
    "competicionId": 432,
    "nombreCompeticion": "España Rookie Doubles",
    "tipoCompeticionId": 10,
    "tipoCompeticion": "Rookie Dobles",
    "equipoJugadores": "Orlando GUILLEN DIAZ - Aurelio JIMÉNEZ RAMOS",
    "equipoDTO": {
      "equipoId": 2872,
      "jugadores": [
        {
          "jugadorId": 617,
          "nombreJugador": "Orlando GUILLEN DIAZ"
        },
        {
          "jugadorId": 1103,
          "nombreJugador": "Aurelio JIMÉNEZ RAMOS"
        }
      ]
    },
    "posicion": 2
  },
  {
    "torneoId": 130,
    "nombreTorneo": "LOECHES 2024",
    "competicionId": 432,
    "nombreCompeticion": "España Rookie Doubles",
    "tipoCompeticionId": 10,
    "tipoCompeticion": "Rookie Dobles",
    "equipoJugadores": "Sergio MARTIN GOMEZ - David MOYANO MORCILLO",
    "equipoDTO": {
      "equipoId": 2937,
      "jugadores": [
        {
          "jugadorId": 42,
          "nombreJugador": "Sergio MARTIN GOMEZ"
        },
        {
          "jugadorId": 905,
          "nombreJugador": "David MOYANO MORCILLO"
        }
      ]
    },
    "posicion": 3
  },
  {
    "torneoId": 130,
    "nombreTorneo": "LOECHES 2024",
    "competicionId": 432,
    "nombreCompeticion": "España Rookie Doubles",
    "tipoCompeticionId": 10,
    "tipoCompeticion": "Rookie Dobles",
    "equipoJugadores": "Meli ALTARES TAPIA - Raquel DEL HOYO",
    "equipoDTO": {
      "equipoId": 3040,
      "jugadores": [
        {
          "jugadorId": 969,
          "nombreJugador": "Meli ALTARES TAPIA"
        },
        {
          "jugadorId": 1217,
          "nombreJugador": "Raquel DEL HOYO"
        }
      ]
    },
    "posicion": 4
  },
  {
    "torneoId": 130,
    "nombreTorneo": "LOECHES 2024",
    "competicionId": 432,
    "nombreCompeticion": "España Rookie Doubles",
    "tipoCompeticionId": 10,
    "tipoCompeticion": "Rookie Dobles",
    "equipoJugadores": "Ricardo LEAL DAMAS - Miguel Angel VERA VASQUEZ",
    "equipoDTO": {
      "equipoId": 3055,
      "jugadores": [
        {
          "jugadorId": 698,
          "nombreJugador": "Ricardo LEAL DAMAS"
        },
        {
          "jugadorId": 1291,
          "nombreJugador": "Miguel Angel VERA VASQUEZ"
        }
      ]
    },
    "posicion": 5
  },
  {
    "torneoId": 130,
    "nombreTorneo": "LOECHES 2024",
    "competicionId": 432,
    "nombreCompeticion": "España Rookie Doubles",
    "tipoCompeticionId": 10,
    "tipoCompeticion": "Rookie Dobles",
    "equipoJugadores": "José Antonio JORQUERA - Rubén MACHADO MÉNDEZ",
    "equipoDTO": {
      "equipoId": 3070,
      "jugadores": [
        {
          "jugadorId": 1287,
          "nombreJugador": "José Antonio JORQUERA"
        },
        {
          "jugadorId": 1299,
          "nombreJugador": "Rubén MACHADO MÉNDEZ"
        }
      ]
    },
    "posicion": 6
  },
  {
    "torneoId": 130,
    "nombreTorneo": "LOECHES 2024",
    "competicionId": 432,
    "nombreCompeticion": "España Rookie Doubles",
    "tipoCompeticionId": 10,
    "tipoCompeticion": "Rookie Dobles",
    "equipoJugadores": "Javier MUÑOZ ARENAS - Sergio MUÑOZ ARENAS",
    "equipoDTO": {
      "equipoId": 2461,
      "jugadores": [
        {
          "jugadorId": 909,
          "nombreJugador": "Javier MUÑOZ ARENAS"
        },
        {
          "jugadorId": 947,
          "nombreJugador": "Sergio MUÑOZ ARENAS"
        }
      ]
    },
    "posicion": 7
  },
  {
    "torneoId": 130,
    "nombreTorneo": "LOECHES 2024",
    "competicionId": 432,
    "nombreCompeticion": "España Rookie Doubles",
    "tipoCompeticionId": 10,
    "tipoCompeticion": "Rookie Dobles",
    "equipoJugadores": "Julián GIL VIYUELA - Jorge FERNÁNDEZ MARTÍNEZ",
    "equipoDTO": {
      "equipoId": 2932,
      "jugadores": [
        {
          "jugadorId": 1154,
          "nombreJugador": "Julián GIL VIYUELA"
        },
        {
          "jugadorId": 1155,
          "nombreJugador": "Jorge FERNÁNDEZ MARTÍNEZ"
        }
      ]
    },
    "posicion": 8
  },
  {
    "torneoId": 130,
    "nombreTorneo": "LOECHES 2024",
    "competicionId": 432,
    "nombreCompeticion": "España Rookie Doubles",
    "tipoCompeticionId": 10,
    "tipoCompeticion": "Rookie Dobles",
    "equipoJugadores": "Fernando GUEVARA - Jose VARGAS JIMÉNEZ",
    "equipoDTO": {
      "equipoId": 3069,
      "jugadores": [
        {
          "jugadorId": 1286,
          "nombreJugador": "Fernando GUEVARA"
        },
        {
          "jugadorId": 1308,
          "nombreJugador": "Jose VARGAS JIMÉNEZ"
        }
      ]
    },
    "posicion": 9
  },
  {
    "torneoId": 130,
    "nombreTorneo": "LOECHES 2024",
    "competicionId": 432,
    "nombreCompeticion": "España Rookie Doubles",
    "tipoCompeticionId": 10,
    "tipoCompeticion": "Rookie Dobles",
    "equipoJugadores": "Eugenio DÍAZ JIMENEZ - Gonzalo SERNA LARA",
    "equipoDTO": {
      "equipoId": 3067,
      "jugadores": [
        {
          "jugadorId": 1284,
          "nombreJugador": "Eugenio DÍAZ JIMENEZ"
        },
        {
          "jugadorId": 1306,
          "nombreJugador": "Gonzalo SERNA LARA"
        }
      ]
    },
    "posicion": 10
  },
  {
    "torneoId": 130,
    "nombreTorneo": "LOECHES 2024",
    "competicionId": 432,
    "nombreCompeticion": "España Rookie Doubles",
    "tipoCompeticionId": 10,
    "tipoCompeticion": "Rookie Dobles",
    "equipoJugadores": "Juan Jose CONCEPCION GUTIERREZ - Oscar MARTINEZ NICOLAS",
    "equipoDTO": {
      "equipoId": 3058,
      "jugadores": [
        {
          "jugadorId": 842,
          "nombreJugador": "Juan Jose CONCEPCION GUTIERREZ"
        },
        {
          "jugadorId": 1044,
          "nombreJugador": "Oscar MARTINEZ NICOLAS"
        }
      ]
    },
    "posicion": 11
  },
  {
    "torneoId": 130,
    "nombreTorneo": "LOECHES 2024",
    "competicionId": 432,
    "nombreCompeticion": "España Rookie Doubles",
    "tipoCompeticionId": 10,
    "tipoCompeticion": "Rookie Dobles",
    "equipoJugadores": "Alejandro RUBIO GONZALEZ - Pedro GOMEZ",
    "equipoDTO": {
      "equipoId": 3073,
      "jugadores": [
        {
          "jugadorId": 1290,
          "nombreJugador": "Alejandro RUBIO GONZALEZ"
        },
        {
          "jugadorId": 1296,
          "nombreJugador": "Pedro GOMEZ"
        }
      ]
    },
    "posicion": 12
  },
  {
    "torneoId": 130,
    "nombreTorneo": "LOECHES 2024",
    "competicionId": 432,
    "nombreCompeticion": "España Rookie Doubles",
    "tipoCompeticionId": 10,
    "tipoCompeticion": "Rookie Dobles",
    "equipoJugadores": "Eugenio CASADO PEDRAJAS - Diego GARRIDO MONTES",
    "equipoDTO": {
      "equipoId": 2979,
      "jugadores": [
        {
          "jugadorId": 1212,
          "nombreJugador": "Eugenio CASADO PEDRAJAS"
        },
        {
          "jugadorId": 1234,
          "nombreJugador": "Diego GARRIDO MONTES"
        }
      ]
    },
    "posicion": 13
  },
  {
    "torneoId": 130,
    "nombreTorneo": "LOECHES 2024",
    "competicionId": 427,
    "nombreCompeticion": "Mixto",
    "tipoCompeticionId": 11,
    "tipoCompeticion": "Mixto",
    "equipoJugadores": "David GAÑAN TERRON - Alicia CALVO PEREZ",
    "equipoDTO": {
      "equipoId": 3041,
      "jugadores": [
        {
          "jugadorId": 6,
          "nombreJugador": "David GAÑAN TERRON"
        },
        {
          "jugadorId": 828,
          "nombreJugador": "Alicia CALVO PEREZ"
        }
      ]
    },
    "posicion": 1
  },
  {
    "torneoId": 130,
    "nombreTorneo": "LOECHES 2024",
    "competicionId": 427,
    "nombreCompeticion": "Mixto",
    "tipoCompeticionId": 11,
    "tipoCompeticion": "Mixto",
    "equipoJugadores": "Armando BUENO LOPEZ - Meli ALTARES TAPIA",
    "equipoDTO": {
      "equipoId": 3063,
      "jugadores": [
        {
          "jugadorId": 114,
          "nombreJugador": "Armando BUENO LOPEZ"
        },
        {
          "jugadorId": 969,
          "nombreJugador": "Meli ALTARES TAPIA"
        }
      ]
    },
    "posicion": 2
  },
  {
    "torneoId": 130,
    "nombreTorneo": "LOECHES 2024",
    "competicionId": 427,
    "nombreCompeticion": "Mixto",
    "tipoCompeticionId": 11,
    "tipoCompeticion": "Mixto",
    "equipoJugadores": "Borja RANZ GONZALEZ - Raquel DEL HOYO",
    "equipoDTO": {
      "equipoId": 3065,
      "jugadores": [
        {
          "jugadorId": 468,
          "nombreJugador": "Borja RANZ GONZALEZ"
        },
        {
          "jugadorId": 1217,
          "nombreJugador": "Raquel DEL HOYO"
        }
      ]
    },
    "posicion": 3
  },
  {
    "torneoId": 130,
    "nombreTorneo": "LOECHES 2024",
    "competicionId": 427,
    "nombreCompeticion": "Mixto",
    "tipoCompeticionId": 11,
    "tipoCompeticion": "Mixto",
    "equipoJugadores": "Tomas FERNANDEZ ORTEGA - Juana GUIRAO SÁNCHEZ",
    "equipoDTO": {
      "equipoId": 3062,
      "jugadores": [
        {
          "jugadorId": 951,
          "nombreJugador": "Tomas FERNANDEZ ORTEGA"
        },
        {
          "jugadorId": 1297,
          "nombreJugador": "Juana GUIRAO SÁNCHEZ"
        }
      ]
    },
    "posicion": 4
  },
  {
    "torneoId": 130,
    "nombreTorneo": "LOECHES 2024",
    "competicionId": 427,
    "nombreCompeticion": "Mixto",
    "tipoCompeticionId": 11,
    "tipoCompeticion": "Mixto",
    "equipoJugadores": "Mario TERRON FUENTES - Tamara PLANA MONZON",
    "equipoDTO": {
      "equipoId": 2237,
      "jugadores": [
        {
          "jugadorId": 759,
          "nombreJugador": "Mario TERRON FUENTES"
        },
        {
          "jugadorId": 783,
          "nombreJugador": "Tamara PLANA MONZON"
        }
      ]
    },
    "posicion": 5
  },
  {
    "torneoId": 130,
    "nombreTorneo": "LOECHES 2024",
    "competicionId": 428,
    "nombreCompeticion": "Junior Dobles",
    "tipoCompeticionId": 4,
    "tipoCompeticion": "Junior Dobles",
    "equipoJugadores": "Tomas FERNANDEZ GUIRAO - Oscar MARTINEZ NICOLAS",
    "equipoDTO": {
      "equipoId": 2762,
      "jugadores": [
        {
          "jugadorId": 897,
          "nombreJugador": "Tomas FERNANDEZ GUIRAO"
        },
        {
          "jugadorId": 1044,
          "nombreJugador": "Oscar MARTINEZ NICOLAS"
        }
      ]
    },
    "posicion": 1
  },
  {
    "torneoId": 130,
    "nombreTorneo": "LOECHES 2024",
    "competicionId": 428,
    "nombreCompeticion": "Junior Dobles",
    "tipoCompeticionId": 4,
    "tipoCompeticion": "Junior Dobles",
    "equipoJugadores": "Sergio MUÑOZ ARENAS - Lucas Sebastian FERREIRA TABOADA",
    "equipoDTO": {
      "equipoId": 3060,
      "jugadores": [
        {
          "jugadorId": 947,
          "nombreJugador": "Sergio MUÑOZ ARENAS"
        },
        {
          "jugadorId": 1295,
          "nombreJugador": "Lucas Sebastian FERREIRA TABOADA"
        }
      ]
    },
    "posicion": 2
  },
  {
    "torneoId": 130,
    "nombreTorneo": "LOECHES 2024",
    "competicionId": 428,
    "nombreCompeticion": "Junior Dobles",
    "tipoCompeticionId": 4,
    "tipoCompeticion": "Junior Dobles",
    "equipoJugadores": "Alejandro RUBIO GONZALEZ - Abril FERNANDEZ GUIRAO",
    "equipoDTO": {
      "equipoId": 3072,
      "jugadores": [
        {
          "jugadorId": 1290,
          "nombreJugador": "Alejandro RUBIO GONZALEZ"
        },
        {
          "jugadorId": 1294,
          "nombreJugador": "Abril FERNANDEZ GUIRAO"
        }
      ]
    },
    "posicion": 3
  },
  {
    "torneoId": 130,
    "nombreTorneo": "LOECHES 2024",
    "competicionId": 428,
    "nombreCompeticion": "Junior Dobles",
    "tipoCompeticionId": 4,
    "tipoCompeticion": "Junior Dobles",
    "equipoJugadores": "Javier MUÑOZ ARENAS - Nicolas ÁMEZ CASARES",
    "equipoDTO": {
      "equipoId": 3059,
      "jugadores": [
        {
          "jugadorId": 909,
          "nombreJugador": "Javier MUÑOZ ARENAS"
        },
        {
          "jugadorId": 1292,
          "nombreJugador": "Nicolas ÁMEZ CASARES"
        }
      ]
    },
    "posicion": 4
  },
  {
    "torneoId": 130,
    "nombreTorneo": "LOECHES 2024",
    "competicionId": 433,
    "nombreCompeticion": "Equipos España",
    "tipoCompeticionId": 3,
    "tipoCompeticion": "DYP",
    "equipoJugadores": "Guillermo CORDOBA RAMIRO - Raul PEREZ MARTINEZ",
    "equipoDTO": {
      "equipoId": 3042,
      "jugadores": [
        {
          "jugadorId": 22,
          "nombreJugador": "Guillermo CORDOBA RAMIRO"
        },
        {
          "jugadorId": 694,
          "nombreJugador": "Raul PEREZ MARTINEZ"
        }
      ]
    },
    "posicion": 1
  },
  {
    "torneoId": 130,
    "nombreTorneo": "LOECHES 2024",
    "competicionId": 433,
    "nombreCompeticion": "Equipos España",
    "tipoCompeticionId": 3,
    "tipoCompeticion": "DYP",
    "equipoJugadores": "Eufrasio PACHECO CABRERA - Daniel RAMOS LUIS",
    "equipoDTO": {
      "equipoId": 1422,
      "jugadores": [
        {
          "jugadorId": 569,
          "nombreJugador": "Eufrasio PACHECO CABRERA"
        },
        {
          "jugadorId": 570,
          "nombreJugador": "Daniel RAMOS LUIS"
        }
      ]
    },
    "posicion": 2
  },
  {
    "torneoId": 130,
    "nombreTorneo": "LOECHES 2024",
    "competicionId": 433,
    "nombreCompeticion": "Equipos España",
    "tipoCompeticionId": 3,
    "tipoCompeticion": "DYP",
    "equipoJugadores": "Miguel JIMÉNEZ TORRES - Oscar MARTINEZ NICOLAS",
    "equipoDTO": {
      "equipoId": 3057,
      "jugadores": [
        {
          "jugadorId": 760,
          "nombreJugador": "Miguel JIMÉNEZ TORRES"
        },
        {
          "jugadorId": 1044,
          "nombreJugador": "Oscar MARTINEZ NICOLAS"
        }
      ]
    },
    "posicion": 3
  },
  {
    "torneoId": 130,
    "nombreTorneo": "LOECHES 2024",
    "competicionId": 433,
    "nombreCompeticion": "Equipos España",
    "tipoCompeticionId": 3,
    "tipoCompeticion": "DYP",
    "equipoJugadores": "Tomas FERNANDEZ GUIRAO - Daniel GUTIERREZ LOPEZ",
    "equipoDTO": {
      "equipoId": 3061,
      "jugadores": [
        {
          "jugadorId": 897,
          "nombreJugador": "Tomas FERNANDEZ GUIRAO"
        },
        {
          "jugadorId": 949,
          "nombreJugador": "Daniel GUTIERREZ LOPEZ"
        }
      ]
    },
    "posicion": 4
  },
  {
    "torneoId": 130,
    "nombreTorneo": "LOECHES 2024",
    "competicionId": 430,
    "nombreCompeticion": "España Master Dobles",
    "tipoCompeticionId": 26,
    "tipoCompeticion": "MasterDobles",
    "equipoJugadores": "Angel SÁNCHEZ JIMENEZ - David ALCAZAR GONZALEZ",
    "equipoDTO": {
      "equipoId": 3051,
      "jugadores": [
        {
          "jugadorId": 26,
          "nombreJugador": "Angel SÁNCHEZ JIMENEZ"
        },
        {
          "jugadorId": 695,
          "nombreJugador": "David ALCAZAR GONZALEZ"
        }
      ]
    },
    "posicion": 1
  },
  {
    "torneoId": 130,
    "nombreTorneo": "LOECHES 2024",
    "competicionId": 429,
    "nombreCompeticion": "España Pro Dobles",
    "tipoCompeticionId": 12,
    "tipoCompeticion": "ProDobles",
    "equipoJugadores": "Hector NUÑEZ SAEZ - Guillermo CORDOBA RAMIRO",
    "equipoDTO": {
      "equipoId": 124,
      "jugadores": [
        {
          "jugadorId": 4,
          "nombreJugador": "Hector NUÑEZ SAEZ"
        },
        {
          "jugadorId": 22,
          "nombreJugador": "Guillermo CORDOBA RAMIRO"
        }
      ]
    },
    "posicion": 1
  },
  {
    "torneoId": 130,
    "nombreTorneo": "LOECHES 2024",
    "competicionId": 429,
    "nombreCompeticion": "España Pro Dobles",
    "tipoCompeticionId": 12,
    "tipoCompeticion": "ProDobles",
    "equipoJugadores": "Jake BARNETTE - Kenneth DALE",
    "equipoDTO": {
      "equipoId": 3066,
      "jugadores": [
        {
          "jugadorId": 1282,
          "nombreJugador": "Jake BARNETTE"
        },
        {
          "jugadorId": 1283,
          "nombreJugador": "Kenneth DALE"
        }
      ]
    },
    "posicion": 2
  },
  {
    "torneoId": 130,
    "nombreTorneo": "LOECHES 2024",
    "competicionId": 430,
    "nombreCompeticion": "España Master Dobles",
    "tipoCompeticionId": 26,
    "tipoCompeticion": "MasterDobles",
    "equipoJugadores": "Ruyman HERNANDEZ MOLEIRO - David FLORES GONZALEZ",
    "equipoDTO": {
      "equipoId": 3056,
      "jugadores": [
        {
          "jugadorId": 567,
          "nombreJugador": "Ruyman HERNANDEZ MOLEIRO"
        },
        {
          "jugadorId": 712,
          "nombreJugador": "David FLORES GONZALEZ"
        }
      ]
    },
    "posicion": 2
  },
  {
    "torneoId": 130,
    "nombreTorneo": "LOECHES 2024",
    "competicionId": 429,
    "nombreCompeticion": "España Pro Dobles",
    "tipoCompeticionId": 12,
    "tipoCompeticion": "ProDobles",
    "equipoJugadores": "Eufrasio PACHECO CABRERA - Daniel RAMOS LUIS",
    "equipoDTO": {
      "equipoId": 1422,
      "jugadores": [
        {
          "jugadorId": 569,
          "nombreJugador": "Eufrasio PACHECO CABRERA"
        },
        {
          "jugadorId": 570,
          "nombreJugador": "Daniel RAMOS LUIS"
        }
      ]
    },
    "posicion": 3
  },
  {
    "torneoId": 130,
    "nombreTorneo": "LOECHES 2024",
    "competicionId": 430,
    "nombreCompeticion": "España Master Dobles",
    "tipoCompeticionId": 26,
    "tipoCompeticion": "MasterDobles",
    "equipoJugadores": "Angel Luis COBO MUÑOZ - Francisco CRISTOBAL MARTINEZ",
    "equipoDTO": {
      "equipoId": 1248,
      "jugadores": [
        {
          "jugadorId": 47,
          "nombreJugador": "Angel Luis COBO MUÑOZ"
        },
        {
          "jugadorId": 206,
          "nombreJugador": "Francisco CRISTOBAL MARTINEZ"
        }
      ]
    },
    "posicion": 3
  },
  {
    "torneoId": 130,
    "nombreTorneo": "LOECHES 2024",
    "competicionId": 429,
    "nombreCompeticion": "España Pro Dobles",
    "tipoCompeticionId": 12,
    "tipoCompeticion": "ProDobles",
    "equipoJugadores": "JESÚS GARCÍA CONDE - Aitor CANADA",
    "equipoDTO": {
      "equipoId": 1853,
      "jugadores": [
        {
          "jugadorId": 343,
          "nombreJugador": "JESÚS GARCÍA CONDE"
        },
        {
          "jugadorId": 647,
          "nombreJugador": "Aitor CANADA"
        }
      ]
    },
    "posicion": 4
  },
  {
    "torneoId": 130,
    "nombreTorneo": "LOECHES 2024",
    "competicionId": 430,
    "nombreCompeticion": "España Master Dobles",
    "tipoCompeticionId": 26,
    "tipoCompeticion": "MasterDobles",
    "equipoJugadores": "Jose Angel PEINADO - Daniel GONZALEZ ALONSO",
    "equipoDTO": {
      "equipoId": 3045,
      "jugadores": [
        {
          "jugadorId": 230,
          "nombreJugador": "Jose Angel PEINADO"
        },
        {
          "jugadorId": 360,
          "nombreJugador": "Daniel GONZALEZ ALONSO"
        }
      ]
    },
    "posicion": 4
  },
  {
    "torneoId": 130,
    "nombreTorneo": "LOECHES 2024",
    "competicionId": 430,
    "nombreCompeticion": "España Master Dobles",
    "tipoCompeticionId": 26,
    "tipoCompeticion": "MasterDobles",
    "equipoJugadores": "Bernardo PEREA PEINADO - Angel Luis COBO MORALES",
    "equipoDTO": {
      "equipoId": 1186,
      "jugadores": [
        {
          "jugadorId": 85,
          "nombreJugador": "Bernardo PEREA PEINADO"
        },
        {
          "jugadorId": 177,
          "nombreJugador": "Angel Luis COBO MORALES"
        }
      ]
    },
    "posicion": 5
  },
  {
    "torneoId": 130,
    "nombreTorneo": "LOECHES 2024",
    "competicionId": 429,
    "nombreCompeticion": "España Pro Dobles",
    "tipoCompeticionId": 12,
    "tipoCompeticion": "ProDobles",
    "equipoJugadores": "David GAÑAN TERRON - Jorge GOMEZ LLANO",
    "equipoDTO": {
      "equipoId": 276,
      "jugadores": [
        {
          "jugadorId": 6,
          "nombreJugador": "David GAÑAN TERRON"
        },
        {
          "jugadorId": 10,
          "nombreJugador": "Jorge GOMEZ LLANO"
        }
      ]
    },
    "posicion": 5
  },
  {
    "torneoId": 130,
    "nombreTorneo": "LOECHES 2024",
    "competicionId": 429,
    "nombreCompeticion": "España Pro Dobles",
    "tipoCompeticionId": 12,
    "tipoCompeticion": "ProDobles",
    "equipoJugadores": "Oscar ARTIAGA LOPEZ - Alberto VILÁ PÉREZ",
    "equipoDTO": {
      "equipoId": 2388,
      "jugadores": [
        {
          "jugadorId": 11,
          "nombreJugador": "Oscar ARTIAGA LOPEZ"
        },
        {
          "jugadorId": 687,
          "nombreJugador": "Alberto VILÁ PÉREZ"
        }
      ]
    },
    "posicion": 6
  },
  {
    "torneoId": 130,
    "nombreTorneo": "LOECHES 2024",
    "competicionId": 430,
    "nombreCompeticion": "España Master Dobles",
    "tipoCompeticionId": 26,
    "tipoCompeticion": "MasterDobles",
    "equipoJugadores": "Oscar ARTIAGA LOPEZ - Alberto VILÁ PÉREZ",
    "equipoDTO": {
      "equipoId": 2388,
      "jugadores": [
        {
          "jugadorId": 11,
          "nombreJugador": "Oscar ARTIAGA LOPEZ"
        },
        {
          "jugadorId": 687,
          "nombreJugador": "Alberto VILÁ PÉREZ"
        }
      ]
    },
    "posicion": 6
  },
  {
    "torneoId": 130,
    "nombreTorneo": "LOECHES 2024",
    "competicionId": 429,
    "nombreCompeticion": "España Pro Dobles",
    "tipoCompeticionId": 12,
    "tipoCompeticion": "ProDobles",
    "equipoJugadores": "David NIETO HERNANDEZ - Jordan GONZALEZ REBOSO",
    "equipoDTO": {
      "equipoId": 2186,
      "jugadores": [
        {
          "jugadorId": 3,
          "nombreJugador": "David NIETO HERNANDEZ"
        },
        {
          "jugadorId": 614,
          "nombreJugador": "Jordan GONZALEZ REBOSO"
        }
      ]
    },
    "posicion": 7
  },
  {
    "torneoId": 130,
    "nombreTorneo": "LOECHES 2024",
    "competicionId": 430,
    "nombreCompeticion": "España Master Dobles",
    "tipoCompeticionId": 26,
    "tipoCompeticion": "MasterDobles",
    "equipoJugadores": "Aitor CANADA - Alexis LAMAS GARCIA",
    "equipoDTO": {
      "equipoId": 3050,
      "jugadores": [
        {
          "jugadorId": 647,
          "nombreJugador": "Aitor CANADA"
        },
        {
          "jugadorId": 689,
          "nombreJugador": "Alexis LAMAS GARCIA"
        }
      ]
    },
    "posicion": 7
  },
  {
    "torneoId": 130,
    "nombreTorneo": "LOECHES 2024",
    "competicionId": 430,
    "nombreCompeticion": "España Master Dobles",
    "tipoCompeticionId": 26,
    "tipoCompeticion": "MasterDobles",
    "equipoJugadores": "Roberto PARRALEJO - Raul PEREZ MARTINEZ",
    "equipoDTO": {
      "equipoId": 2181,
      "jugadores": [
        {
          "jugadorId": 15,
          "nombreJugador": "Roberto PARRALEJO"
        },
        {
          "jugadorId": 694,
          "nombreJugador": "Raul PEREZ MARTINEZ"
        }
      ]
    },
    "posicion": 8
  },
  {
    "torneoId": 130,
    "nombreTorneo": "LOECHES 2024",
    "competicionId": 429,
    "nombreCompeticion": "España Pro Dobles",
    "tipoCompeticionId": 12,
    "tipoCompeticion": "ProDobles",
    "equipoJugadores": "Bernardo PEREA PEINADO - Angel Luis COBO MORALES",
    "equipoDTO": {
      "equipoId": 1186,
      "jugadores": [
        {
          "jugadorId": 85,
          "nombreJugador": "Bernardo PEREA PEINADO"
        },
        {
          "jugadorId": 177,
          "nombreJugador": "Angel Luis COBO MORALES"
        }
      ]
    },
    "posicion": 8
  },
  {
    "torneoId": 130,
    "nombreTorneo": "LOECHES 2024",
    "competicionId": 429,
    "nombreCompeticion": "España Pro Dobles",
    "tipoCompeticionId": 12,
    "tipoCompeticion": "ProDobles",
    "equipoJugadores": "Ruyman HERNANDEZ MOLEIRO - David FLORES GONZALEZ",
    "equipoDTO": {
      "equipoId": 3056,
      "jugadores": [
        {
          "jugadorId": 567,
          "nombreJugador": "Ruyman HERNANDEZ MOLEIRO"
        },
        {
          "jugadorId": 712,
          "nombreJugador": "David FLORES GONZALEZ"
        }
      ]
    },
    "posicion": 9
  },
  {
    "torneoId": 130,
    "nombreTorneo": "LOECHES 2024",
    "competicionId": 429,
    "nombreCompeticion": "España Pro Dobles",
    "tipoCompeticionId": 12,
    "tipoCompeticion": "ProDobles",
    "equipoJugadores": "Francisco CRISTOBAL MARTINEZ - David ALCAZAR GONZALEZ",
    "equipoDTO": {
      "equipoId": 3052,
      "jugadores": [
        {
          "jugadorId": 206,
          "nombreJugador": "Francisco CRISTOBAL MARTINEZ"
        },
        {
          "jugadorId": 695,
          "nombreJugador": "David ALCAZAR GONZALEZ"
        }
      ]
    },
    "posicion": 10
  },
  {
    "torneoId": 130,
    "nombreTorneo": "LOECHES 2024",
    "competicionId": 429,
    "nombreCompeticion": "España Pro Dobles",
    "tipoCompeticionId": 12,
    "tipoCompeticion": "ProDobles",
    "equipoJugadores": "Jose Angel PEINADO - Alexis LAMAS GARCIA",
    "equipoDTO": {
      "equipoId": 3046,
      "jugadores": [
        {
          "jugadorId": 230,
          "nombreJugador": "Jose Angel PEINADO"
        },
        {
          "jugadorId": 689,
          "nombreJugador": "Alexis LAMAS GARCIA"
        }
      ]
    },
    "posicion": 11
  },
  {
    "torneoId": 130,
    "nombreTorneo": "LOECHES 2024",
    "competicionId": 429,
    "nombreCompeticion": "España Pro Dobles",
    "tipoCompeticionId": 12,
    "tipoCompeticion": "ProDobles",
    "equipoJugadores": "Vladislava KACHALOVA - Alexander PETROV",
    "equipoDTO": {
      "equipoId": 3071,
      "jugadores": [
        {
          "jugadorId": 1288,
          "nombreJugador": "Vladislava KACHALOVA"
        },
        {
          "jugadorId": 1289,
          "nombreJugador": "Alexander PETROV"
        }
      ]
    },
    "posicion": 12
  },
  {
    "torneoId": 130,
    "nombreTorneo": "LOECHES 2024",
    "competicionId": 429,
    "nombreCompeticion": "España Pro Dobles",
    "tipoCompeticionId": 12,
    "tipoCompeticion": "ProDobles",
    "equipoJugadores": "Alberto CARBALLO ROBLES - Angel SÁNCHEZ JIMENEZ",
    "equipoDTO": {
      "equipoId": 2258,
      "jugadores": [
        {
          "jugadorId": 5,
          "nombreJugador": "Alberto CARBALLO ROBLES"
        },
        {
          "jugadorId": 26,
          "nombreJugador": "Angel SÁNCHEZ JIMENEZ"
        }
      ]
    },
    "posicion": 13
  },
  {
    "torneoId": 130,
    "nombreTorneo": "LOECHES 2024",
    "competicionId": 429,
    "nombreCompeticion": "España Pro Dobles",
    "tipoCompeticionId": 12,
    "tipoCompeticion": "ProDobles",
    "equipoJugadores": "Roberto PARRALEJO - Raul PEREZ MARTINEZ",
    "equipoDTO": {
      "equipoId": 2181,
      "jugadores": [
        {
          "jugadorId": 15,
          "nombreJugador": "Roberto PARRALEJO"
        },
        {
          "jugadorId": 694,
          "nombreJugador": "Raul PEREZ MARTINEZ"
        }
      ]
    },
    "posicion": 14
  },
  {
    "torneoId": 130,
    "nombreTorneo": "LOECHES 2024",
    "competicionId": 426,
    "nombreCompeticion": "Open Individual",
    "tipoCompeticionId": 13,
    "tipoCompeticion": "Open Individual",
    "equipoJugadores": "David GAÑAN TERRON",
    "equipoDTO": {
      "equipoId": 13,
      "jugadores": [
        {
          "jugadorId": 6,
          "nombreJugador": "David GAÑAN TERRON"
        }
      ]
    },
    "posicion": 1
  },
  {
    "torneoId": 130,
    "nombreTorneo": "LOECHES 2024",
    "competicionId": 426,
    "nombreCompeticion": "Open Individual",
    "tipoCompeticionId": 13,
    "tipoCompeticion": "Open Individual",
    "equipoJugadores": "Jordan GONZALEZ REBOSO",
    "equipoDTO": {
      "equipoId": 1551,
      "jugadores": [
        {
          "jugadorId": 614,
          "nombreJugador": "Jordan GONZALEZ REBOSO"
        }
      ]
    },
    "posicion": 2
  },
  {
    "torneoId": 130,
    "nombreTorneo": "LOECHES 2024",
    "competicionId": 426,
    "nombreCompeticion": "Open Individual",
    "tipoCompeticionId": 13,
    "tipoCompeticion": "Open Individual",
    "equipoJugadores": "Daniel RAMOS LUIS",
    "equipoDTO": {
      "equipoId": 1432,
      "jugadores": [
        {
          "jugadorId": 570,
          "nombreJugador": "Daniel RAMOS LUIS"
        }
      ]
    },
    "posicion": 3
  },
  {
    "torneoId": 130,
    "nombreTorneo": "LOECHES 2024",
    "competicionId": 426,
    "nombreCompeticion": "Open Individual",
    "tipoCompeticionId": 13,
    "tipoCompeticion": "Open Individual",
    "equipoJugadores": "Jake BARNETTE",
    "equipoDTO": {
      "equipoId": 3075,
      "jugadores": [
        {
          "jugadorId": 1282,
          "nombreJugador": "Jake BARNETTE"
        }
      ]
    },
    "posicion": 4
  },
  {
    "torneoId": 130,
    "nombreTorneo": "LOECHES 2024",
    "competicionId": 426,
    "nombreCompeticion": "Open Individual",
    "tipoCompeticionId": 13,
    "tipoCompeticion": "Open Individual",
    "equipoJugadores": "Alexander PETROV",
    "equipoDTO": {
      "equipoId": 3078,
      "jugadores": [
        {
          "jugadorId": 1289,
          "nombreJugador": "Alexander PETROV"
        }
      ]
    },
    "posicion": 5
  },
  {
    "torneoId": 130,
    "nombreTorneo": "LOECHES 2024",
    "competicionId": 426,
    "nombreCompeticion": "Open Individual",
    "tipoCompeticionId": 13,
    "tipoCompeticion": "Open Individual",
    "equipoJugadores": "Ruyman HERNANDEZ MOLEIRO",
    "equipoDTO": {
      "equipoId": 1429,
      "jugadores": [
        {
          "jugadorId": 567,
          "nombreJugador": "Ruyman HERNANDEZ MOLEIRO"
        }
      ]
    },
    "posicion": 6
  },
  {
    "torneoId": 130,
    "nombreTorneo": "LOECHES 2024",
    "competicionId": 426,
    "nombreCompeticion": "Open Individual",
    "tipoCompeticionId": 13,
    "tipoCompeticion": "Open Individual",
    "equipoJugadores": "Eufrasio PACHECO CABRERA",
    "equipoDTO": {
      "equipoId": 1431,
      "jugadores": [
        {
          "jugadorId": 569,
          "nombreJugador": "Eufrasio PACHECO CABRERA"
        }
      ]
    },
    "posicion": 7
  },
  {
    "torneoId": 130,
    "nombreTorneo": "LOECHES 2024",
    "competicionId": 426,
    "nombreCompeticion": "Open Individual",
    "tipoCompeticionId": 13,
    "tipoCompeticion": "Open Individual",
    "equipoJugadores": "Angel Luis COBO MUÑOZ",
    "equipoDTO": {
      "equipoId": 86,
      "jugadores": [
        {
          "jugadorId": 47,
          "nombreJugador": "Angel Luis COBO MUÑOZ"
        }
      ]
    },
    "posicion": 8
  },
  {
    "torneoId": 130,
    "nombreTorneo": "LOECHES 2024",
    "competicionId": 426,
    "nombreCompeticion": "Open Individual",
    "tipoCompeticionId": 13,
    "tipoCompeticion": "Open Individual",
    "equipoJugadores": "Kenneth DALE",
    "equipoDTO": {
      "equipoId": 3076,
      "jugadores": [
        {
          "jugadorId": 1283,
          "nombreJugador": "Kenneth DALE"
        }
      ]
    },
    "posicion": 9
  },
  {
    "torneoId": 130,
    "nombreTorneo": "LOECHES 2024",
    "competicionId": 426,
    "nombreCompeticion": "Open Individual",
    "tipoCompeticionId": 13,
    "tipoCompeticion": "Open Individual",
    "equipoJugadores": "Angel SÁNCHEZ JIMENEZ",
    "equipoDTO": {
      "equipoId": 33,
      "jugadores": [
        {
          "jugadorId": 26,
          "nombreJugador": "Angel SÁNCHEZ JIMENEZ"
        }
      ]
    },
    "posicion": 10
  },
  {
    "torneoId": 130,
    "nombreTorneo": "LOECHES 2024",
    "competicionId": 426,
    "nombreCompeticion": "Open Individual",
    "tipoCompeticionId": 13,
    "tipoCompeticion": "Open Individual",
    "equipoJugadores": "Guillermo CORDOBA RAMIRO",
    "equipoDTO": {
      "equipoId": 8,
      "jugadores": [
        {
          "jugadorId": 22,
          "nombreJugador": "Guillermo CORDOBA RAMIRO"
        }
      ]
    },
    "posicion": 11
  },
  {
    "torneoId": 130,
    "nombreTorneo": "LOECHES 2024",
    "competicionId": 426,
    "nombreCompeticion": "Open Individual",
    "tipoCompeticionId": 13,
    "tipoCompeticion": "Open Individual",
    "equipoJugadores": "Hector NUÑEZ SAEZ",
    "equipoDTO": {
      "equipoId": 23,
      "jugadores": [
        {
          "jugadorId": 4,
          "nombreJugador": "Hector NUÑEZ SAEZ"
        }
      ]
    },
    "posicion": 12
  },
  {
    "torneoId": 130,
    "nombreTorneo": "LOECHES 2024",
    "competicionId": 426,
    "nombreCompeticion": "Open Individual",
    "tipoCompeticionId": 13,
    "tipoCompeticion": "Open Individual",
    "equipoJugadores": "Jose Angel PEINADO",
    "equipoDTO": {
      "equipoId": 430,
      "jugadores": [
        {
          "jugadorId": 230,
          "nombreJugador": "Jose Angel PEINADO"
        }
      ]
    },
    "posicion": 13
  },
  {
    "torneoId": 130,
    "nombreTorneo": "LOECHES 2024",
    "competicionId": 426,
    "nombreCompeticion": "Open Individual",
    "tipoCompeticionId": 13,
    "tipoCompeticion": "Open Individual",
    "equipoJugadores": "David FLORES GONZALEZ",
    "equipoDTO": {
      "equipoId": 1900,
      "jugadores": [
        {
          "jugadorId": 712,
          "nombreJugador": "David FLORES GONZALEZ"
        }
      ]
    },
    "posicion": 14
  },
  {
    "torneoId": 130,
    "nombreTorneo": "LOECHES 2024",
    "competicionId": 426,
    "nombreCompeticion": "Open Individual",
    "tipoCompeticionId": 13,
    "tipoCompeticion": "Open Individual",
    "equipoJugadores": "David NIETO HERNANDEZ",
    "equipoDTO": {
      "equipoId": 22,
      "jugadores": [
        {
          "jugadorId": 3,
          "nombreJugador": "David NIETO HERNANDEZ"
        }
      ]
    },
    "posicion": 15
  },
  {
    "torneoId": 130,
    "nombreTorneo": "LOECHES 2024",
    "competicionId": 426,
    "nombreCompeticion": "Open Individual",
    "tipoCompeticionId": 13,
    "tipoCompeticion": "Open Individual",
    "equipoJugadores": "Vladislava KACHALOVA",
    "equipoDTO": {
      "equipoId": 3077,
      "jugadores": [
        {
          "jugadorId": 1288,
          "nombreJugador": "Vladislava KACHALOVA"
        }
      ]
    },
    "posicion": 16
  },
  {
    "torneoId": 130,
    "nombreTorneo": "LOECHES 2024",
    "competicionId": 426,
    "nombreCompeticion": "Open Individual",
    "tipoCompeticionId": 13,
    "tipoCompeticion": "Open Individual",
    "equipoJugadores": "Bernardo PEREA PEINADO",
    "equipoDTO": {
      "equipoId": 173,
      "jugadores": [
        {
          "jugadorId": 85,
          "nombreJugador": "Bernardo PEREA PEINADO"
        }
      ]
    },
    "posicion": 17
  },
  {
    "torneoId": 130,
    "nombreTorneo": "LOECHES 2024",
    "competicionId": 426,
    "nombreCompeticion": "Open Individual",
    "tipoCompeticionId": 13,
    "tipoCompeticion": "Open Individual",
    "equipoJugadores": "JESÚS GARCÍA CONDE",
    "equipoDTO": {
      "equipoId": 827,
      "jugadores": [
        {
          "jugadorId": 343,
          "nombreJugador": "JESÚS GARCÍA CONDE"
        }
      ]
    },
    "posicion": 18
  },
  {
    "torneoId": 130,
    "nombreTorneo": "LOECHES 2024",
    "competicionId": 426,
    "nombreCompeticion": "Open Individual",
    "tipoCompeticionId": 13,
    "tipoCompeticion": "Open Individual",
    "equipoJugadores": "Tomas FERNANDEZ GUIRAO",
    "equipoDTO": {
      "equipoId": 2336,
      "jugadores": [
        {
          "jugadorId": 897,
          "nombreJugador": "Tomas FERNANDEZ GUIRAO"
        }
      ]
    },
    "posicion": 19
  },
  {
    "torneoId": 130,
    "nombreTorneo": "LOECHES 2024",
    "competicionId": 426,
    "nombreCompeticion": "Open Individual",
    "tipoCompeticionId": 13,
    "tipoCompeticion": "Open Individual",
    "equipoJugadores": "Oscar ARTIAGA LOPEZ",
    "equipoDTO": {
      "equipoId": 3,
      "jugadores": [
        {
          "jugadorId": 11,
          "nombreJugador": "Oscar ARTIAGA LOPEZ"
        }
      ]
    },
    "posicion": 20
  },
  {
    "torneoId": 130,
    "nombreTorneo": "LOECHES 2024",
    "competicionId": 426,
    "nombreCompeticion": "Open Individual",
    "tipoCompeticionId": 13,
    "tipoCompeticion": "Open Individual",
    "equipoJugadores": "Miguel DE OPAZO",
    "equipoDTO": {
      "equipoId": 795,
      "jugadores": [
        {
          "jugadorId": 311,
          "nombreJugador": "Miguel DE OPAZO"
        }
      ]
    },
    "posicion": 21
  },
  {
    "torneoId": 130,
    "nombreTorneo": "LOECHES 2024",
    "competicionId": 426,
    "nombreCompeticion": "Open Individual",
    "tipoCompeticionId": 13,
    "tipoCompeticion": "Open Individual",
    "equipoJugadores": "Antonio  NAVARRO PACHECA",
    "equipoDTO": {
      "equipoId": 918,
      "jugadores": [
        {
          "jugadorId": 434,
          "nombreJugador": "Antonio  NAVARRO PACHECA"
        }
      ]
    },
    "posicion": 22
  },
  {
    "torneoId": 130,
    "nombreTorneo": "LOECHES 2024",
    "competicionId": 426,
    "nombreCompeticion": "Open Individual",
    "tipoCompeticionId": 13,
    "tipoCompeticion": "Open Individual",
    "equipoJugadores": "Felix VILLANUEVA REILLO",
    "equipoDTO": {
      "equipoId": 174,
      "jugadores": [
        {
          "jugadorId": 82,
          "nombreJugador": "Felix VILLANUEVA REILLO"
        }
      ]
    },
    "posicion": 23
  },
  {
    "torneoId": 130,
    "nombreTorneo": "LOECHES 2024",
    "competicionId": 426,
    "nombreCompeticion": "Open Individual",
    "tipoCompeticionId": 13,
    "tipoCompeticion": "Open Individual",
    "equipoJugadores": "Daniel GUTIERREZ LOPEZ",
    "equipoDTO": {
      "equipoId": 2513,
      "jugadores": [
        {
          "jugadorId": 949,
          "nombreJugador": "Daniel GUTIERREZ LOPEZ"
        }
      ]
    },
    "posicion": 24
  },
  {
    "torneoId": 130,
    "nombreTorneo": "LOECHES 2024",
    "competicionId": 426,
    "nombreCompeticion": "Open Individual",
    "tipoCompeticionId": 13,
    "tipoCompeticion": "Open Individual",
    "equipoJugadores": "Angel Luis COBO MORALES",
    "equipoDTO": {
      "equipoId": 347,
      "jugadores": [
        {
          "jugadorId": 177,
          "nombreJugador": "Angel Luis COBO MORALES"
        }
      ]
    },
    "posicion": 25
  },
  {
    "torneoId": 130,
    "nombreTorneo": "LOECHES 2024",
    "competicionId": 426,
    "nombreCompeticion": "Open Individual",
    "tipoCompeticionId": 13,
    "tipoCompeticion": "Open Individual",
    "equipoJugadores": "Silvestre ROSA REY",
    "equipoDTO": {
      "equipoId": 297,
      "jugadores": [
        {
          "jugadorId": 140,
          "nombreJugador": "Silvestre ROSA REY"
        }
      ]
    },
    "posicion": 26
  },
  {
    "torneoId": 130,
    "nombreTorneo": "LOECHES 2024",
    "competicionId": 426,
    "nombreCompeticion": "Open Individual",
    "tipoCompeticionId": 13,
    "tipoCompeticion": "Open Individual",
    "equipoJugadores": "Raul PEREZ MARTINEZ",
    "equipoDTO": {
      "equipoId": 1882,
      "jugadores": [
        {
          "jugadorId": 694,
          "nombreJugador": "Raul PEREZ MARTINEZ"
        }
      ]
    },
    "posicion": 27
  },
  {
    "torneoId": 130,
    "nombreTorneo": "LOECHES 2024",
    "competicionId": 426,
    "nombreCompeticion": "Open Individual",
    "tipoCompeticionId": 13,
    "tipoCompeticion": "Open Individual",
    "equipoJugadores": "Santiago FERNANDEZ GAYO",
    "equipoDTO": {
      "equipoId": 2581,
      "jugadores": [
        {
          "jugadorId": 991,
          "nombreJugador": "Santiago FERNANDEZ GAYO"
        }
      ]
    },
    "posicion": 28
  },
  {
    "torneoId": 130,
    "nombreTorneo": "LOECHES 2024",
    "competicionId": 426,
    "nombreCompeticion": "Open Individual",
    "tipoCompeticionId": 13,
    "tipoCompeticion": "Open Individual",
    "equipoJugadores": "Ana Maria COPADO ALONSO",
    "equipoDTO": {
      "equipoId": 784,
      "jugadores": [
        {
          "jugadorId": 300,
          "nombreJugador": "Ana Maria COPADO ALONSO"
        }
      ]
    },
    "posicion": 29
  },
  {
    "torneoId": 130,
    "nombreTorneo": "LOECHES 2024",
    "competicionId": 426,
    "nombreCompeticion": "Open Individual",
    "tipoCompeticionId": 13,
    "tipoCompeticion": "Open Individual",
    "equipoJugadores": "Alexis LAMAS GARCIA",
    "equipoDTO": {
      "equipoId": 1861,
      "jugadores": [
        {
          "jugadorId": 689,
          "nombreJugador": "Alexis LAMAS GARCIA"
        }
      ]
    },
    "posicion": 30
  },
  {
    "torneoId": 130,
    "nombreTorneo": "LOECHES 2024",
    "competicionId": 426,
    "nombreCompeticion": "Open Individual",
    "tipoCompeticionId": 13,
    "tipoCompeticion": "Open Individual",
    "equipoJugadores": "Ivan MAYORGA SANDOVAL",
    "equipoDTO": {
      "equipoId": 425,
      "jugadores": [
        {
          "jugadorId": 225,
          "nombreJugador": "Ivan MAYORGA SANDOVAL"
        }
      ]
    },
    "posicion": 31
  },
  {
    "torneoId": 130,
    "nombreTorneo": "LOECHES 2024",
    "competicionId": 426,
    "nombreCompeticion": "Open Individual",
    "tipoCompeticionId": 13,
    "tipoCompeticion": "Open Individual",
    "equipoJugadores": "Oscar MARTINEZ NICOLAS",
    "equipoDTO": {
      "equipoId": 2689,
      "jugadores": [
        {
          "jugadorId": 1044,
          "nombreJugador": "Oscar MARTINEZ NICOLAS"
        }
      ]
    },
    "posicion": 32
  },
  {
    "torneoId": 130,
    "nombreTorneo": "LOECHES 2024",
    "competicionId": 426,
    "nombreCompeticion": "Open Individual",
    "tipoCompeticionId": 13,
    "tipoCompeticion": "Open Individual",
    "equipoJugadores": "David ALCAZAR GONZALEZ",
    "equipoDTO": {
      "equipoId": 1883,
      "jugadores": [
        {
          "jugadorId": 695,
          "nombreJugador": "David ALCAZAR GONZALEZ"
        }
      ]
    },
    "posicion": 33
  },
  {
    "torneoId": 130,
    "nombreTorneo": "LOECHES 2024",
    "competicionId": 426,
    "nombreCompeticion": "Open Individual",
    "tipoCompeticionId": 13,
    "tipoCompeticion": "Open Individual",
    "equipoJugadores": "Tomas FERNANDEZ ORTEGA",
    "equipoDTO": {
      "equipoId": 2515,
      "jugadores": [
        {
          "jugadorId": 951,
          "nombreJugador": "Tomas FERNANDEZ ORTEGA"
        }
      ]
    },
    "posicion": 34
  },
  {
    "torneoId": 130,
    "nombreTorneo": "LOECHES 2024",
    "competicionId": 426,
    "nombreCompeticion": "Open Individual",
    "tipoCompeticionId": 13,
    "tipoCompeticion": "Open Individual",
    "equipoJugadores": "Roberto PARRALEJO",
    "equipoDTO": {
      "equipoId": 26,
      "jugadores": [
        {
          "jugadorId": 15,
          "nombreJugador": "Roberto PARRALEJO"
        }
      ]
    },
    "posicion": 35
  },
  {
    "torneoId": 130,
    "nombreTorneo": "LOECHES 2024",
    "competicionId": 426,
    "nombreCompeticion": "Open Individual",
    "tipoCompeticionId": 13,
    "tipoCompeticion": "Open Individual",
    "equipoJugadores": "Aurelio JIMÉNEZ RAMOS",
    "equipoDTO": {
      "equipoId": 2796,
      "jugadores": [
        {
          "jugadorId": 1103,
          "nombreJugador": "Aurelio JIMÉNEZ RAMOS"
        }
      ]
    },
    "posicion": 36
  },
  {
    "torneoId": 130,
    "nombreTorneo": "LOECHES 2024",
    "competicionId": 426,
    "nombreCompeticion": "Open Individual",
    "tipoCompeticionId": 13,
    "tipoCompeticion": "Open Individual",
    "equipoJugadores": "Ricardo LEAL DAMAS",
    "equipoDTO": {
      "equipoId": 1886,
      "jugadores": [
        {
          "jugadorId": 698,
          "nombreJugador": "Ricardo LEAL DAMAS"
        }
      ]
    },
    "posicion": 37
  },
  {
    "torneoId": 130,
    "nombreTorneo": "LOECHES 2024",
    "competicionId": 426,
    "nombreCompeticion": "Open Individual",
    "tipoCompeticionId": 13,
    "tipoCompeticion": "Open Individual",
    "equipoJugadores": "Orlando GUILLEN DIAZ",
    "equipoDTO": {
      "equipoId": 1554,
      "jugadores": [
        {
          "jugadorId": 617,
          "nombreJugador": "Orlando GUILLEN DIAZ"
        }
      ]
    },
    "posicion": 38
  },
  {
    "torneoId": 130,
    "nombreTorneo": "LOECHES 2024",
    "competicionId": 426,
    "nombreCompeticion": "Open Individual",
    "tipoCompeticionId": 13,
    "tipoCompeticion": "Open Individual",
    "equipoJugadores": "Alicia CALVO PEREZ",
    "equipoDTO": {
      "equipoId": 2177,
      "jugadores": [
        {
          "jugadorId": 828,
          "nombreJugador": "Alicia CALVO PEREZ"
        }
      ]
    },
    "posicion": 39
  },
  {
    "torneoId": 130,
    "nombreTorneo": "LOECHES 2024",
    "competicionId": 426,
    "nombreCompeticion": "Open Individual",
    "tipoCompeticionId": 13,
    "tipoCompeticion": "Open Individual",
    "equipoJugadores": "Armando BUENO LOPEZ",
    "equipoDTO": {
      "equipoId": 241,
      "jugadores": [
        {
          "jugadorId": 114,
          "nombreJugador": "Armando BUENO LOPEZ"
        }
      ]
    },
    "posicion": 40
  }
]
