[
  {
    "torneoId": 123,
    "nombreTorneo": "OPEN DE CASTILLA LA MANCHA MENASALBAS X",
    "competicionId": 370,
    "nombreCompeticion": "OPEN DOBLES",
    "tipoCompeticionId": 1,
    "tipoCompeticion": "Open Dobles",
    "equipoJugadores": "Carlos MORALES CONTRERAS - JESÚS GARCÍA CONDE",
    "equipoDTO": {
      "equipoId": 2620,
      "jugadores": [
        {
          "jugadorId": 93,
          "nombreJugador": "Carlos MORALES CONTRERAS"
        },
        {
          "jugadorId": 343,
          "nombreJugador": "JESÚS GARCÍA CONDE"
        }
      ]
    },
    "posicion": 1
  },
  {
    "torneoId": 123,
    "nombreTorneo": "OPEN DE CASTILLA LA MANCHA MENASALBAS X",
    "competicionId": 370,
    "nombreCompeticion": "OPEN DOBLES",
    "tipoCompeticionId": 1,
    "tipoCompeticion": "Open Dobles",
    "equipoJugadores": "Alberto CARBALLO ROBLES - Angel SÁNCHEZ JIMENEZ",
    "equipoDTO": {
      "equipoId": 2258,
      "jugadores": [
        {
          "jugadorId": 5,
          "nombreJugador": "Alberto CARBALLO ROBLES"
        },
        {
          "jugadorId": 26,
          "nombreJugador": "Angel SÁNCHEZ JIMENEZ"
        }
      ]
    },
    "posicion": 2
  },
  {
    "torneoId": 123,
    "nombreTorneo": "OPEN DE CASTILLA LA MANCHA MENASALBAS X",
    "competicionId": 370,
    "nombreCompeticion": "OPEN DOBLES",
    "tipoCompeticionId": 1,
    "tipoCompeticion": "Open Dobles",
    "equipoJugadores": "Carlos ARCEO YELA - Juan Francisco MARTINEZ ANDRADE",
    "equipoDTO": {
      "equipoId": 1020,
      "jugadores": [
        {
          "jugadorId": 56,
          "nombreJugador": "Carlos ARCEO YELA"
        },
        {
          "jugadorId": 106,
          "nombreJugador": "Juan Francisco MARTINEZ ANDRADE"
        }
      ]
    },
    "posicion": 3
  },
  {
    "torneoId": 123,
    "nombreTorneo": "OPEN DE CASTILLA LA MANCHA MENASALBAS X",
    "competicionId": 370,
    "nombreCompeticion": "OPEN DOBLES",
    "tipoCompeticionId": 1,
    "tipoCompeticion": "Open Dobles",
    "equipoJugadores": "Oscar ARTIAGA LOPEZ - Alberto VILÁ PÉREZ",
    "equipoDTO": {
      "equipoId": 2388,
      "jugadores": [
        {
          "jugadorId": 11,
          "nombreJugador": "Oscar ARTIAGA LOPEZ"
        },
        {
          "jugadorId": 687,
          "nombreJugador": "Alberto VILÁ PÉREZ"
        }
      ]
    },
    "posicion": 4
  },
  {
    "torneoId": 123,
    "nombreTorneo": "OPEN DE CASTILLA LA MANCHA MENASALBAS X",
    "competicionId": 370,
    "nombreCompeticion": "OPEN DOBLES",
    "tipoCompeticionId": 1,
    "tipoCompeticion": "Open Dobles",
    "equipoJugadores": "David NIETO HERNANDEZ - Jordan GONZALEZ REBOSO",
    "equipoDTO": {
      "equipoId": 2186,
      "jugadores": [
        {
          "jugadorId": 3,
          "nombreJugador": "David NIETO HERNANDEZ"
        },
        {
          "jugadorId": 614,
          "nombreJugador": "Jordan GONZALEZ REBOSO"
        }
      ]
    },
    "posicion": 5
  },
  {
    "torneoId": 123,
    "nombreTorneo": "OPEN DE CASTILLA LA MANCHA MENASALBAS X",
    "competicionId": 370,
    "nombreCompeticion": "OPEN DOBLES",
    "tipoCompeticionId": 1,
    "tipoCompeticion": "Open Dobles",
    "equipoJugadores": "Juan Manuel ROJO PEREZ - Antonio SANZ LORENTE",
    "equipoDTO": {
      "equipoId": 1024,
      "jugadores": [
        {
          "jugadorId": 480,
          "nombreJugador": "Juan Manuel ROJO PEREZ"
        },
        {
          "jugadorId": 500,
          "nombreJugador": "Antonio SANZ LORENTE"
        }
      ]
    },
    "posicion": 6
  },
  {
    "torneoId": 123,
    "nombreTorneo": "OPEN DE CASTILLA LA MANCHA MENASALBAS X",
    "competicionId": 370,
    "nombreCompeticion": "OPEN DOBLES",
    "tipoCompeticionId": 1,
    "tipoCompeticion": "Open Dobles",
    "equipoJugadores": "Jorge GOMEZ LLANO - Angel DEL POZO BULLIDO",
    "equipoDTO": {
      "equipoId": 110,
      "jugadores": [
        {
          "jugadorId": 10,
          "nombreJugador": "Jorge GOMEZ LLANO"
        },
        {
          "jugadorId": 21,
          "nombreJugador": "Angel DEL POZO BULLIDO"
        }
      ]
    },
    "posicion": 7
  },
  {
    "torneoId": 123,
    "nombreTorneo": "OPEN DE CASTILLA LA MANCHA MENASALBAS X",
    "competicionId": 370,
    "nombreCompeticion": "OPEN DOBLES",
    "tipoCompeticionId": 1,
    "tipoCompeticion": "Open Dobles",
    "equipoJugadores": "David GAÑAN TERRON - Guillermo CORDOBA RAMIRO",
    "equipoDTO": {
      "equipoId": 1123,
      "jugadores": [
        {
          "jugadorId": 6,
          "nombreJugador": "David GAÑAN TERRON"
        },
        {
          "jugadorId": 22,
          "nombreJugador": "Guillermo CORDOBA RAMIRO"
        }
      ]
    },
    "posicion": 8
  },
  {
    "torneoId": 123,
    "nombreTorneo": "OPEN DE CASTILLA LA MANCHA MENASALBAS X",
    "competicionId": 370,
    "nombreCompeticion": "OPEN DOBLES",
    "tipoCompeticionId": 1,
    "tipoCompeticion": "Open Dobles",
    "equipoJugadores": "Álvaro GARCÍA ALTAVER - Borja GARCÍA ALTAVER",
    "equipoDTO": {
      "equipoId": 2010,
      "jugadores": [
        {
          "jugadorId": 743,
          "nombreJugador": "Álvaro GARCÍA ALTAVER"
        },
        {
          "jugadorId": 746,
          "nombreJugador": "Borja GARCÍA ALTAVER"
        }
      ]
    },
    "posicion": 9
  },
  {
    "torneoId": 123,
    "nombreTorneo": "OPEN DE CASTILLA LA MANCHA MENASALBAS X",
    "competicionId": 370,
    "nombreCompeticion": "OPEN DOBLES",
    "tipoCompeticionId": 1,
    "tipoCompeticion": "Open Dobles",
    "equipoJugadores": "Jonathan HERRERA RAMOS - Javier RUIZ",
    "equipoDTO": {
      "equipoId": 2621,
      "jugadores": [
        {
          "jugadorId": 378,
          "nombreJugador": "Jonathan HERRERA RAMOS"
        },
        {
          "jugadorId": 487,
          "nombreJugador": "Javier RUIZ"
        }
      ]
    },
    "posicion": 10
  },
  {
    "torneoId": 123,
    "nombreTorneo": "OPEN DE CASTILLA LA MANCHA MENASALBAS X",
    "competicionId": 370,
    "nombreCompeticion": "OPEN DOBLES",
    "tipoCompeticionId": 1,
    "tipoCompeticion": "Open Dobles",
    "equipoJugadores": "Mijay BALAN TUDOR - Sergio QUILES PANIAGUA",
    "equipoDTO": {
      "equipoId": 2394,
      "jugadores": [
        {
          "jugadorId": 730,
          "nombreJugador": "Mijay BALAN TUDOR"
        },
        {
          "jugadorId": 734,
          "nombreJugador": "Sergio QUILES PANIAGUA"
        }
      ]
    },
    "posicion": 11
  },
  {
    "torneoId": 123,
    "nombreTorneo": "OPEN DE CASTILLA LA MANCHA MENASALBAS X",
    "competicionId": 370,
    "nombreCompeticion": "OPEN DOBLES",
    "tipoCompeticionId": 1,
    "tipoCompeticion": "Open Dobles",
    "equipoJugadores": "David ALCAZAR GONZALEZ - Ivan GARCIA AHIJON",
    "equipoDTO": {
      "equipoId": 1912,
      "jugadores": [
        {
          "jugadorId": 695,
          "nombreJugador": "David ALCAZAR GONZALEZ"
        },
        {
          "jugadorId": 706,
          "nombreJugador": "Ivan GARCIA AHIJON"
        }
      ]
    },
    "posicion": 12
  },
  {
    "torneoId": 123,
    "nombreTorneo": "OPEN DE CASTILLA LA MANCHA MENASALBAS X",
    "competicionId": 370,
    "nombreCompeticion": "OPEN DOBLES",
    "tipoCompeticionId": 1,
    "tipoCompeticion": "Open Dobles",
    "equipoJugadores": "Ismael CID GARCIA - David GUTIERREZ CAMINO",
    "equipoDTO": {
      "equipoId": 2611,
      "jugadores": [
        {
          "jugadorId": 295,
          "nombreJugador": "Ismael CID GARCIA"
        },
        {
          "jugadorId": 540,
          "nombreJugador": "David GUTIERREZ CAMINO"
        }
      ]
    },
    "posicion": 13
  },
  {
    "torneoId": 123,
    "nombreTorneo": "OPEN DE CASTILLA LA MANCHA MENASALBAS X",
    "competicionId": 370,
    "nombreCompeticion": "OPEN DOBLES",
    "tipoCompeticionId": 1,
    "tipoCompeticion": "Open Dobles",
    "equipoJugadores": "Silvestre ROSA REY - Raul PEREZ MARTINEZ",
    "equipoDTO": {
      "equipoId": 2209,
      "jugadores": [
        {
          "jugadorId": 140,
          "nombreJugador": "Silvestre ROSA REY"
        },
        {
          "jugadorId": 694,
          "nombreJugador": "Raul PEREZ MARTINEZ"
        }
      ]
    },
    "posicion": 14
  },
  {
    "torneoId": 123,
    "nombreTorneo": "OPEN DE CASTILLA LA MANCHA MENASALBAS X",
    "competicionId": 370,
    "nombreCompeticion": "OPEN DOBLES",
    "tipoCompeticionId": 1,
    "tipoCompeticion": "Open Dobles",
    "equipoJugadores": "Ivan MAYORGA SANDOVAL - Alicia CALVO PEREZ",
    "equipoDTO": {
      "equipoId": 2265,
      "jugadores": [
        {
          "jugadorId": 225,
          "nombreJugador": "Ivan MAYORGA SANDOVAL"
        },
        {
          "jugadorId": 828,
          "nombreJugador": "Alicia CALVO PEREZ"
        }
      ]
    },
    "posicion": 15
  },
  {
    "torneoId": 123,
    "nombreTorneo": "OPEN DE CASTILLA LA MANCHA MENASALBAS X",
    "competicionId": 370,
    "nombreCompeticion": "OPEN DOBLES",
    "tipoCompeticionId": 1,
    "tipoCompeticion": "Open Dobles",
    "equipoJugadores": "Robert FERRER - Gonzalo COGOLLUDO",
    "equipoDTO": {
      "equipoId": 2618,
      "jugadores": [
        {
          "jugadorId": 1003,
          "nombreJugador": "Robert FERRER"
        },
        {
          "jugadorId": 1016,
          "nombreJugador": "Gonzalo COGOLLUDO"
        }
      ]
    },
    "posicion": 16
  },
  {
    "torneoId": 123,
    "nombreTorneo": "OPEN DE CASTILLA LA MANCHA MENASALBAS X",
    "competicionId": 370,
    "nombreCompeticion": "OPEN DOBLES",
    "tipoCompeticionId": 1,
    "tipoCompeticion": "Open Dobles",
    "equipoJugadores": "Fernando MARTIN - Pedro RUIZ",
    "equipoDTO": {
      "equipoId": 2616,
      "jugadores": [
        {
          "jugadorId": 994,
          "nombreJugador": "Fernando MARTIN"
        },
        {
          "jugadorId": 1011,
          "nombreJugador": "Pedro RUIZ"
        }
      ]
    },
    "posicion": 17
  },
  {
    "torneoId": 123,
    "nombreTorneo": "OPEN DE CASTILLA LA MANCHA MENASALBAS X",
    "competicionId": 370,
    "nombreCompeticion": "OPEN DOBLES",
    "tipoCompeticionId": 1,
    "tipoCompeticion": "Open Dobles",
    "equipoJugadores": "Antonio  NAVARRO PACHECA - Alexis LAMAS GARCIA",
    "equipoDTO": {
      "equipoId": 2622,
      "jugadores": [
        {
          "jugadorId": 434,
          "nombreJugador": "Antonio  NAVARRO PACHECA"
        },
        {
          "jugadorId": 689,
          "nombreJugador": "Alexis LAMAS GARCIA"
        }
      ]
    },
    "posicion": 18
  },
  {
    "torneoId": 123,
    "nombreTorneo": "OPEN DE CASTILLA LA MANCHA MENASALBAS X",
    "competicionId": 370,
    "nombreCompeticion": "OPEN DOBLES",
    "tipoCompeticionId": 1,
    "tipoCompeticion": "Open Dobles",
    "equipoJugadores": "Sergio PEDREÑO - Mario MONTERO",
    "equipoDTO": {
      "equipoId": 2627,
      "jugadores": [
        {
          "jugadorId": 1005,
          "nombreJugador": "Sergio PEDREÑO"
        },
        {
          "jugadorId": 1010,
          "nombreJugador": "Mario MONTERO"
        }
      ]
    },
    "posicion": 19
  },
  {
    "torneoId": 123,
    "nombreTorneo": "OPEN DE CASTILLA LA MANCHA MENASALBAS X",
    "competicionId": 370,
    "nombreCompeticion": "OPEN DOBLES",
    "tipoCompeticionId": 1,
    "tipoCompeticion": "Open Dobles",
    "equipoJugadores": "Gustavo RAMOS CUENCA - Silvia RODRIGUEZ MEDINA",
    "equipoDTO": {
      "equipoId": 1520,
      "jugadores": [
        {
          "jugadorId": 467,
          "nombreJugador": "Gustavo RAMOS CUENCA"
        },
        {
          "jugadorId": 476,
          "nombreJugador": "Silvia RODRIGUEZ MEDINA"
        }
      ]
    },
    "posicion": 20
  },
  {
    "torneoId": 123,
    "nombreTorneo": "OPEN DE CASTILLA LA MANCHA MENASALBAS X",
    "competicionId": 370,
    "nombreCompeticion": "OPEN DOBLES",
    "tipoCompeticionId": 1,
    "tipoCompeticion": "Open Dobles",
    "equipoJugadores": "Mark CAMINO GONZÁLEZ - Germán SANCHEZ",
    "equipoDTO": {
      "equipoId": 2617,
      "jugadores": [
        {
          "jugadorId": 729,
          "nombreJugador": "Mark CAMINO GONZÁLEZ"
        },
        {
          "jugadorId": 995,
          "nombreJugador": "Germán SANCHEZ"
        }
      ]
    },
    "posicion": 21
  },
  {
    "torneoId": 123,
    "nombreTorneo": "OPEN DE CASTILLA LA MANCHA MENASALBAS X",
    "competicionId": 370,
    "nombreCompeticion": "OPEN DOBLES",
    "tipoCompeticionId": 1,
    "tipoCompeticion": "Open Dobles",
    "equipoJugadores": "Javier ALFONSO MONTOYA - Alicia ALFONSO LAPEÑA",
    "equipoDTO": {
      "equipoId": 2612,
      "jugadores": [
        {
          "jugadorId": 808,
          "nombreJugador": "Javier ALFONSO MONTOYA"
        },
        {
          "jugadorId": 899,
          "nombreJugador": "Alicia ALFONSO LAPEÑA"
        }
      ]
    },
    "posicion": 22
  },
  {
    "torneoId": 123,
    "nombreTorneo": "OPEN DE CASTILLA LA MANCHA MENASALBAS X",
    "competicionId": 370,
    "nombreCompeticion": "OPEN DOBLES",
    "tipoCompeticionId": 1,
    "tipoCompeticion": "Open Dobles",
    "equipoJugadores": "Daniel GUTIERREZ LOPEZ - Santiago FERNANDEZ GAYO",
    "equipoDTO": {
      "equipoId": 2613,
      "jugadores": [
        {
          "jugadorId": 949,
          "nombreJugador": "Daniel GUTIERREZ LOPEZ"
        },
        {
          "jugadorId": 991,
          "nombreJugador": "Santiago FERNANDEZ GAYO"
        }
      ]
    },
    "posicion": 23
  },
  {
    "torneoId": 123,
    "nombreTorneo": "OPEN DE CASTILLA LA MANCHA MENASALBAS X",
    "competicionId": 370,
    "nombreCompeticion": "OPEN DOBLES",
    "tipoCompeticionId": 1,
    "tipoCompeticion": "Open Dobles",
    "equipoJugadores": "Tomas FERNANDEZ GUIRAO - Tomas FERNANDEZ ORTEGA",
    "equipoDTO": {
      "equipoId": 2496,
      "jugadores": [
        {
          "jugadorId": 897,
          "nombreJugador": "Tomas FERNANDEZ GUIRAO"
        },
        {
          "jugadorId": 951,
          "nombreJugador": "Tomas FERNANDEZ ORTEGA"
        }
      ]
    },
    "posicion": 24
  },
  {
    "torneoId": 123,
    "nombreTorneo": "OPEN DE CASTILLA LA MANCHA MENASALBAS X",
    "competicionId": 370,
    "nombreCompeticion": "OPEN DOBLES",
    "tipoCompeticionId": 1,
    "tipoCompeticion": "Open Dobles",
    "equipoJugadores": "Samuel GARCIA - Jorge LOPEZ",
    "equipoDTO": {
      "equipoId": 2626,
      "jugadores": [
        {
          "jugadorId": 1004,
          "nombreJugador": "Samuel GARCIA"
        },
        {
          "jugadorId": 1017,
          "nombreJugador": "Jorge LOPEZ"
        }
      ]
    },
    "posicion": 25
  },
  {
    "torneoId": 123,
    "nombreTorneo": "OPEN DE CASTILLA LA MANCHA MENASALBAS X",
    "competicionId": 370,
    "nombreCompeticion": "OPEN DOBLES",
    "tipoCompeticionId": 1,
    "tipoCompeticion": "Open Dobles",
    "equipoJugadores": "Victor JIMENEZ - Aitor GARCIA",
    "equipoDTO": {
      "equipoId": 2628,
      "jugadores": [
        {
          "jugadorId": 1006,
          "nombreJugador": "Victor JIMENEZ"
        },
        {
          "jugadorId": 1008,
          "nombreJugador": "Aitor GARCIA"
        }
      ]
    },
    "posicion": 26
  },
  {
    "torneoId": 123,
    "nombreTorneo": "OPEN DE CASTILLA LA MANCHA MENASALBAS X",
    "competicionId": 370,
    "nombreCompeticion": "OPEN DOBLES",
    "tipoCompeticionId": 1,
    "tipoCompeticion": "Open Dobles",
    "equipoJugadores": "Liliana vanesa JIMENEZ MORA - Alejandro GARCIA FERNANDEZ",
    "equipoDTO": {
      "equipoId": 2623,
      "jugadores": [
        {
          "jugadorId": 990,
          "nombreJugador": "Liliana vanesa JIMENEZ MORA"
        },
        {
          "jugadorId": 1012,
          "nombreJugador": "Alejandro GARCIA FERNANDEZ"
        }
      ]
    },
    "posicion": 27
  },
  {
    "torneoId": 123,
    "nombreTorneo": "OPEN DE CASTILLA LA MANCHA MENASALBAS X",
    "competicionId": 370,
    "nombreCompeticion": "OPEN DOBLES",
    "tipoCompeticionId": 1,
    "tipoCompeticion": "Open Dobles",
    "equipoJugadores": "Ignacio SANCHEZ INFIESTA - Alejandro SANCHEZ BEJARANO",
    "equipoDTO": {
      "equipoId": 1919,
      "jugadores": [
        {
          "jugadorId": 704,
          "nombreJugador": "Ignacio SANCHEZ INFIESTA"
        },
        {
          "jugadorId": 710,
          "nombreJugador": "Alejandro SANCHEZ BEJARANO"
        }
      ]
    },
    "posicion": 28
  },
  {
    "torneoId": 123,
    "nombreTorneo": "OPEN DE CASTILLA LA MANCHA MENASALBAS X",
    "competicionId": 370,
    "nombreCompeticion": "OPEN DOBLES",
    "tipoCompeticionId": 1,
    "tipoCompeticion": "Open Dobles",
    "equipoJugadores": "Jesus SIMON - Daniel CRESPO",
    "equipoDTO": {
      "equipoId": 2625,
      "jugadores": [
        {
          "jugadorId": 998,
          "nombreJugador": "Jesus SIMON"
        },
        {
          "jugadorId": 1009,
          "nombreJugador": "Daniel CRESPO"
        }
      ]
    },
    "posicion": 29
  },
  {
    "torneoId": 123,
    "nombreTorneo": "OPEN DE CASTILLA LA MANCHA MENASALBAS X",
    "competicionId": 370,
    "nombreCompeticion": "OPEN DOBLES",
    "tipoCompeticionId": 1,
    "tipoCompeticion": "Open Dobles",
    "equipoJugadores": "Jose Antonio ASPERILLA LORENTE - Ismael GOMEZ SANCHEZ",
    "equipoDTO": {
      "equipoId": 2619,
      "jugadores": [
        {
          "jugadorId": 260,
          "nombreJugador": "Jose Antonio ASPERILLA LORENTE"
        },
        {
          "jugadorId": 358,
          "nombreJugador": "Ismael GOMEZ SANCHEZ"
        }
      ]
    },
    "posicion": 30
  },
  {
    "torneoId": 123,
    "nombreTorneo": "OPEN DE CASTILLA LA MANCHA MENASALBAS X",
    "competicionId": 370,
    "nombreCompeticion": "OPEN DOBLES",
    "tipoCompeticionId": 1,
    "tipoCompeticion": "Open Dobles",
    "equipoJugadores": "Carla DURA - Carla DORUÑA",
    "equipoDTO": {
      "equipoId": 2614,
      "jugadores": [
        {
          "jugadorId": 992,
          "nombreJugador": "Carla DURA"
        },
        {
          "jugadorId": 1013,
          "nombreJugador": "Carla DORUÑA"
        }
      ]
    },
    "posicion": 31
  },
  {
    "torneoId": 123,
    "nombreTorneo": "OPEN DE CASTILLA LA MANCHA MENASALBAS X",
    "competicionId": 370,
    "nombreCompeticion": "OPEN DOBLES",
    "tipoCompeticionId": 1,
    "tipoCompeticion": "Open Dobles",
    "equipoJugadores": "Iván ESPINOSA - Oscar AZAÑA",
    "equipoDTO": {
      "equipoId": 2624,
      "jugadores": [
        {
          "jugadorId": 997,
          "nombreJugador": "Iván ESPINOSA"
        },
        {
          "jugadorId": 1018,
          "nombreJugador": "Oscar AZAÑA"
        }
      ]
    },
    "posicion": 32
  },
  {
    "torneoId": 123,
    "nombreTorneo": "OPEN DE CASTILLA LA MANCHA MENASALBAS X",
    "competicionId": 372,
    "nombreCompeticion": "AMATER DOBLES",
    "tipoCompeticionId": 2,
    "tipoCompeticion": "Amater Dobles",
    "equipoJugadores": "Álvaro GARCÍA ALTAVER - Borja GARCÍA ALTAVER",
    "equipoDTO": {
      "equipoId": 2010,
      "jugadores": [
        {
          "jugadorId": 743,
          "nombreJugador": "Álvaro GARCÍA ALTAVER"
        },
        {
          "jugadorId": 746,
          "nombreJugador": "Borja GARCÍA ALTAVER"
        }
      ]
    },
    "posicion": 1
  },
  {
    "torneoId": 123,
    "nombreTorneo": "OPEN DE CASTILLA LA MANCHA MENASALBAS X",
    "competicionId": 372,
    "nombreCompeticion": "AMATER DOBLES",
    "tipoCompeticionId": 2,
    "tipoCompeticion": "Amater Dobles",
    "equipoJugadores": "Alexis LAMAS GARCIA - Raul PEREZ MARTINEZ",
    "equipoDTO": {
      "equipoId": 2630,
      "jugadores": [
        {
          "jugadorId": 689,
          "nombreJugador": "Alexis LAMAS GARCIA"
        },
        {
          "jugadorId": 694,
          "nombreJugador": "Raul PEREZ MARTINEZ"
        }
      ]
    },
    "posicion": 2
  },
  {
    "torneoId": 123,
    "nombreTorneo": "OPEN DE CASTILLA LA MANCHA MENASALBAS X",
    "competicionId": 372,
    "nombreCompeticion": "AMATER DOBLES",
    "tipoCompeticionId": 2,
    "tipoCompeticion": "Amater Dobles",
    "equipoJugadores": "Mijay BALAN TUDOR - Sergio QUILES PANIAGUA",
    "equipoDTO": {
      "equipoId": 2394,
      "jugadores": [
        {
          "jugadorId": 730,
          "nombreJugador": "Mijay BALAN TUDOR"
        },
        {
          "jugadorId": 734,
          "nombreJugador": "Sergio QUILES PANIAGUA"
        }
      ]
    },
    "posicion": 3
  },
  {
    "torneoId": 123,
    "nombreTorneo": "OPEN DE CASTILLA LA MANCHA MENASALBAS X",
    "competicionId": 372,
    "nombreCompeticion": "AMATER DOBLES",
    "tipoCompeticionId": 2,
    "tipoCompeticion": "Amater Dobles",
    "equipoJugadores": "Silvestre ROSA REY - Alberto VILÁ PÉREZ",
    "equipoDTO": {
      "equipoId": 2260,
      "jugadores": [
        {
          "jugadorId": 140,
          "nombreJugador": "Silvestre ROSA REY"
        },
        {
          "jugadorId": 687,
          "nombreJugador": "Alberto VILÁ PÉREZ"
        }
      ]
    },
    "posicion": 4
  },
  {
    "torneoId": 123,
    "nombreTorneo": "OPEN DE CASTILLA LA MANCHA MENASALBAS X",
    "competicionId": 372,
    "nombreCompeticion": "AMATER DOBLES",
    "tipoCompeticionId": 2,
    "tipoCompeticion": "Amater Dobles",
    "equipoJugadores": "Daniel GUTIERREZ LOPEZ - Santiago FERNANDEZ GAYO",
    "equipoDTO": {
      "equipoId": 2613,
      "jugadores": [
        {
          "jugadorId": 949,
          "nombreJugador": "Daniel GUTIERREZ LOPEZ"
        },
        {
          "jugadorId": 991,
          "nombreJugador": "Santiago FERNANDEZ GAYO"
        }
      ]
    },
    "posicion": 5
  },
  {
    "torneoId": 123,
    "nombreTorneo": "OPEN DE CASTILLA LA MANCHA MENASALBAS X",
    "competicionId": 372,
    "nombreCompeticion": "AMATER DOBLES",
    "tipoCompeticionId": 2,
    "tipoCompeticion": "Amater Dobles",
    "equipoJugadores": "Ignacio SANCHEZ INFIESTA - Alejandro SANCHEZ BEJARANO",
    "equipoDTO": {
      "equipoId": 1919,
      "jugadores": [
        {
          "jugadorId": 704,
          "nombreJugador": "Ignacio SANCHEZ INFIESTA"
        },
        {
          "jugadorId": 710,
          "nombreJugador": "Alejandro SANCHEZ BEJARANO"
        }
      ]
    },
    "posicion": 6
  },
  {
    "torneoId": 123,
    "nombreTorneo": "OPEN DE CASTILLA LA MANCHA MENASALBAS X",
    "competicionId": 372,
    "nombreCompeticion": "AMATER DOBLES",
    "tipoCompeticionId": 2,
    "tipoCompeticion": "Amater Dobles",
    "equipoJugadores": "Ismael CID GARCIA - David GUTIERREZ CAMINO",
    "equipoDTO": {
      "equipoId": 2611,
      "jugadores": [
        {
          "jugadorId": 295,
          "nombreJugador": "Ismael CID GARCIA"
        },
        {
          "jugadorId": 540,
          "nombreJugador": "David GUTIERREZ CAMINO"
        }
      ]
    },
    "posicion": 7
  },
  {
    "torneoId": 123,
    "nombreTorneo": "OPEN DE CASTILLA LA MANCHA MENASALBAS X",
    "competicionId": 372,
    "nombreCompeticion": "AMATER DOBLES",
    "tipoCompeticionId": 2,
    "tipoCompeticion": "Amater Dobles",
    "equipoJugadores": "Antonio  NAVARRO PACHECA - Jaime NEIRA SANCHEZ",
    "equipoDTO": {
      "equipoId": 2610,
      "jugadores": [
        {
          "jugadorId": 434,
          "nombreJugador": "Antonio  NAVARRO PACHECA"
        },
        {
          "jugadorId": 436,
          "nombreJugador": "Jaime NEIRA SANCHEZ"
        }
      ]
    },
    "posicion": 8
  },
  {
    "torneoId": 123,
    "nombreTorneo": "OPEN DE CASTILLA LA MANCHA MENASALBAS X",
    "competicionId": 372,
    "nombreCompeticion": "AMATER DOBLES",
    "tipoCompeticionId": 2,
    "tipoCompeticion": "Amater Dobles",
    "equipoJugadores": "Javier ALFONSO MONTOYA - Alicia ALFONSO LAPEÑA",
    "equipoDTO": {
      "equipoId": 2612,
      "jugadores": [
        {
          "jugadorId": 808,
          "nombreJugador": "Javier ALFONSO MONTOYA"
        },
        {
          "jugadorId": 899,
          "nombreJugador": "Alicia ALFONSO LAPEÑA"
        }
      ]
    },
    "posicion": 9
  },
  {
    "torneoId": 123,
    "nombreTorneo": "OPEN DE CASTILLA LA MANCHA MENASALBAS X",
    "competicionId": 372,
    "nombreCompeticion": "AMATER DOBLES",
    "tipoCompeticionId": 2,
    "tipoCompeticion": "Amater Dobles",
    "equipoJugadores": "Ivan MAYORGA SANDOVAL - Alicia CALVO PEREZ",
    "equipoDTO": {
      "equipoId": 2265,
      "jugadores": [
        {
          "jugadorId": 225,
          "nombreJugador": "Ivan MAYORGA SANDOVAL"
        },
        {
          "jugadorId": 828,
          "nombreJugador": "Alicia CALVO PEREZ"
        }
      ]
    },
    "posicion": 10
  },
  {
    "torneoId": 123,
    "nombreTorneo": "OPEN DE CASTILLA LA MANCHA MENASALBAS X",
    "competicionId": 372,
    "nombreCompeticion": "AMATER DOBLES",
    "tipoCompeticionId": 2,
    "tipoCompeticion": "Amater Dobles",
    "equipoJugadores": "Jonathan HERRERA RAMOS - Javier RUIZ",
    "equipoDTO": {
      "equipoId": 2621,
      "jugadores": [
        {
          "jugadorId": 378,
          "nombreJugador": "Jonathan HERRERA RAMOS"
        },
        {
          "jugadorId": 487,
          "nombreJugador": "Javier RUIZ"
        }
      ]
    },
    "posicion": 11
  },
  {
    "torneoId": 123,
    "nombreTorneo": "OPEN DE CASTILLA LA MANCHA MENASALBAS X",
    "competicionId": 372,
    "nombreCompeticion": "AMATER DOBLES",
    "tipoCompeticionId": 2,
    "tipoCompeticion": "Amater Dobles",
    "equipoJugadores": "Mark CAMINO GONZÁLEZ - Germán SANCHEZ",
    "equipoDTO": {
      "equipoId": 2617,
      "jugadores": [
        {
          "jugadorId": 729,
          "nombreJugador": "Mark CAMINO GONZÁLEZ"
        },
        {
          "jugadorId": 995,
          "nombreJugador": "Germán SANCHEZ"
        }
      ]
    },
    "posicion": 12
  },
  {
    "torneoId": 123,
    "nombreTorneo": "OPEN DE CASTILLA LA MANCHA MENASALBAS X",
    "competicionId": 372,
    "nombreCompeticion": "AMATER DOBLES",
    "tipoCompeticionId": 2,
    "tipoCompeticion": "Amater Dobles",
    "equipoJugadores": "Tomas FERNANDEZ GUIRAO - Tomas FERNANDEZ ORTEGA",
    "equipoDTO": {
      "equipoId": 2496,
      "jugadores": [
        {
          "jugadorId": 897,
          "nombreJugador": "Tomas FERNANDEZ GUIRAO"
        },
        {
          "jugadorId": 951,
          "nombreJugador": "Tomas FERNANDEZ ORTEGA"
        }
      ]
    },
    "posicion": 13
  },
  {
    "torneoId": 123,
    "nombreTorneo": "OPEN DE CASTILLA LA MANCHA MENASALBAS X",
    "competicionId": 372,
    "nombreCompeticion": "AMATER DOBLES",
    "tipoCompeticionId": 2,
    "tipoCompeticion": "Amater Dobles",
    "equipoJugadores": "Liliana vanesa JIMENEZ MORA - Alejandro GARCIA FERNANDEZ",
    "equipoDTO": {
      "equipoId": 2623,
      "jugadores": [
        {
          "jugadorId": 990,
          "nombreJugador": "Liliana vanesa JIMENEZ MORA"
        },
        {
          "jugadorId": 1012,
          "nombreJugador": "Alejandro GARCIA FERNANDEZ"
        }
      ]
    },
    "posicion": 14
  },
  {
    "torneoId": 123,
    "nombreTorneo": "OPEN DE CASTILLA LA MANCHA MENASALBAS X",
    "competicionId": 372,
    "nombreCompeticion": "AMATER DOBLES",
    "tipoCompeticionId": 2,
    "tipoCompeticion": "Amater Dobles",
    "equipoJugadores": "Gustavo RAMOS CUENCA - Silvia RODRIGUEZ MEDINA",
    "equipoDTO": {
      "equipoId": 1520,
      "jugadores": [
        {
          "jugadorId": 467,
          "nombreJugador": "Gustavo RAMOS CUENCA"
        },
        {
          "jugadorId": 476,
          "nombreJugador": "Silvia RODRIGUEZ MEDINA"
        }
      ]
    },
    "posicion": 15
  },
  {
    "torneoId": 123,
    "nombreTorneo": "OPEN DE CASTILLA LA MANCHA MENASALBAS X",
    "competicionId": 369,
    "nombreCompeticion": "ROOKIE DOBLES",
    "tipoCompeticionId": 10,
    "tipoCompeticion": "Rookie Dobles",
    "equipoJugadores": "Álvaro GARCÍA ALTAVER - Borja GARCÍA ALTAVER",
    "equipoDTO": {
      "equipoId": 2010,
      "jugadores": [
        {
          "jugadorId": 743,
          "nombreJugador": "Álvaro GARCÍA ALTAVER"
        },
        {
          "jugadorId": 746,
          "nombreJugador": "Borja GARCÍA ALTAVER"
        }
      ]
    },
    "posicion": 1
  },
  {
    "torneoId": 123,
    "nombreTorneo": "OPEN DE CASTILLA LA MANCHA MENASALBAS X",
    "competicionId": 369,
    "nombreCompeticion": "ROOKIE DOBLES",
    "tipoCompeticionId": 10,
    "tipoCompeticion": "Rookie Dobles",
    "equipoJugadores": "Mijay BALAN TUDOR - Sergio QUILES PANIAGUA",
    "equipoDTO": {
      "equipoId": 2394,
      "jugadores": [
        {
          "jugadorId": 730,
          "nombreJugador": "Mijay BALAN TUDOR"
        },
        {
          "jugadorId": 734,
          "nombreJugador": "Sergio QUILES PANIAGUA"
        }
      ]
    },
    "posicion": 2
  },
  {
    "torneoId": 123,
    "nombreTorneo": "OPEN DE CASTILLA LA MANCHA MENASALBAS X",
    "competicionId": 369,
    "nombreCompeticion": "ROOKIE DOBLES",
    "tipoCompeticionId": 10,
    "tipoCompeticion": "Rookie Dobles",
    "equipoJugadores": "Daniel GUTIERREZ LOPEZ - Santiago FERNANDEZ GAYO",
    "equipoDTO": {
      "equipoId": 2613,
      "jugadores": [
        {
          "jugadorId": 949,
          "nombreJugador": "Daniel GUTIERREZ LOPEZ"
        },
        {
          "jugadorId": 991,
          "nombreJugador": "Santiago FERNANDEZ GAYO"
        }
      ]
    },
    "posicion": 3
  },
  {
    "torneoId": 123,
    "nombreTorneo": "OPEN DE CASTILLA LA MANCHA MENASALBAS X",
    "competicionId": 369,
    "nombreCompeticion": "ROOKIE DOBLES",
    "tipoCompeticionId": 10,
    "tipoCompeticion": "Rookie Dobles",
    "equipoJugadores": "Tomas FERNANDEZ GUIRAO - Tomas FERNANDEZ ORTEGA",
    "equipoDTO": {
      "equipoId": 2496,
      "jugadores": [
        {
          "jugadorId": 897,
          "nombreJugador": "Tomas FERNANDEZ GUIRAO"
        },
        {
          "jugadorId": 951,
          "nombreJugador": "Tomas FERNANDEZ ORTEGA"
        }
      ]
    },
    "posicion": 4
  },
  {
    "torneoId": 123,
    "nombreTorneo": "OPEN DE CASTILLA LA MANCHA MENASALBAS X",
    "competicionId": 369,
    "nombreCompeticion": "ROOKIE DOBLES",
    "tipoCompeticionId": 10,
    "tipoCompeticion": "Rookie Dobles",
    "equipoJugadores": "Ismael CID GARCIA - David GUTIERREZ CAMINO",
    "equipoDTO": {
      "equipoId": 2611,
      "jugadores": [
        {
          "jugadorId": 295,
          "nombreJugador": "Ismael CID GARCIA"
        },
        {
          "jugadorId": 540,
          "nombreJugador": "David GUTIERREZ CAMINO"
        }
      ]
    },
    "posicion": 5
  },
  {
    "torneoId": 123,
    "nombreTorneo": "OPEN DE CASTILLA LA MANCHA MENASALBAS X",
    "competicionId": 369,
    "nombreCompeticion": "ROOKIE DOBLES",
    "tipoCompeticionId": 10,
    "tipoCompeticion": "Rookie Dobles",
    "equipoJugadores": "Mariano RUÍZ RODRÍGUEZ - Daniel ARENAS MARTIN",
    "equipoDTO": {
      "equipoId": 2615,
      "jugadores": [
        {
          "jugadorId": 488,
          "nombreJugador": "Mariano RUÍZ RODRÍGUEZ"
        },
        {
          "jugadorId": 993,
          "nombreJugador": "Daniel ARENAS MARTIN"
        }
      ]
    },
    "posicion": 6
  },
  {
    "torneoId": 123,
    "nombreTorneo": "OPEN DE CASTILLA LA MANCHA MENASALBAS X",
    "competicionId": 369,
    "nombreCompeticion": "ROOKIE DOBLES",
    "tipoCompeticionId": 10,
    "tipoCompeticion": "Rookie Dobles",
    "equipoJugadores": "Ivan MAYORGA SANDOVAL - Alicia CALVO PEREZ",
    "equipoDTO": {
      "equipoId": 2265,
      "jugadores": [
        {
          "jugadorId": 225,
          "nombreJugador": "Ivan MAYORGA SANDOVAL"
        },
        {
          "jugadorId": 828,
          "nombreJugador": "Alicia CALVO PEREZ"
        }
      ]
    },
    "posicion": 7
  },
  {
    "torneoId": 123,
    "nombreTorneo": "OPEN DE CASTILLA LA MANCHA MENASALBAS X",
    "competicionId": 369,
    "nombreCompeticion": "ROOKIE DOBLES",
    "tipoCompeticionId": 10,
    "tipoCompeticion": "Rookie Dobles",
    "equipoJugadores": "Ignacio SANCHEZ INFIESTA - Alejandro SANCHEZ BEJARANO",
    "equipoDTO": {
      "equipoId": 1919,
      "jugadores": [
        {
          "jugadorId": 704,
          "nombreJugador": "Ignacio SANCHEZ INFIESTA"
        },
        {
          "jugadorId": 710,
          "nombreJugador": "Alejandro SANCHEZ BEJARANO"
        }
      ]
    },
    "posicion": 8
  },
  {
    "torneoId": 123,
    "nombreTorneo": "OPEN DE CASTILLA LA MANCHA MENASALBAS X",
    "competicionId": 369,
    "nombreCompeticion": "ROOKIE DOBLES",
    "tipoCompeticionId": 10,
    "tipoCompeticion": "Rookie Dobles",
    "equipoJugadores": "Hicham FENNI RHOUZALI - Jonathan HERRERA RAMOS",
    "equipoDTO": {
      "equipoId": 2609,
      "jugadores": [
        {
          "jugadorId": 319,
          "nombreJugador": "Hicham FENNI RHOUZALI"
        },
        {
          "jugadorId": 378,
          "nombreJugador": "Jonathan HERRERA RAMOS"
        }
      ]
    },
    "posicion": 9
  },
  {
    "torneoId": 123,
    "nombreTorneo": "OPEN DE CASTILLA LA MANCHA MENASALBAS X",
    "competicionId": 369,
    "nombreCompeticion": "ROOKIE DOBLES",
    "tipoCompeticionId": 10,
    "tipoCompeticion": "Rookie Dobles",
    "equipoJugadores": "Javier ALFONSO MONTOYA - Alicia ALFONSO LAPEÑA",
    "equipoDTO": {
      "equipoId": 2612,
      "jugadores": [
        {
          "jugadorId": 808,
          "nombreJugador": "Javier ALFONSO MONTOYA"
        },
        {
          "jugadorId": 899,
          "nombreJugador": "Alicia ALFONSO LAPEÑA"
        }
      ]
    },
    "posicion": 10
  },
  {
    "torneoId": 123,
    "nombreTorneo": "OPEN DE CASTILLA LA MANCHA MENASALBAS X",
    "competicionId": 369,
    "nombreCompeticion": "ROOKIE DOBLES",
    "tipoCompeticionId": 10,
    "tipoCompeticion": "Rookie Dobles",
    "equipoJugadores": "Fernando MARTIN - Pedro RUIZ",
    "equipoDTO": {
      "equipoId": 2616,
      "jugadores": [
        {
          "jugadorId": 994,
          "nombreJugador": "Fernando MARTIN"
        },
        {
          "jugadorId": 1011,
          "nombreJugador": "Pedro RUIZ"
        }
      ]
    },
    "posicion": 11
  },
  {
    "torneoId": 123,
    "nombreTorneo": "OPEN DE CASTILLA LA MANCHA MENASALBAS X",
    "competicionId": 369,
    "nombreCompeticion": "ROOKIE DOBLES",
    "tipoCompeticionId": 10,
    "tipoCompeticion": "Rookie Dobles",
    "equipoJugadores": "Mark CAMINO GONZÁLEZ - Germán SANCHEZ",
    "equipoDTO": {
      "equipoId": 2617,
      "jugadores": [
        {
          "jugadorId": 729,
          "nombreJugador": "Mark CAMINO GONZÁLEZ"
        },
        {
          "jugadorId": 995,
          "nombreJugador": "Germán SANCHEZ"
        }
      ]
    },
    "posicion": 12
  },
  {
    "torneoId": 123,
    "nombreTorneo": "OPEN DE CASTILLA LA MANCHA MENASALBAS X",
    "competicionId": 369,
    "nombreCompeticion": "ROOKIE DOBLES",
    "tipoCompeticionId": 10,
    "tipoCompeticion": "Rookie Dobles",
    "equipoJugadores": "Carla DURA - Carla DORUÑA",
    "equipoDTO": {
      "equipoId": 2614,
      "jugadores": [
        {
          "jugadorId": 992,
          "nombreJugador": "Carla DURA"
        },
        {
          "jugadorId": 1013,
          "nombreJugador": "Carla DORUÑA"
        }
      ]
    },
    "posicion": 13
  },
  {
    "torneoId": 123,
    "nombreTorneo": "OPEN DE CASTILLA LA MANCHA MENASALBAS X",
    "competicionId": 369,
    "nombreCompeticion": "ROOKIE DOBLES",
    "tipoCompeticionId": 10,
    "tipoCompeticion": "Rookie Dobles",
    "equipoJugadores": "Antonio  NAVARRO PACHECA - Jaime NEIRA SANCHEZ",
    "equipoDTO": {
      "equipoId": 2610,
      "jugadores": [
        {
          "jugadorId": 434,
          "nombreJugador": "Antonio  NAVARRO PACHECA"
        },
        {
          "jugadorId": 436,
          "nombreJugador": "Jaime NEIRA SANCHEZ"
        }
      ]
    },
    "posicion": 14
  },
  {
    "torneoId": 123,
    "nombreTorneo": "OPEN DE CASTILLA LA MANCHA MENASALBAS X",
    "competicionId": 369,
    "nombreCompeticion": "ROOKIE DOBLES",
    "tipoCompeticionId": 10,
    "tipoCompeticion": "Rookie Dobles",
    "equipoJugadores": "Robert FERRER - Gonzalo COGOLLUDO",
    "equipoDTO": {
      "equipoId": 2618,
      "jugadores": [
        {
          "jugadorId": 1003,
          "nombreJugador": "Robert FERRER"
        },
        {
          "jugadorId": 1016,
          "nombreJugador": "Gonzalo COGOLLUDO"
        }
      ]
    },
    "posicion": 15
  },
  {
    "torneoId": 123,
    "nombreTorneo": "OPEN DE CASTILLA LA MANCHA MENASALBAS X",
    "competicionId": 373,
    "nombreCompeticion": "FEMENINO DOBLES",
    "tipoCompeticionId": 6,
    "tipoCompeticion": "Women Dobles",
    "equipoJugadores": "Silvia RODRIGUEZ MEDINA - Alicia CALVO PEREZ",
    "equipoDTO": {
      "equipoId": 2479,
      "jugadores": [
        {
          "jugadorId": 476,
          "nombreJugador": "Silvia RODRIGUEZ MEDINA"
        },
        {
          "jugadorId": 828,
          "nombreJugador": "Alicia CALVO PEREZ"
        }
      ]
    },
    "posicion": 1
  },
  {
    "torneoId": 123,
    "nombreTorneo": "OPEN DE CASTILLA LA MANCHA MENASALBAS X",
    "competicionId": 373,
    "nombreCompeticion": "FEMENINO DOBLES",
    "tipoCompeticionId": 6,
    "tipoCompeticion": "Women Dobles",
    "equipoJugadores": "Carla DURA - Carla DORUÑA",
    "equipoDTO": {
      "equipoId": 2614,
      "jugadores": [
        {
          "jugadorId": 992,
          "nombreJugador": "Carla DURA"
        },
        {
          "jugadorId": 1013,
          "nombreJugador": "Carla DORUÑA"
        }
      ]
    },
    "posicion": 2
  },
  {
    "torneoId": 123,
    "nombreTorneo": "OPEN DE CASTILLA LA MANCHA MENASALBAS X",
    "competicionId": 373,
    "nombreCompeticion": "FEMENINO DOBLES",
    "tipoCompeticionId": 6,
    "tipoCompeticion": "Women Dobles",
    "equipoJugadores": "Laura AGULLEIRO CÁNOVAS - Natalia BRIZEÑO",
    "equipoDTO": {
      "equipoId": 2632,
      "jugadores": [
        {
          "jugadorId": 896,
          "nombreJugador": "Laura AGULLEIRO CÁNOVAS"
        },
        {
          "jugadorId": 1001,
          "nombreJugador": "Natalia BRIZEÑO"
        }
      ]
    },
    "posicion": 3
  },
  {
    "torneoId": 123,
    "nombreTorneo": "OPEN DE CASTILLA LA MANCHA MENASALBAS X",
    "competicionId": 373,
    "nombreCompeticion": "FEMENINO DOBLES",
    "tipoCompeticionId": 6,
    "tipoCompeticion": "Women Dobles",
    "equipoJugadores": "Lucia SANCHEZ - Adelina RUGE",
    "equipoDTO": {
      "equipoId": 2631,
      "jugadores": [
        {
          "jugadorId": 999,
          "nombreJugador": "Lucia SANCHEZ"
        },
        {
          "jugadorId": 1007,
          "nombreJugador": "Adelina RUGE"
        }
      ]
    },
    "posicion": 4
  },
  {
    "torneoId": 123,
    "nombreTorneo": "OPEN DE CASTILLA LA MANCHA MENASALBAS X",
    "competicionId": 374,
    "nombreCompeticion": "JUNIOR DOBLES",
    "tipoCompeticionId": 4,
    "tipoCompeticion": "Junior Dobles",
    "equipoJugadores": "Tomas FERNANDEZ GUIRAO - Mario RUIZ",
    "equipoDTO": {
      "equipoId": 2634,
      "jugadores": [
        {
          "jugadorId": 897,
          "nombreJugador": "Tomas FERNANDEZ GUIRAO"
        },
        {
          "jugadorId": 1000,
          "nombreJugador": "Mario RUIZ"
        }
      ]
    },
    "posicion": 1
  },
  {
    "torneoId": 123,
    "nombreTorneo": "OPEN DE CASTILLA LA MANCHA MENASALBAS X",
    "competicionId": 374,
    "nombreCompeticion": "JUNIOR DOBLES",
    "tipoCompeticionId": 4,
    "tipoCompeticion": "Junior Dobles",
    "equipoJugadores": "Robert FERRER - Gonzalo COGOLLUDO",
    "equipoDTO": {
      "equipoId": 2618,
      "jugadores": [
        {
          "jugadorId": 1003,
          "nombreJugador": "Robert FERRER"
        },
        {
          "jugadorId": 1016,
          "nombreJugador": "Gonzalo COGOLLUDO"
        }
      ]
    },
    "posicion": 2
  },
  {
    "torneoId": 123,
    "nombreTorneo": "OPEN DE CASTILLA LA MANCHA MENASALBAS X",
    "competicionId": 374,
    "nombreCompeticion": "JUNIOR DOBLES",
    "tipoCompeticionId": 4,
    "tipoCompeticion": "Junior Dobles",
    "equipoJugadores": "Lucia SANCHEZ - Adelina RUGE",
    "equipoDTO": {
      "equipoId": 2631,
      "jugadores": [
        {
          "jugadorId": 999,
          "nombreJugador": "Lucia SANCHEZ"
        },
        {
          "jugadorId": 1007,
          "nombreJugador": "Adelina RUGE"
        }
      ]
    },
    "posicion": 3
  },
  {
    "torneoId": 123,
    "nombreTorneo": "OPEN DE CASTILLA LA MANCHA MENASALBAS X",
    "competicionId": 374,
    "nombreCompeticion": "JUNIOR DOBLES",
    "tipoCompeticionId": 4,
    "tipoCompeticion": "Junior Dobles",
    "equipoJugadores": "Hugo RUIZ - Carlos David BUMBU",
    "equipoDTO": {
      "equipoId": 2633,
      "jugadores": [
        {
          "jugadorId": 996,
          "nombreJugador": "Hugo RUIZ"
        },
        {
          "jugadorId": 1014,
          "nombreJugador": "Carlos David BUMBU"
        }
      ]
    },
    "posicion": 4
  },
  {
    "torneoId": 123,
    "nombreTorneo": "OPEN DE CASTILLA LA MANCHA MENASALBAS X",
    "competicionId": 374,
    "nombreCompeticion": "JUNIOR DOBLES",
    "tipoCompeticionId": 4,
    "tipoCompeticion": "Junior Dobles",
    "equipoJugadores": "Paola RAMIREZ - Erika ROJO",
    "equipoDTO": {
      "equipoId": 2635,
      "jugadores": [
        {
          "jugadorId": 1002,
          "nombreJugador": "Paola RAMIREZ"
        },
        {
          "jugadorId": 1015,
          "nombreJugador": "Erika ROJO"
        }
      ]
    },
    "posicion": 5
  },
  {
    "torneoId": 123,
    "nombreTorneo": "OPEN DE CASTILLA LA MANCHA MENASALBAS X",
    "competicionId": 376,
    "nombreCompeticion": "DYP AMATER-MASTER",
    "tipoCompeticionId": 3,
    "tipoCompeticion": "DYP",
    "equipoJugadores": "Oscar ARTIAGA LOPEZ - Jordan GONZALEZ REBOSO",
    "equipoDTO": {
      "equipoId": 2638,
      "jugadores": [
        {
          "jugadorId": 11,
          "nombreJugador": "Oscar ARTIAGA LOPEZ"
        },
        {
          "jugadorId": 614,
          "nombreJugador": "Jordan GONZALEZ REBOSO"
        }
      ]
    },
    "posicion": 1
  },
  {
    "torneoId": 123,
    "nombreTorneo": "OPEN DE CASTILLA LA MANCHA MENASALBAS X",
    "competicionId": 375,
    "nombreCompeticion": "DYP ROOKIE",
    "tipoCompeticionId": 3,
    "tipoCompeticion": "DYP",
    "equipoJugadores": "Daniel GUTIERREZ LOPEZ - Santiago FERNANDEZ GAYO",
    "equipoDTO": {
      "equipoId": 2613,
      "jugadores": [
        {
          "jugadorId": 949,
          "nombreJugador": "Daniel GUTIERREZ LOPEZ"
        },
        {
          "jugadorId": 991,
          "nombreJugador": "Santiago FERNANDEZ GAYO"
        }
      ]
    },
    "posicion": 1
  },
  {
    "torneoId": 123,
    "nombreTorneo": "OPEN DE CASTILLA LA MANCHA MENASALBAS X",
    "competicionId": 376,
    "nombreCompeticion": "DYP AMATER-MASTER",
    "tipoCompeticionId": 3,
    "tipoCompeticion": "DYP",
    "equipoJugadores": "Javier RUIZ - Alberto VILÁ PÉREZ",
    "equipoDTO": {
      "equipoId": 2639,
      "jugadores": [
        {
          "jugadorId": 487,
          "nombreJugador": "Javier RUIZ"
        },
        {
          "jugadorId": 687,
          "nombreJugador": "Alberto VILÁ PÉREZ"
        }
      ]
    },
    "posicion": 2
  },
  {
    "torneoId": 123,
    "nombreTorneo": "OPEN DE CASTILLA LA MANCHA MENASALBAS X",
    "competicionId": 375,
    "nombreCompeticion": "DYP ROOKIE",
    "tipoCompeticionId": 3,
    "tipoCompeticion": "DYP",
    "equipoJugadores": "Sergio QUILES PANIAGUA - Tomas FERNANDEZ GUIRAO",
    "equipoDTO": {
      "equipoId": 2637,
      "jugadores": [
        {
          "jugadorId": 734,
          "nombreJugador": "Sergio QUILES PANIAGUA"
        },
        {
          "jugadorId": 897,
          "nombreJugador": "Tomas FERNANDEZ GUIRAO"
        }
      ]
    },
    "posicion": 2
  },
  {
    "torneoId": 123,
    "nombreTorneo": "OPEN DE CASTILLA LA MANCHA MENASALBAS X",
    "competicionId": 375,
    "nombreCompeticion": "DYP ROOKIE",
    "tipoCompeticionId": 3,
    "tipoCompeticion": "DYP",
    "equipoJugadores": "Silvestre ROSA REY - Tomas FERNANDEZ ORTEGA",
    "equipoDTO": {
      "equipoId": 2636,
      "jugadores": [
        {
          "jugadorId": 140,
          "nombreJugador": "Silvestre ROSA REY"
        },
        {
          "jugadorId": 951,
          "nombreJugador": "Tomas FERNANDEZ ORTEGA"
        }
      ]
    },
    "posicion": 3
  },
  {
    "torneoId": 123,
    "nombreTorneo": "OPEN DE CASTILLA LA MANCHA MENASALBAS X",
    "competicionId": 376,
    "nombreCompeticion": "DYP AMATER-MASTER",
    "tipoCompeticionId": 3,
    "tipoCompeticion": "DYP",
    "equipoJugadores": "Antonio SANZ LORENTE - Alexis LAMAS GARCIA",
    "equipoDTO": {
      "equipoId": 2640,
      "jugadores": [
        {
          "jugadorId": 500,
          "nombreJugador": "Antonio SANZ LORENTE"
        },
        {
          "jugadorId": 689,
          "nombreJugador": "Alexis LAMAS GARCIA"
        }
      ]
    },
    "posicion": 3
  },
  {
    "torneoId": 123,
    "nombreTorneo": "OPEN DE CASTILLA LA MANCHA MENASALBAS X",
    "competicionId": 376,
    "nombreCompeticion": "DYP AMATER-MASTER",
    "tipoCompeticionId": 3,
    "tipoCompeticion": "DYP",
    "equipoJugadores": "Raul PEREZ MARTINEZ - David ALCAZAR GONZALEZ",
    "equipoDTO": {
      "equipoId": 2641,
      "jugadores": [
        {
          "jugadorId": 694,
          "nombreJugador": "Raul PEREZ MARTINEZ"
        },
        {
          "jugadorId": 695,
          "nombreJugador": "David ALCAZAR GONZALEZ"
        }
      ]
    },
    "posicion": 4
  },
  {
    "torneoId": 123,
    "nombreTorneo": "OPEN DE CASTILLA LA MANCHA MENASALBAS X",
    "competicionId": 375,
    "nombreCompeticion": "DYP ROOKIE",
    "tipoCompeticionId": 3,
    "tipoCompeticion": "DYP",
    "equipoJugadores": "Ivan MAYORGA SANDOVAL - Alicia CALVO PEREZ",
    "equipoDTO": {
      "equipoId": 2265,
      "jugadores": [
        {
          "jugadorId": 225,
          "nombreJugador": "Ivan MAYORGA SANDOVAL"
        },
        {
          "jugadorId": 828,
          "nombreJugador": "Alicia CALVO PEREZ"
        }
      ]
    },
    "posicion": 4
  },
  {
    "torneoId": 123,
    "nombreTorneo": "OPEN DE CASTILLA LA MANCHA MENASALBAS X",
    "competicionId": 371,
    "nombreCompeticion": "PRO DOBLES",
    "tipoCompeticionId": 12,
    "tipoCompeticion": "ProDobles",
    "equipoJugadores": "David GAÑAN TERRON - Guillermo CORDOBA RAMIRO",
    "equipoDTO": {
      "equipoId": 1123,
      "jugadores": [
        {
          "jugadorId": 6,
          "nombreJugador": "David GAÑAN TERRON"
        },
        {
          "jugadorId": 22,
          "nombreJugador": "Guillermo CORDOBA RAMIRO"
        }
      ]
    },
    "posicion": 1
  },
  {
    "torneoId": 123,
    "nombreTorneo": "OPEN DE CASTILLA LA MANCHA MENASALBAS X",
    "competicionId": 371,
    "nombreCompeticion": "PRO DOBLES",
    "tipoCompeticionId": 12,
    "tipoCompeticion": "ProDobles",
    "equipoJugadores": "Carlos MORALES CONTRERAS - JESÚS GARCÍA CONDE",
    "equipoDTO": {
      "equipoId": 2620,
      "jugadores": [
        {
          "jugadorId": 93,
          "nombreJugador": "Carlos MORALES CONTRERAS"
        },
        {
          "jugadorId": 343,
          "nombreJugador": "JESÚS GARCÍA CONDE"
        }
      ]
    },
    "posicion": 2
  },
  {
    "torneoId": 123,
    "nombreTorneo": "OPEN DE CASTILLA LA MANCHA MENASALBAS X",
    "competicionId": 371,
    "nombreCompeticion": "PRO DOBLES",
    "tipoCompeticionId": 12,
    "tipoCompeticion": "ProDobles",
    "equipoJugadores": "Carlos ARCEO YELA - Juan Francisco MARTINEZ ANDRADE",
    "equipoDTO": {
      "equipoId": 1020,
      "jugadores": [
        {
          "jugadorId": 56,
          "nombreJugador": "Carlos ARCEO YELA"
        },
        {
          "jugadorId": 106,
          "nombreJugador": "Juan Francisco MARTINEZ ANDRADE"
        }
      ]
    },
    "posicion": 3
  },
  {
    "torneoId": 123,
    "nombreTorneo": "OPEN DE CASTILLA LA MANCHA MENASALBAS X",
    "competicionId": 371,
    "nombreCompeticion": "PRO DOBLES",
    "tipoCompeticionId": 12,
    "tipoCompeticion": "ProDobles",
    "equipoJugadores": "David NIETO HERNANDEZ - Jordan GONZALEZ REBOSO",
    "equipoDTO": {
      "equipoId": 2186,
      "jugadores": [
        {
          "jugadorId": 3,
          "nombreJugador": "David NIETO HERNANDEZ"
        },
        {
          "jugadorId": 614,
          "nombreJugador": "Jordan GONZALEZ REBOSO"
        }
      ]
    },
    "posicion": 4
  },
  {
    "torneoId": 123,
    "nombreTorneo": "OPEN DE CASTILLA LA MANCHA MENASALBAS X",
    "competicionId": 371,
    "nombreCompeticion": "PRO DOBLES",
    "tipoCompeticionId": 12,
    "tipoCompeticion": "ProDobles",
    "equipoJugadores": "Jorge GOMEZ LLANO - Angel SÁNCHEZ JIMENEZ",
    "equipoDTO": {
      "equipoId": 2629,
      "jugadores": [
        {
          "jugadorId": 10,
          "nombreJugador": "Jorge GOMEZ LLANO"
        },
        {
          "jugadorId": 26,
          "nombreJugador": "Angel SÁNCHEZ JIMENEZ"
        }
      ]
    },
    "posicion": 5
  },
  {
    "torneoId": 123,
    "nombreTorneo": "OPEN DE CASTILLA LA MANCHA MENASALBAS X",
    "competicionId": 371,
    "nombreCompeticion": "PRO DOBLES",
    "tipoCompeticionId": 12,
    "tipoCompeticion": "ProDobles",
    "equipoJugadores": "Juan Manuel ROJO PEREZ - Antonio SANZ LORENTE",
    "equipoDTO": {
      "equipoId": 1024,
      "jugadores": [
        {
          "jugadorId": 480,
          "nombreJugador": "Juan Manuel ROJO PEREZ"
        },
        {
          "jugadorId": 500,
          "nombreJugador": "Antonio SANZ LORENTE"
        }
      ]
    },
    "posicion": 6
  },
  {
    "torneoId": 123,
    "nombreTorneo": "OPEN DE CASTILLA LA MANCHA MENASALBAS X",
    "competicionId": 371,
    "nombreCompeticion": "PRO DOBLES",
    "tipoCompeticionId": 12,
    "tipoCompeticion": "ProDobles",
    "equipoJugadores": "Alberto CARBALLO ROBLES - Angel DEL POZO BULLIDO",
    "equipoDTO": {
      "equipoId": 387,
      "jugadores": [
        {
          "jugadorId": 5,
          "nombreJugador": "Alberto CARBALLO ROBLES"
        },
        {
          "jugadorId": 21,
          "nombreJugador": "Angel DEL POZO BULLIDO"
        }
      ]
    },
    "posicion": 7
  },
  {
    "torneoId": 123,
    "nombreTorneo": "OPEN DE CASTILLA LA MANCHA MENASALBAS X",
    "competicionId": 371,
    "nombreCompeticion": "PRO DOBLES",
    "tipoCompeticionId": 12,
    "tipoCompeticion": "ProDobles",
    "equipoJugadores": "David ALCAZAR GONZALEZ - Ivan GARCIA AHIJON",
    "equipoDTO": {
      "equipoId": 1912,
      "jugadores": [
        {
          "jugadorId": 695,
          "nombreJugador": "David ALCAZAR GONZALEZ"
        },
        {
          "jugadorId": 706,
          "nombreJugador": "Ivan GARCIA AHIJON"
        }
      ]
    },
    "posicion": 8
  },
  {
    "torneoId": 123,
    "nombreTorneo": "OPEN DE CASTILLA LA MANCHA MENASALBAS X",
    "competicionId": 366,
    "nombreCompeticion": "OPEN INDIVIDUAL",
    "tipoCompeticionId": 13,
    "tipoCompeticion": "Open Individual",
    "equipoJugadores": "Jorge GOMEZ LLANO",
    "equipoDTO": {
      "equipoId": 15,
      "jugadores": [
        {
          "jugadorId": 10,
          "nombreJugador": "Jorge GOMEZ LLANO"
        }
      ]
    },
    "posicion": 1
  },
  {
    "torneoId": 123,
    "nombreTorneo": "OPEN DE CASTILLA LA MANCHA MENASALBAS X",
    "competicionId": 366,
    "nombreCompeticion": "OPEN INDIVIDUAL",
    "tipoCompeticionId": 13,
    "tipoCompeticion": "Open Individual",
    "equipoJugadores": "Jordan GONZALEZ REBOSO",
    "equipoDTO": {
      "equipoId": 1551,
      "jugadores": [
        {
          "jugadorId": 614,
          "nombreJugador": "Jordan GONZALEZ REBOSO"
        }
      ]
    },
    "posicion": 2
  },
  {
    "torneoId": 123,
    "nombreTorneo": "OPEN DE CASTILLA LA MANCHA MENASALBAS X",
    "competicionId": 366,
    "nombreCompeticion": "OPEN INDIVIDUAL",
    "tipoCompeticionId": 13,
    "tipoCompeticion": "Open Individual",
    "equipoJugadores": "JESÚS GARCÍA CONDE",
    "equipoDTO": {
      "equipoId": 827,
      "jugadores": [
        {
          "jugadorId": 343,
          "nombreJugador": "JESÚS GARCÍA CONDE"
        }
      ]
    },
    "posicion": 3
  },
  {
    "torneoId": 123,
    "nombreTorneo": "OPEN DE CASTILLA LA MANCHA MENASALBAS X",
    "competicionId": 366,
    "nombreCompeticion": "OPEN INDIVIDUAL",
    "tipoCompeticionId": 13,
    "tipoCompeticion": "Open Individual",
    "equipoJugadores": "David GAÑAN TERRON",
    "equipoDTO": {
      "equipoId": 13,
      "jugadores": [
        {
          "jugadorId": 6,
          "nombreJugador": "David GAÑAN TERRON"
        }
      ]
    },
    "posicion": 4
  },
  {
    "torneoId": 123,
    "nombreTorneo": "OPEN DE CASTILLA LA MANCHA MENASALBAS X",
    "competicionId": 366,
    "nombreCompeticion": "OPEN INDIVIDUAL",
    "tipoCompeticionId": 13,
    "tipoCompeticion": "Open Individual",
    "equipoJugadores": "Guillermo CORDOBA RAMIRO",
    "equipoDTO": {
      "equipoId": 8,
      "jugadores": [
        {
          "jugadorId": 22,
          "nombreJugador": "Guillermo CORDOBA RAMIRO"
        }
      ]
    },
    "posicion": 5
  },
  {
    "torneoId": 123,
    "nombreTorneo": "OPEN DE CASTILLA LA MANCHA MENASALBAS X",
    "competicionId": 366,
    "nombreCompeticion": "OPEN INDIVIDUAL",
    "tipoCompeticionId": 13,
    "tipoCompeticion": "Open Individual",
    "equipoJugadores": "Borja GARCÍA ALTAVER",
    "equipoDTO": {
      "equipoId": 1998,
      "jugadores": [
        {
          "jugadorId": 746,
          "nombreJugador": "Borja GARCÍA ALTAVER"
        }
      ]
    },
    "posicion": 6
  },
  {
    "torneoId": 123,
    "nombreTorneo": "OPEN DE CASTILLA LA MANCHA MENASALBAS X",
    "competicionId": 366,
    "nombreCompeticion": "OPEN INDIVIDUAL",
    "tipoCompeticionId": 13,
    "tipoCompeticion": "Open Individual",
    "equipoJugadores": "Carlos MORALES CONTRERAS",
    "equipoDTO": {
      "equipoId": 204,
      "jugadores": [
        {
          "jugadorId": 93,
          "nombreJugador": "Carlos MORALES CONTRERAS"
        }
      ]
    },
    "posicion": 7
  },
  {
    "torneoId": 123,
    "nombreTorneo": "OPEN DE CASTILLA LA MANCHA MENASALBAS X",
    "competicionId": 366,
    "nombreCompeticion": "OPEN INDIVIDUAL",
    "tipoCompeticionId": 13,
    "tipoCompeticion": "Open Individual",
    "equipoJugadores": "Angel SÁNCHEZ JIMENEZ",
    "equipoDTO": {
      "equipoId": 33,
      "jugadores": [
        {
          "jugadorId": 26,
          "nombreJugador": "Angel SÁNCHEZ JIMENEZ"
        }
      ]
    },
    "posicion": 8
  },
  {
    "torneoId": 123,
    "nombreTorneo": "OPEN DE CASTILLA LA MANCHA MENASALBAS X",
    "competicionId": 366,
    "nombreCompeticion": "OPEN INDIVIDUAL",
    "tipoCompeticionId": 13,
    "tipoCompeticion": "Open Individual",
    "equipoJugadores": "David NIETO HERNANDEZ",
    "equipoDTO": {
      "equipoId": 22,
      "jugadores": [
        {
          "jugadorId": 3,
          "nombreJugador": "David NIETO HERNANDEZ"
        }
      ]
    },
    "posicion": 9
  },
  {
    "torneoId": 123,
    "nombreTorneo": "OPEN DE CASTILLA LA MANCHA MENASALBAS X",
    "competicionId": 366,
    "nombreCompeticion": "OPEN INDIVIDUAL",
    "tipoCompeticionId": 13,
    "tipoCompeticion": "Open Individual",
    "equipoJugadores": "Ivan MAYORGA SANDOVAL",
    "equipoDTO": {
      "equipoId": 425,
      "jugadores": [
        {
          "jugadorId": 225,
          "nombreJugador": "Ivan MAYORGA SANDOVAL"
        }
      ]
    },
    "posicion": 10
  },
  {
    "torneoId": 123,
    "nombreTorneo": "OPEN DE CASTILLA LA MANCHA MENASALBAS X",
    "competicionId": 366,
    "nombreCompeticion": "OPEN INDIVIDUAL",
    "tipoCompeticionId": 13,
    "tipoCompeticion": "Open Individual",
    "equipoJugadores": "Oscar ARTIAGA LOPEZ",
    "equipoDTO": {
      "equipoId": 3,
      "jugadores": [
        {
          "jugadorId": 11,
          "nombreJugador": "Oscar ARTIAGA LOPEZ"
        }
      ]
    },
    "posicion": 11
  },
  {
    "torneoId": 123,
    "nombreTorneo": "OPEN DE CASTILLA LA MANCHA MENASALBAS X",
    "competicionId": 366,
    "nombreCompeticion": "OPEN INDIVIDUAL",
    "tipoCompeticionId": 13,
    "tipoCompeticion": "Open Individual",
    "equipoJugadores": "Juan Manuel ROJO PEREZ",
    "equipoDTO": {
      "equipoId": 964,
      "jugadores": [
        {
          "jugadorId": 480,
          "nombreJugador": "Juan Manuel ROJO PEREZ"
        }
      ]
    },
    "posicion": 12
  },
  {
    "torneoId": 123,
    "nombreTorneo": "OPEN DE CASTILLA LA MANCHA MENASALBAS X",
    "competicionId": 366,
    "nombreCompeticion": "OPEN INDIVIDUAL",
    "tipoCompeticionId": 13,
    "tipoCompeticion": "Open Individual",
    "equipoJugadores": "Alberto CARBALLO ROBLES",
    "equipoDTO": {
      "equipoId": 6,
      "jugadores": [
        {
          "jugadorId": 5,
          "nombreJugador": "Alberto CARBALLO ROBLES"
        }
      ]
    },
    "posicion": 13
  },
  {
    "torneoId": 123,
    "nombreTorneo": "OPEN DE CASTILLA LA MANCHA MENASALBAS X",
    "competicionId": 366,
    "nombreCompeticion": "OPEN INDIVIDUAL",
    "tipoCompeticionId": 13,
    "tipoCompeticion": "Open Individual",
    "equipoJugadores": "Santiago FERNANDEZ GAYO",
    "equipoDTO": {
      "equipoId": 2581,
      "jugadores": [
        {
          "jugadorId": 991,
          "nombreJugador": "Santiago FERNANDEZ GAYO"
        }
      ]
    },
    "posicion": 14
  },
  {
    "torneoId": 123,
    "nombreTorneo": "OPEN DE CASTILLA LA MANCHA MENASALBAS X",
    "competicionId": 366,
    "nombreCompeticion": "OPEN INDIVIDUAL",
    "tipoCompeticionId": 13,
    "tipoCompeticion": "Open Individual",
    "equipoJugadores": "Antonio SANZ LORENTE",
    "equipoDTO": {
      "equipoId": 984,
      "jugadores": [
        {
          "jugadorId": 500,
          "nombreJugador": "Antonio SANZ LORENTE"
        }
      ]
    },
    "posicion": 15
  },
  {
    "torneoId": 123,
    "nombreTorneo": "OPEN DE CASTILLA LA MANCHA MENASALBAS X",
    "competicionId": 366,
    "nombreCompeticion": "OPEN INDIVIDUAL",
    "tipoCompeticionId": 13,
    "tipoCompeticion": "Open Individual",
    "equipoJugadores": "Alexis LAMAS GARCIA",
    "equipoDTO": {
      "equipoId": 1861,
      "jugadores": [
        {
          "jugadorId": 689,
          "nombreJugador": "Alexis LAMAS GARCIA"
        }
      ]
    },
    "posicion": 16
  },
  {
    "torneoId": 123,
    "nombreTorneo": "OPEN DE CASTILLA LA MANCHA MENASALBAS X",
    "competicionId": 366,
    "nombreCompeticion": "OPEN INDIVIDUAL",
    "tipoCompeticionId": 13,
    "tipoCompeticion": "Open Individual",
    "equipoJugadores": "Alberto VILÁ PÉREZ",
    "equipoDTO": {
      "equipoId": 1844,
      "jugadores": [
        {
          "jugadorId": 687,
          "nombreJugador": "Alberto VILÁ PÉREZ"
        }
      ]
    },
    "posicion": 17
  },
  {
    "torneoId": 123,
    "nombreTorneo": "OPEN DE CASTILLA LA MANCHA MENASALBAS X",
    "competicionId": 366,
    "nombreCompeticion": "OPEN INDIVIDUAL",
    "tipoCompeticionId": 13,
    "tipoCompeticion": "Open Individual",
    "equipoJugadores": "Álvaro GARCÍA ALTAVER",
    "equipoDTO": {
      "equipoId": 1995,
      "jugadores": [
        {
          "jugadorId": 743,
          "nombreJugador": "Álvaro GARCÍA ALTAVER"
        }
      ]
    },
    "posicion": 18
  },
  {
    "torneoId": 123,
    "nombreTorneo": "OPEN DE CASTILLA LA MANCHA MENASALBAS X",
    "competicionId": 366,
    "nombreCompeticion": "OPEN INDIVIDUAL",
    "tipoCompeticionId": 13,
    "tipoCompeticion": "Open Individual",
    "equipoJugadores": "Silvestre ROSA REY",
    "equipoDTO": {
      "equipoId": 297,
      "jugadores": [
        {
          "jugadorId": 140,
          "nombreJugador": "Silvestre ROSA REY"
        }
      ]
    },
    "posicion": 19
  },
  {
    "torneoId": 123,
    "nombreTorneo": "OPEN DE CASTILLA LA MANCHA MENASALBAS X",
    "competicionId": 366,
    "nombreCompeticion": "OPEN INDIVIDUAL",
    "tipoCompeticionId": 13,
    "tipoCompeticion": "Open Individual",
    "equipoJugadores": "Alicia CALVO PEREZ",
    "equipoDTO": {
      "equipoId": 2177,
      "jugadores": [
        {
          "jugadorId": 828,
          "nombreJugador": "Alicia CALVO PEREZ"
        }
      ]
    },
    "posicion": 20
  },
  {
    "torneoId": 123,
    "nombreTorneo": "OPEN DE CASTILLA LA MANCHA MENASALBAS X",
    "competicionId": 366,
    "nombreCompeticion": "OPEN INDIVIDUAL",
    "tipoCompeticionId": 13,
    "tipoCompeticion": "Open Individual",
    "equipoJugadores": "Daniel GUTIERREZ LOPEZ",
    "equipoDTO": {
      "equipoId": 2513,
      "jugadores": [
        {
          "jugadorId": 949,
          "nombreJugador": "Daniel GUTIERREZ LOPEZ"
        }
      ]
    },
    "posicion": 21
  },
  {
    "torneoId": 123,
    "nombreTorneo": "OPEN DE CASTILLA LA MANCHA MENASALBAS X",
    "competicionId": 366,
    "nombreCompeticion": "OPEN INDIVIDUAL",
    "tipoCompeticionId": 13,
    "tipoCompeticion": "Open Individual",
    "equipoJugadores": "Raul PEREZ MARTINEZ",
    "equipoDTO": {
      "equipoId": 1882,
      "jugadores": [
        {
          "jugadorId": 694,
          "nombreJugador": "Raul PEREZ MARTINEZ"
        }
      ]
    },
    "posicion": 22
  },
  {
    "torneoId": 123,
    "nombreTorneo": "OPEN DE CASTILLA LA MANCHA MENASALBAS X",
    "competicionId": 366,
    "nombreCompeticion": "OPEN INDIVIDUAL",
    "tipoCompeticionId": 13,
    "tipoCompeticion": "Open Individual",
    "equipoJugadores": "Tomas FERNANDEZ GUIRAO",
    "equipoDTO": {
      "equipoId": 2336,
      "jugadores": [
        {
          "jugadorId": 897,
          "nombreJugador": "Tomas FERNANDEZ GUIRAO"
        }
      ]
    },
    "posicion": 23
  },
  {
    "torneoId": 123,
    "nombreTorneo": "OPEN DE CASTILLA LA MANCHA MENASALBAS X",
    "competicionId": 366,
    "nombreCompeticion": "OPEN INDIVIDUAL",
    "tipoCompeticionId": 13,
    "tipoCompeticion": "Open Individual",
    "equipoJugadores": "Antonio  NAVARRO PACHECA",
    "equipoDTO": {
      "equipoId": 918,
      "jugadores": [
        {
          "jugadorId": 434,
          "nombreJugador": "Antonio  NAVARRO PACHECA"
        }
      ]
    },
    "posicion": 24
  },
  {
    "torneoId": 123,
    "nombreTorneo": "OPEN DE CASTILLA LA MANCHA MENASALBAS X",
    "competicionId": 366,
    "nombreCompeticion": "OPEN INDIVIDUAL",
    "tipoCompeticionId": 13,
    "tipoCompeticion": "Open Individual",
    "equipoJugadores": "Bernardo PEREA PEINADO",
    "equipoDTO": {
      "equipoId": 173,
      "jugadores": [
        {
          "jugadorId": 85,
          "nombreJugador": "Bernardo PEREA PEINADO"
        }
      ]
    },
    "posicion": 25
  },
  {
    "torneoId": 123,
    "nombreTorneo": "OPEN DE CASTILLA LA MANCHA MENASALBAS X",
    "competicionId": 366,
    "nombreCompeticion": "OPEN INDIVIDUAL",
    "tipoCompeticionId": 13,
    "tipoCompeticion": "Open Individual",
    "equipoJugadores": "Angel Luis COBO MUÑOZ",
    "equipoDTO": {
      "equipoId": 86,
      "jugadores": [
        {
          "jugadorId": 47,
          "nombreJugador": "Angel Luis COBO MUÑOZ"
        }
      ]
    },
    "posicion": 26
  },
  {
    "torneoId": 123,
    "nombreTorneo": "OPEN DE CASTILLA LA MANCHA MENASALBAS X",
    "competicionId": 366,
    "nombreCompeticion": "OPEN INDIVIDUAL",
    "tipoCompeticionId": 13,
    "tipoCompeticion": "Open Individual",
    "equipoJugadores": "David ALCAZAR GONZALEZ",
    "equipoDTO": {
      "equipoId": 1883,
      "jugadores": [
        {
          "jugadorId": 695,
          "nombreJugador": "David ALCAZAR GONZALEZ"
        }
      ]
    },
    "posicion": 27
  },
  {
    "torneoId": 123,
    "nombreTorneo": "OPEN DE CASTILLA LA MANCHA MENASALBAS X",
    "competicionId": 366,
    "nombreCompeticion": "OPEN INDIVIDUAL",
    "tipoCompeticionId": 13,
    "tipoCompeticion": "Open Individual",
    "equipoJugadores": "Liliana vanesa JIMENEZ MORA",
    "equipoDTO": {
      "equipoId": 2580,
      "jugadores": [
        {
          "jugadorId": 990,
          "nombreJugador": "Liliana vanesa JIMENEZ MORA"
        }
      ]
    },
    "posicion": 28
  },
  {
    "torneoId": 123,
    "nombreTorneo": "OPEN DE CASTILLA LA MANCHA MENASALBAS X",
    "competicionId": 366,
    "nombreCompeticion": "OPEN INDIVIDUAL",
    "tipoCompeticionId": 13,
    "tipoCompeticion": "Open Individual",
    "equipoJugadores": "Tomas FERNANDEZ ORTEGA",
    "equipoDTO": {
      "equipoId": 2515,
      "jugadores": [
        {
          "jugadorId": 951,
          "nombreJugador": "Tomas FERNANDEZ ORTEGA"
        }
      ]
    },
    "posicion": 29
  }
]
