[
  {
    "torneoId": 120,
    "nombreTorneo": "I OPEN DE GUADALAJARA",
    "competicionId": 338,
    "nombreCompeticion": "Open Dobles",
    "tipoCompeticionId": 1,
    "tipoCompeticion": "Open Dobles",
    "equipoJugadores": "David NIETO HERNANDEZ - Jordan GONZALEZ REBOSO",
    "equipoDTO": {
      "equipoId": 2186,
      "jugadores": [
        {
          "jugadorId": 3,
          "nombreJugador": "David NIETO HERNANDEZ"
        },
        {
          "jugadorId": 614,
          "nombreJugador": "Jordan GONZALEZ REBOSO"
        }
      ]
    },
    "posicion": 1
  },
  {
    "torneoId": 120,
    "nombreTorneo": "I OPEN DE GUADALAJARA",
    "competicionId": 338,
    "nombreCompeticion": "Open Dobles",
    "tipoCompeticionId": 1,
    "tipoCompeticion": "Open Dobles",
    "equipoJugadores": "Hector NUÑEZ SAEZ - David GAÑAN TERRON",
    "equipoDTO": {
      "equipoId": 1272,
      "jugadores": [
        {
          "jugadorId": 4,
          "nombreJugador": "Hector NUÑEZ SAEZ"
        },
        {
          "jugadorId": 6,
          "nombreJugador": "David GAÑAN TERRON"
        }
      ]
    },
    "posicion": 2
  },
  {
    "torneoId": 120,
    "nombreTorneo": "I OPEN DE GUADALAJARA",
    "competicionId": 338,
    "nombreCompeticion": "Open Dobles",
    "tipoCompeticionId": 1,
    "tipoCompeticion": "Open Dobles",
    "equipoJugadores": "Alberto CARBALLO ROBLES - Angel SÁNCHEZ JIMENEZ",
    "equipoDTO": {
      "equipoId": 2258,
      "jugadores": [
        {
          "jugadorId": 5,
          "nombreJugador": "Alberto CARBALLO ROBLES"
        },
        {
          "jugadorId": 26,
          "nombreJugador": "Angel SÁNCHEZ JIMENEZ"
        }
      ]
    },
    "posicion": 3
  },
  {
    "torneoId": 120,
    "nombreTorneo": "I OPEN DE GUADALAJARA",
    "competicionId": 338,
    "nombreCompeticion": "Open Dobles",
    "tipoCompeticionId": 1,
    "tipoCompeticion": "Open Dobles",
    "equipoJugadores": "Oscar ARTIAGA LOPEZ - Ruyman HERNANDEZ MOLEIRO",
    "equipoDTO": {
      "equipoId": 2257,
      "jugadores": [
        {
          "jugadorId": 11,
          "nombreJugador": "Oscar ARTIAGA LOPEZ"
        },
        {
          "jugadorId": 567,
          "nombreJugador": "Ruyman HERNANDEZ MOLEIRO"
        }
      ]
    },
    "posicion": 4
  },
  {
    "torneoId": 120,
    "nombreTorneo": "I OPEN DE GUADALAJARA",
    "competicionId": 338,
    "nombreCompeticion": "Open Dobles",
    "tipoCompeticionId": 1,
    "tipoCompeticion": "Open Dobles",
    "equipoJugadores": "Jorge CANO LUDEÑA - Daniel GONZALEZ ALONSO",
    "equipoDTO": {
      "equipoId": 2261,
      "jugadores": [
        {
          "jugadorId": 229,
          "nombreJugador": "Jorge CANO LUDEÑA"
        },
        {
          "jugadorId": 360,
          "nombreJugador": "Daniel GONZALEZ ALONSO"
        }
      ]
    },
    "posicion": 5
  },
  {
    "torneoId": 120,
    "nombreTorneo": "I OPEN DE GUADALAJARA",
    "competicionId": 338,
    "nombreCompeticion": "Open Dobles",
    "tipoCompeticionId": 1,
    "tipoCompeticion": "Open Dobles",
    "equipoJugadores": "Javier PARADA PARADA - Jose angel PARADA PARADA",
    "equipoDTO": {
      "equipoId": 1689,
      "jugadores": [
        {
          "jugadorId": 651,
          "nombreJugador": "Javier PARADA PARADA"
        },
        {
          "jugadorId": 652,
          "nombreJugador": "Jose angel PARADA PARADA"
        }
      ]
    },
    "posicion": 6
  },
  {
    "torneoId": 120,
    "nombreTorneo": "I OPEN DE GUADALAJARA",
    "competicionId": 338,
    "nombreCompeticion": "Open Dobles",
    "tipoCompeticionId": 1,
    "tipoCompeticion": "Open Dobles",
    "equipoJugadores": "Angel Luis COBO MUÑOZ - Antonio  NAVARRO PACHECA",
    "equipoDTO": {
      "equipoId": 1330,
      "jugadores": [
        {
          "jugadorId": 47,
          "nombreJugador": "Angel Luis COBO MUÑOZ"
        },
        {
          "jugadorId": 434,
          "nombreJugador": "Antonio  NAVARRO PACHECA"
        }
      ]
    },
    "posicion": 7
  },
  {
    "torneoId": 120,
    "nombreTorneo": "I OPEN DE GUADALAJARA",
    "competicionId": 338,
    "nombreCompeticion": "Open Dobles",
    "tipoCompeticionId": 1,
    "tipoCompeticion": "Open Dobles",
    "equipoJugadores": "Roberto PARRALEJO - Raul PEREZ MARTINEZ",
    "equipoDTO": {
      "equipoId": 2181,
      "jugadores": [
        {
          "jugadorId": 15,
          "nombreJugador": "Roberto PARRALEJO"
        },
        {
          "jugadorId": 694,
          "nombreJugador": "Raul PEREZ MARTINEZ"
        }
      ]
    },
    "posicion": 8
  },
  {
    "torneoId": 120,
    "nombreTorneo": "I OPEN DE GUADALAJARA",
    "competicionId": 338,
    "nombreCompeticion": "Open Dobles",
    "tipoCompeticionId": 1,
    "tipoCompeticion": "Open Dobles",
    "equipoJugadores": "Silvestre ROSA REY - Alberto VILÁ PÉREZ",
    "equipoDTO": {
      "equipoId": 2260,
      "jugadores": [
        {
          "jugadorId": 140,
          "nombreJugador": "Silvestre ROSA REY"
        },
        {
          "jugadorId": 687,
          "nombreJugador": "Alberto VILÁ PÉREZ"
        }
      ]
    },
    "posicion": 9
  },
  {
    "torneoId": 120,
    "nombreTorneo": "I OPEN DE GUADALAJARA",
    "competicionId": 338,
    "nombreCompeticion": "Open Dobles",
    "tipoCompeticionId": 1,
    "tipoCompeticion": "Open Dobles",
    "equipoJugadores": "Javier ALFONSO MONTOYA - Paloma CLAVET GONZALEZ",
    "equipoDTO": {
      "equipoId": 2206,
      "jugadores": [
        {
          "jugadorId": 808,
          "nombreJugador": "Javier ALFONSO MONTOYA"
        },
        {
          "jugadorId": 831,
          "nombreJugador": "Paloma CLAVET GONZALEZ"
        }
      ]
    },
    "posicion": 10
  },
  {
    "torneoId": 120,
    "nombreTorneo": "I OPEN DE GUADALAJARA",
    "competicionId": 338,
    "nombreCompeticion": "Open Dobles",
    "tipoCompeticionId": 1,
    "tipoCompeticion": "Open Dobles",
    "equipoJugadores": "Julian Javier LÓPEZ AGUILAR - Jose ANDRES NADADOR",
    "equipoDTO": {
      "equipoId": 2266,
      "jugadores": [
        {
          "jugadorId": 777,
          "nombreJugador": "Julian Javier LÓPEZ AGUILAR"
        },
        {
          "jugadorId": 832,
          "nombreJugador": "Jose ANDRES NADADOR"
        }
      ]
    },
    "posicion": 11
  },
  {
    "torneoId": 120,
    "nombreTorneo": "I OPEN DE GUADALAJARA",
    "competicionId": 338,
    "nombreCompeticion": "Open Dobles",
    "tipoCompeticionId": 1,
    "tipoCompeticion": "Open Dobles",
    "equipoJugadores": "David ALCAZAR GONZALEZ - Ivan GARCIA AHIJON",
    "equipoDTO": {
      "equipoId": 1912,
      "jugadores": [
        {
          "jugadorId": 695,
          "nombreJugador": "David ALCAZAR GONZALEZ"
        },
        {
          "jugadorId": 706,
          "nombreJugador": "Ivan GARCIA AHIJON"
        }
      ]
    },
    "posicion": 12
  },
  {
    "torneoId": 120,
    "nombreTorneo": "I OPEN DE GUADALAJARA",
    "competicionId": 338,
    "nombreCompeticion": "Open Dobles",
    "tipoCompeticionId": 1,
    "tipoCompeticion": "Open Dobles",
    "equipoJugadores": "Alberto Jose MARTIN RICO - Raul HONRRUBIA DOMINGUEZ",
    "equipoDTO": {
      "equipoId": 2270,
      "jugadores": [
        {
          "jugadorId": 833,
          "nombreJugador": "Alberto Jose MARTIN RICO"
        },
        {
          "jugadorId": 843,
          "nombreJugador": "Raul HONRRUBIA DOMINGUEZ"
        }
      ]
    },
    "posicion": 13
  },
  {
    "torneoId": 120,
    "nombreTorneo": "I OPEN DE GUADALAJARA",
    "competicionId": 338,
    "nombreCompeticion": "Open Dobles",
    "tipoCompeticionId": 1,
    "tipoCompeticion": "Open Dobles",
    "equipoJugadores": "Borja RANZ GONZALEZ - Raul LORENTE CANO",
    "equipoDTO": {
      "equipoId": 2262,
      "jugadores": [
        {
          "jugadorId": 468,
          "nombreJugador": "Borja RANZ GONZALEZ"
        },
        {
          "jugadorId": 847,
          "nombreJugador": "Raul LORENTE CANO"
        }
      ]
    },
    "posicion": 14
  },
  {
    "torneoId": 120,
    "nombreTorneo": "I OPEN DE GUADALAJARA",
    "competicionId": 338,
    "nombreCompeticion": "Open Dobles",
    "tipoCompeticionId": 1,
    "tipoCompeticion": "Open Dobles",
    "equipoJugadores": "Eva SANCHEZ CARRASCO - Leire CONCEPCION SANCHEZ",
    "equipoDTO": {
      "equipoId": 2271,
      "jugadores": [
        {
          "jugadorId": 848,
          "nombreJugador": "Eva SANCHEZ CARRASCO"
        },
        {
          "jugadorId": 849,
          "nombreJugador": "Leire CONCEPCION SANCHEZ"
        }
      ]
    },
    "posicion": 15
  },
  {
    "torneoId": 120,
    "nombreTorneo": "I OPEN DE GUADALAJARA",
    "competicionId": 338,
    "nombreCompeticion": "Open Dobles",
    "tipoCompeticionId": 1,
    "tipoCompeticion": "Open Dobles",
    "equipoJugadores": "Sergio ARROYO OREJA - José Antonio PALOMAR GARCÍA",
    "equipoDTO": {
      "equipoId": 2132,
      "jugadores": [
        {
          "jugadorId": 740,
          "nombreJugador": "Sergio ARROYO OREJA"
        },
        {
          "jugadorId": 776,
          "nombreJugador": "José Antonio PALOMAR GARCÍA"
        }
      ]
    },
    "posicion": 16
  },
  {
    "torneoId": 120,
    "nombreTorneo": "I OPEN DE GUADALAJARA",
    "competicionId": 338,
    "nombreCompeticion": "Open Dobles",
    "tipoCompeticionId": 1,
    "tipoCompeticion": "Open Dobles",
    "equipoJugadores": "Adrian MARTINEZ DEL CASTILLO - Francisco MORENO GUILLEN",
    "equipoDTO": {
      "equipoId": 1915,
      "jugadores": [
        {
          "jugadorId": 700,
          "nombreJugador": "Adrian MARTINEZ DEL CASTILLO"
        },
        {
          "jugadorId": 708,
          "nombreJugador": "Francisco MORENO GUILLEN"
        }
      ]
    },
    "posicion": 17
  },
  {
    "torneoId": 120,
    "nombreTorneo": "I OPEN DE GUADALAJARA",
    "competicionId": 338,
    "nombreCompeticion": "Open Dobles",
    "tipoCompeticionId": 1,
    "tipoCompeticion": "Open Dobles",
    "equipoJugadores": "Antonio MUÑOZ POZUELO - Daniel LIMA CARRERO",
    "equipoDTO": {
      "equipoId": 2263,
      "jugadores": [
        {
          "jugadorId": 602,
          "nombreJugador": "Antonio MUÑOZ POZUELO"
        },
        {
          "jugadorId": 748,
          "nombreJugador": "Daniel LIMA CARRERO"
        }
      ]
    },
    "posicion": 18
  },
  {
    "torneoId": 120,
    "nombreTorneo": "I OPEN DE GUADALAJARA",
    "competicionId": 338,
    "nombreCompeticion": "Open Dobles",
    "tipoCompeticionId": 1,
    "tipoCompeticion": "Open Dobles",
    "equipoJugadores": "Juan PEREZ RUIZ - Sara AREUJALA TREJO",
    "equipoDTO": {
      "equipoId": 2098,
      "jugadores": [
        {
          "jugadorId": 757,
          "nombreJugador": "Juan PEREZ RUIZ"
        },
        {
          "jugadorId": 787,
          "nombreJugador": "Sara AREUJALA TREJO"
        }
      ]
    },
    "posicion": 19
  },
  {
    "torneoId": 120,
    "nombreTorneo": "I OPEN DE GUADALAJARA",
    "competicionId": 338,
    "nombreCompeticion": "Open Dobles",
    "tipoCompeticionId": 1,
    "tipoCompeticion": "Open Dobles",
    "equipoJugadores": "Sergio HEREDIA BARQUITA - Carlos TIRADO CASTEJON",
    "equipoDTO": {
      "equipoId": 2264,
      "jugadores": [
        {
          "jugadorId": 827,
          "nombreJugador": "Sergio HEREDIA BARQUITA"
        },
        {
          "jugadorId": 844,
          "nombreJugador": "Carlos TIRADO CASTEJON"
        }
      ]
    },
    "posicion": 20
  },
  {
    "torneoId": 120,
    "nombreTorneo": "I OPEN DE GUADALAJARA",
    "competicionId": 338,
    "nombreCompeticion": "Open Dobles",
    "tipoCompeticionId": 1,
    "tipoCompeticion": "Open Dobles",
    "equipoJugadores": "Carlos Martin PAIVA HURTADO - Javier PAIVA HURTADO",
    "equipoDTO": {
      "equipoId": 2267,
      "jugadores": [
        {
          "jugadorId": 835,
          "nombreJugador": "Carlos Martin PAIVA HURTADO"
        },
        {
          "jugadorId": 840,
          "nombreJugador": "Javier PAIVA HURTADO"
        }
      ]
    },
    "posicion": 21
  },
  {
    "torneoId": 120,
    "nombreTorneo": "I OPEN DE GUADALAJARA",
    "competicionId": 338,
    "nombreCompeticion": "Open Dobles",
    "tipoCompeticionId": 1,
    "tipoCompeticion": "Open Dobles",
    "equipoJugadores": "Mario TERRON FUENTES - Daniel DEL AMO BERGAZ",
    "equipoDTO": {
      "equipoId": 2100,
      "jugadores": [
        {
          "jugadorId": 759,
          "nombreJugador": "Mario TERRON FUENTES"
        },
        {
          "jugadorId": 767,
          "nombreJugador": "Daniel DEL AMO BERGAZ"
        }
      ]
    },
    "posicion": 22
  },
  {
    "torneoId": 120,
    "nombreTorneo": "I OPEN DE GUADALAJARA",
    "competicionId": 338,
    "nombreCompeticion": "Open Dobles",
    "tipoCompeticionId": 1,
    "tipoCompeticion": "Open Dobles",
    "equipoJugadores": "Ivan MAYORGA SANDOVAL - Alicia CALVO PEREZ",
    "equipoDTO": {
      "equipoId": 2265,
      "jugadores": [
        {
          "jugadorId": 225,
          "nombreJugador": "Ivan MAYORGA SANDOVAL"
        },
        {
          "jugadorId": 828,
          "nombreJugador": "Alicia CALVO PEREZ"
        }
      ]
    },
    "posicion": 23
  },
  {
    "torneoId": 120,
    "nombreTorneo": "I OPEN DE GUADALAJARA",
    "competicionId": 338,
    "nombreCompeticion": "Open Dobles",
    "tipoCompeticionId": 1,
    "tipoCompeticion": "Open Dobles",
    "equipoJugadores": "Antonio JOSE BLANCO - Francisco CORDERO BARCALA",
    "equipoDTO": {
      "equipoId": 2268,
      "jugadores": [
        {
          "jugadorId": 834,
          "nombreJugador": "Antonio JOSE BLANCO"
        },
        {
          "jugadorId": 839,
          "nombreJugador": "Francisco CORDERO BARCALA"
        }
      ]
    },
    "posicion": 24
  },
  {
    "torneoId": 120,
    "nombreTorneo": "I OPEN DE GUADALAJARA",
    "competicionId": 338,
    "nombreCompeticion": "Open Dobles",
    "tipoCompeticionId": 1,
    "tipoCompeticion": "Open Dobles",
    "equipoJugadores": "Jose Andres LOPEZ GONZALEZ - Juan Jose CONCEPCION GUTIERREZ",
    "equipoDTO": {
      "equipoId": 2269,
      "jugadores": [
        {
          "jugadorId": 841,
          "nombreJugador": "Jose Andres LOPEZ GONZALEZ"
        },
        {
          "jugadorId": 842,
          "nombreJugador": "Juan Jose CONCEPCION GUTIERREZ"
        }
      ]
    },
    "posicion": 25
  },
  {
    "torneoId": 120,
    "nombreTorneo": "I OPEN DE GUADALAJARA",
    "competicionId": 338,
    "nombreCompeticion": "Open Dobles",
    "tipoCompeticionId": 1,
    "tipoCompeticion": "Open Dobles",
    "equipoJugadores": "Francisco SANTIAGO MUÑOZ - Emilio BECERRE RICO",
    "equipoDTO": {
      "equipoId": 2259,
      "jugadores": [
        {
          "jugadorId": 44,
          "nombreJugador": "Francisco SANTIAGO MUÑOZ"
        },
        {
          "jugadorId": 838,
          "nombreJugador": "Emilio BECERRE RICO"
        }
      ]
    },
    "posicion": 26
  },
  {
    "torneoId": 120,
    "nombreTorneo": "I OPEN DE GUADALAJARA",
    "competicionId": 340,
    "nombreCompeticion": "AMATEUR Dobles",
    "tipoCompeticionId": 2,
    "tipoCompeticion": "Amater Dobles",
    "equipoJugadores": "Roberto PARRALEJO - Alberto VILÁ PÉREZ",
    "equipoDTO": {
      "equipoId": 2272,
      "jugadores": [
        {
          "jugadorId": 15,
          "nombreJugador": "Roberto PARRALEJO"
        },
        {
          "jugadorId": 687,
          "nombreJugador": "Alberto VILÁ PÉREZ"
        }
      ]
    },
    "posicion": 1
  },
  {
    "torneoId": 120,
    "nombreTorneo": "I OPEN DE GUADALAJARA",
    "competicionId": 340,
    "nombreCompeticion": "AMATEUR Dobles",
    "tipoCompeticionId": 2,
    "tipoCompeticion": "Amater Dobles",
    "equipoJugadores": "Silvestre ROSA REY - Raul PEREZ MARTINEZ",
    "equipoDTO": {
      "equipoId": 2209,
      "jugadores": [
        {
          "jugadorId": 140,
          "nombreJugador": "Silvestre ROSA REY"
        },
        {
          "jugadorId": 694,
          "nombreJugador": "Raul PEREZ MARTINEZ"
        }
      ]
    },
    "posicion": 2
  },
  {
    "torneoId": 120,
    "nombreTorneo": "I OPEN DE GUADALAJARA",
    "competicionId": 340,
    "nombreCompeticion": "AMATEUR Dobles",
    "tipoCompeticionId": 2,
    "tipoCompeticion": "Amater Dobles",
    "equipoJugadores": "Sergio ARROYO OREJA - José Antonio PALOMAR GARCÍA",
    "equipoDTO": {
      "equipoId": 2132,
      "jugadores": [
        {
          "jugadorId": 740,
          "nombreJugador": "Sergio ARROYO OREJA"
        },
        {
          "jugadorId": 776,
          "nombreJugador": "José Antonio PALOMAR GARCÍA"
        }
      ]
    },
    "posicion": 3
  },
  {
    "torneoId": 120,
    "nombreTorneo": "I OPEN DE GUADALAJARA",
    "competicionId": 340,
    "nombreCompeticion": "AMATEUR Dobles",
    "tipoCompeticionId": 2,
    "tipoCompeticion": "Amater Dobles",
    "equipoJugadores": "Daniel DEL AMO BERGAZ - Jose ANDRES NADADOR",
    "equipoDTO": {
      "equipoId": 2274,
      "jugadores": [
        {
          "jugadorId": 767,
          "nombreJugador": "Daniel DEL AMO BERGAZ"
        },
        {
          "jugadorId": 832,
          "nombreJugador": "Jose ANDRES NADADOR"
        }
      ]
    },
    "posicion": 4
  },
  {
    "torneoId": 120,
    "nombreTorneo": "I OPEN DE GUADALAJARA",
    "competicionId": 340,
    "nombreCompeticion": "AMATEUR Dobles",
    "tipoCompeticionId": 2,
    "tipoCompeticion": "Amater Dobles",
    "equipoJugadores": "Ivan MAYORGA SANDOVAL - Alicia CALVO PEREZ",
    "equipoDTO": {
      "equipoId": 2265,
      "jugadores": [
        {
          "jugadorId": 225,
          "nombreJugador": "Ivan MAYORGA SANDOVAL"
        },
        {
          "jugadorId": 828,
          "nombreJugador": "Alicia CALVO PEREZ"
        }
      ]
    },
    "posicion": 5
  },
  {
    "torneoId": 120,
    "nombreTorneo": "I OPEN DE GUADALAJARA",
    "competicionId": 340,
    "nombreCompeticion": "AMATEUR Dobles",
    "tipoCompeticionId": 2,
    "tipoCompeticion": "Amater Dobles",
    "equipoJugadores": "Carlos Martin PAIVA HURTADO - Javier PAIVA HURTADO",
    "equipoDTO": {
      "equipoId": 2267,
      "jugadores": [
        {
          "jugadorId": 835,
          "nombreJugador": "Carlos Martin PAIVA HURTADO"
        },
        {
          "jugadorId": 840,
          "nombreJugador": "Javier PAIVA HURTADO"
        }
      ]
    },
    "posicion": 6
  },
  {
    "torneoId": 120,
    "nombreTorneo": "I OPEN DE GUADALAJARA",
    "competicionId": 340,
    "nombreCompeticion": "AMATEUR Dobles",
    "tipoCompeticionId": 2,
    "tipoCompeticion": "Amater Dobles",
    "equipoJugadores": "Antonio  NAVARRO PACHECA - Daniel LIMA CARRERO",
    "equipoDTO": {
      "equipoId": 2273,
      "jugadores": [
        {
          "jugadorId": 434,
          "nombreJugador": "Antonio  NAVARRO PACHECA"
        },
        {
          "jugadorId": 748,
          "nombreJugador": "Daniel LIMA CARRERO"
        }
      ]
    },
    "posicion": 7
  },
  {
    "torneoId": 120,
    "nombreTorneo": "I OPEN DE GUADALAJARA",
    "competicionId": 340,
    "nombreCompeticion": "AMATEUR Dobles",
    "tipoCompeticionId": 2,
    "tipoCompeticion": "Amater Dobles",
    "equipoJugadores": "Javier ALFONSO MONTOYA - Paloma CLAVET GONZALEZ",
    "equipoDTO": {
      "equipoId": 2206,
      "jugadores": [
        {
          "jugadorId": 808,
          "nombreJugador": "Javier ALFONSO MONTOYA"
        },
        {
          "jugadorId": 831,
          "nombreJugador": "Paloma CLAVET GONZALEZ"
        }
      ]
    },
    "posicion": 8
  },
  {
    "torneoId": 120,
    "nombreTorneo": "I OPEN DE GUADALAJARA",
    "competicionId": 340,
    "nombreCompeticion": "AMATEUR Dobles",
    "tipoCompeticionId": 2,
    "tipoCompeticion": "Amater Dobles",
    "equipoJugadores": "Antonio JOSE BLANCO - Francisco CORDERO BARCALA",
    "equipoDTO": {
      "equipoId": 2268,
      "jugadores": [
        {
          "jugadorId": 834,
          "nombreJugador": "Antonio JOSE BLANCO"
        },
        {
          "jugadorId": 839,
          "nombreJugador": "Francisco CORDERO BARCALA"
        }
      ]
    },
    "posicion": 9
  },
  {
    "torneoId": 120,
    "nombreTorneo": "I OPEN DE GUADALAJARA",
    "competicionId": 340,
    "nombreCompeticion": "AMATEUR Dobles",
    "tipoCompeticionId": 2,
    "tipoCompeticion": "Amater Dobles",
    "equipoJugadores": "Francisco SANTIAGO MUÑOZ - Emilio BECERRE RICO",
    "equipoDTO": {
      "equipoId": 2259,
      "jugadores": [
        {
          "jugadorId": 44,
          "nombreJugador": "Francisco SANTIAGO MUÑOZ"
        },
        {
          "jugadorId": 838,
          "nombreJugador": "Emilio BECERRE RICO"
        }
      ]
    },
    "posicion": 10
  },
  {
    "torneoId": 120,
    "nombreTorneo": "I OPEN DE GUADALAJARA",
    "competicionId": 340,
    "nombreCompeticion": "AMATEUR Dobles",
    "tipoCompeticionId": 2,
    "tipoCompeticion": "Amater Dobles",
    "equipoJugadores": "Borja RANZ GONZALEZ - Antonio MUÑOZ POZUELO",
    "equipoDTO": {
      "equipoId": 1526,
      "jugadores": [
        {
          "jugadorId": 468,
          "nombreJugador": "Borja RANZ GONZALEZ"
        },
        {
          "jugadorId": 602,
          "nombreJugador": "Antonio MUÑOZ POZUELO"
        }
      ]
    },
    "posicion": 11
  },
  {
    "torneoId": 120,
    "nombreTorneo": "I OPEN DE GUADALAJARA",
    "competicionId": 340,
    "nombreCompeticion": "AMATEUR Dobles",
    "tipoCompeticionId": 2,
    "tipoCompeticion": "Amater Dobles",
    "equipoJugadores": "Jose Andres LOPEZ GONZALEZ - Juan Jose CONCEPCION GUTIERREZ",
    "equipoDTO": {
      "equipoId": 2269,
      "jugadores": [
        {
          "jugadorId": 841,
          "nombreJugador": "Jose Andres LOPEZ GONZALEZ"
        },
        {
          "jugadorId": 842,
          "nombreJugador": "Juan Jose CONCEPCION GUTIERREZ"
        }
      ]
    },
    "posicion": 12
  },
  {
    "torneoId": 120,
    "nombreTorneo": "I OPEN DE GUADALAJARA",
    "competicionId": 340,
    "nombreCompeticion": "AMATEUR Dobles",
    "tipoCompeticionId": 2,
    "tipoCompeticion": "Amater Dobles",
    "equipoJugadores": "Eva SANCHEZ CARRASCO - Leire CONCEPCION SANCHEZ",
    "equipoDTO": {
      "equipoId": 2271,
      "jugadores": [
        {
          "jugadorId": 848,
          "nombreJugador": "Eva SANCHEZ CARRASCO"
        },
        {
          "jugadorId": 849,
          "nombreJugador": "Leire CONCEPCION SANCHEZ"
        }
      ]
    },
    "posicion": 13
  },
  {
    "torneoId": 120,
    "nombreTorneo": "I OPEN DE GUADALAJARA",
    "competicionId": 340,
    "nombreCompeticion": "AMATEUR Dobles",
    "tipoCompeticionId": 2,
    "tipoCompeticion": "Amater Dobles",
    "equipoJugadores": "Alberto Jose MARTIN RICO - Raul HONRRUBIA DOMINGUEZ",
    "equipoDTO": {
      "equipoId": 2270,
      "jugadores": [
        {
          "jugadorId": 833,
          "nombreJugador": "Alberto Jose MARTIN RICO"
        },
        {
          "jugadorId": 843,
          "nombreJugador": "Raul HONRRUBIA DOMINGUEZ"
        }
      ]
    },
    "posicion": 14
  },
  {
    "torneoId": 120,
    "nombreTorneo": "I OPEN DE GUADALAJARA",
    "competicionId": 341,
    "nombreCompeticion": "ROOKIE dobles",
    "tipoCompeticionId": 10,
    "tipoCompeticion": "Rookie Dobles",
    "equipoJugadores": "Silvestre ROSA REY - Borja RANZ GONZALEZ",
    "equipoDTO": {
      "equipoId": 2276,
      "jugadores": [
        {
          "jugadorId": 140,
          "nombreJugador": "Silvestre ROSA REY"
        },
        {
          "jugadorId": 468,
          "nombreJugador": "Borja RANZ GONZALEZ"
        }
      ]
    },
    "posicion": 1
  },
  {
    "torneoId": 120,
    "nombreTorneo": "I OPEN DE GUADALAJARA",
    "competicionId": 341,
    "nombreCompeticion": "ROOKIE dobles",
    "tipoCompeticionId": 10,
    "tipoCompeticion": "Rookie Dobles",
    "equipoJugadores": "Antonio MUÑOZ POZUELO - Daniel DEL AMO BERGAZ",
    "equipoDTO": {
      "equipoId": 2278,
      "jugadores": [
        {
          "jugadorId": 602,
          "nombreJugador": "Antonio MUÑOZ POZUELO"
        },
        {
          "jugadorId": 767,
          "nombreJugador": "Daniel DEL AMO BERGAZ"
        }
      ]
    },
    "posicion": 2
  },
  {
    "torneoId": 120,
    "nombreTorneo": "I OPEN DE GUADALAJARA",
    "competicionId": 341,
    "nombreCompeticion": "ROOKIE dobles",
    "tipoCompeticionId": 10,
    "tipoCompeticion": "Rookie Dobles",
    "equipoJugadores": "Julian Javier LÓPEZ AGUILAR - Jose ANDRES NADADOR",
    "equipoDTO": {
      "equipoId": 2266,
      "jugadores": [
        {
          "jugadorId": 777,
          "nombreJugador": "Julian Javier LÓPEZ AGUILAR"
        },
        {
          "jugadorId": 832,
          "nombreJugador": "Jose ANDRES NADADOR"
        }
      ]
    },
    "posicion": 3
  },
  {
    "torneoId": 120,
    "nombreTorneo": "I OPEN DE GUADALAJARA",
    "competicionId": 341,
    "nombreCompeticion": "ROOKIE dobles",
    "tipoCompeticionId": 10,
    "tipoCompeticion": "Rookie Dobles",
    "equipoJugadores": "Antonio  NAVARRO PACHECA - Raul LORENTE CANO",
    "equipoDTO": {
      "equipoId": 2275,
      "jugadores": [
        {
          "jugadorId": 434,
          "nombreJugador": "Antonio  NAVARRO PACHECA"
        },
        {
          "jugadorId": 847,
          "nombreJugador": "Raul LORENTE CANO"
        }
      ]
    },
    "posicion": 4
  },
  {
    "torneoId": 120,
    "nombreTorneo": "I OPEN DE GUADALAJARA",
    "competicionId": 341,
    "nombreCompeticion": "ROOKIE dobles",
    "tipoCompeticionId": 10,
    "tipoCompeticion": "Rookie Dobles",
    "equipoJugadores": "Jose Andres LOPEZ GONZALEZ - Juan Jose CONCEPCION GUTIERREZ",
    "equipoDTO": {
      "equipoId": 2269,
      "jugadores": [
        {
          "jugadorId": 841,
          "nombreJugador": "Jose Andres LOPEZ GONZALEZ"
        },
        {
          "jugadorId": 842,
          "nombreJugador": "Juan Jose CONCEPCION GUTIERREZ"
        }
      ]
    },
    "posicion": 5
  },
  {
    "torneoId": 120,
    "nombreTorneo": "I OPEN DE GUADALAJARA",
    "competicionId": 341,
    "nombreCompeticion": "ROOKIE dobles",
    "tipoCompeticionId": 10,
    "tipoCompeticion": "Rookie Dobles",
    "equipoJugadores": "Sergio ARROYO OREJA - David FERNANDEZ MINGO",
    "equipoDTO": {
      "equipoId": 2277,
      "jugadores": [
        {
          "jugadorId": 740,
          "nombreJugador": "Sergio ARROYO OREJA"
        },
        {
          "jugadorId": 845,
          "nombreJugador": "David FERNANDEZ MINGO"
        }
      ]
    },
    "posicion": 6
  },
  {
    "torneoId": 120,
    "nombreTorneo": "I OPEN DE GUADALAJARA",
    "competicionId": 341,
    "nombreCompeticion": "ROOKIE dobles",
    "tipoCompeticionId": 10,
    "tipoCompeticion": "Rookie Dobles",
    "equipoJugadores": "Carlos Martin PAIVA HURTADO - Javier PAIVA HURTADO",
    "equipoDTO": {
      "equipoId": 2267,
      "jugadores": [
        {
          "jugadorId": 835,
          "nombreJugador": "Carlos Martin PAIVA HURTADO"
        },
        {
          "jugadorId": 840,
          "nombreJugador": "Javier PAIVA HURTADO"
        }
      ]
    },
    "posicion": 7
  },
  {
    "torneoId": 120,
    "nombreTorneo": "I OPEN DE GUADALAJARA",
    "competicionId": 341,
    "nombreCompeticion": "ROOKIE dobles",
    "tipoCompeticionId": 10,
    "tipoCompeticion": "Rookie Dobles",
    "equipoJugadores": "Javier ALFONSO MONTOYA - Paloma CLAVET GONZALEZ",
    "equipoDTO": {
      "equipoId": 2206,
      "jugadores": [
        {
          "jugadorId": 808,
          "nombreJugador": "Javier ALFONSO MONTOYA"
        },
        {
          "jugadorId": 831,
          "nombreJugador": "Paloma CLAVET GONZALEZ"
        }
      ]
    },
    "posicion": 8
  },
  {
    "torneoId": 120,
    "nombreTorneo": "I OPEN DE GUADALAJARA",
    "competicionId": 341,
    "nombreCompeticion": "ROOKIE dobles",
    "tipoCompeticionId": 10,
    "tipoCompeticion": "Rookie Dobles",
    "equipoJugadores": "Alberto Jose MARTIN RICO - Raul HONRRUBIA DOMINGUEZ",
    "equipoDTO": {
      "equipoId": 2270,
      "jugadores": [
        {
          "jugadorId": 833,
          "nombreJugador": "Alberto Jose MARTIN RICO"
        },
        {
          "jugadorId": 843,
          "nombreJugador": "Raul HONRRUBIA DOMINGUEZ"
        }
      ]
    },
    "posicion": 9
  },
  {
    "torneoId": 120,
    "nombreTorneo": "I OPEN DE GUADALAJARA",
    "competicionId": 341,
    "nombreCompeticion": "ROOKIE dobles",
    "tipoCompeticionId": 10,
    "tipoCompeticion": "Rookie Dobles",
    "equipoJugadores": "Eva SANCHEZ CARRASCO - Leire CONCEPCION SANCHEZ",
    "equipoDTO": {
      "equipoId": 2271,
      "jugadores": [
        {
          "jugadorId": 848,
          "nombreJugador": "Eva SANCHEZ CARRASCO"
        },
        {
          "jugadorId": 849,
          "nombreJugador": "Leire CONCEPCION SANCHEZ"
        }
      ]
    },
    "posicion": 10
  },
  {
    "torneoId": 120,
    "nombreTorneo": "I OPEN DE GUADALAJARA",
    "competicionId": 341,
    "nombreCompeticion": "ROOKIE dobles",
    "tipoCompeticionId": 10,
    "tipoCompeticion": "Rookie Dobles",
    "equipoJugadores": "Domingo ROQUERO - Mario NADADOR",
    "equipoDTO": {
      "equipoId": 2279,
      "jugadores": [
        {
          "jugadorId": 837,
          "nombreJugador": "Domingo ROQUERO"
        },
        {
          "jugadorId": 846,
          "nombreJugador": "Mario NADADOR"
        }
      ]
    },
    "posicion": 11
  },
  {
    "torneoId": 120,
    "nombreTorneo": "I OPEN DE GUADALAJARA",
    "competicionId": 341,
    "nombreCompeticion": "ROOKIE dobles",
    "tipoCompeticionId": 10,
    "tipoCompeticion": "Rookie Dobles",
    "equipoJugadores": "Ivan MAYORGA SANDOVAL - Alicia CALVO PEREZ",
    "equipoDTO": {
      "equipoId": 2265,
      "jugadores": [
        {
          "jugadorId": 225,
          "nombreJugador": "Ivan MAYORGA SANDOVAL"
        },
        {
          "jugadorId": 828,
          "nombreJugador": "Alicia CALVO PEREZ"
        }
      ]
    },
    "posicion": 12
  },
  {
    "torneoId": 120,
    "nombreTorneo": "I OPEN DE GUADALAJARA",
    "competicionId": 341,
    "nombreCompeticion": "ROOKIE dobles",
    "tipoCompeticionId": 10,
    "tipoCompeticion": "Rookie Dobles",
    "equipoJugadores": "Antonio JOSE BLANCO - Francisco CORDERO BARCALA",
    "equipoDTO": {
      "equipoId": 2268,
      "jugadores": [
        {
          "jugadorId": 834,
          "nombreJugador": "Antonio JOSE BLANCO"
        },
        {
          "jugadorId": 839,
          "nombreJugador": "Francisco CORDERO BARCALA"
        }
      ]
    },
    "posicion": 13
  },
  {
    "torneoId": 120,
    "nombreTorneo": "I OPEN DE GUADALAJARA",
    "competicionId": 343,
    "nombreCompeticion": "MIXTO",
    "tipoCompeticionId": 11,
    "tipoCompeticion": "Mixto",
    "equipoJugadores": "Hector NUÑEZ SAEZ - Paloma CLAVET GONZALEZ",
    "equipoDTO": {
      "equipoId": 2283,
      "jugadores": [
        {
          "jugadorId": 4,
          "nombreJugador": "Hector NUÑEZ SAEZ"
        },
        {
          "jugadorId": 831,
          "nombreJugador": "Paloma CLAVET GONZALEZ"
        }
      ]
    },
    "posicion": 1
  },
  {
    "torneoId": 120,
    "nombreTorneo": "I OPEN DE GUADALAJARA",
    "competicionId": 343,
    "nombreCompeticion": "MIXTO",
    "tipoCompeticionId": 11,
    "tipoCompeticion": "Mixto",
    "equipoJugadores": "Oscar ARTIAGA LOPEZ - Alicia CALVO PEREZ",
    "equipoDTO": {
      "equipoId": 2236,
      "jugadores": [
        {
          "jugadorId": 11,
          "nombreJugador": "Oscar ARTIAGA LOPEZ"
        },
        {
          "jugadorId": 828,
          "nombreJugador": "Alicia CALVO PEREZ"
        }
      ]
    },
    "posicion": 2
  },
  {
    "torneoId": 120,
    "nombreTorneo": "I OPEN DE GUADALAJARA",
    "competicionId": 343,
    "nombreCompeticion": "MIXTO",
    "tipoCompeticionId": 11,
    "tipoCompeticion": "Mixto",
    "equipoJugadores": "Javier ALFONSO MONTOYA - Susana SANTOS VICTOR",
    "equipoDTO": {
      "equipoId": 2284,
      "jugadores": [
        {
          "jugadorId": 808,
          "nombreJugador": "Javier ALFONSO MONTOYA"
        },
        {
          "jugadorId": 850,
          "nombreJugador": "Susana SANTOS VICTOR"
        }
      ]
    },
    "posicion": 3
  },
  {
    "torneoId": 120,
    "nombreTorneo": "I OPEN DE GUADALAJARA",
    "competicionId": 344,
    "nombreCompeticion": "Rookie Amater DYP",
    "tipoCompeticionId": 3,
    "tipoCompeticion": "DYP",
    "equipoJugadores": "Ivan MAYORGA SANDOVAL - Raul PEREZ MARTINEZ",
    "equipoDTO": {
      "equipoId": 2286,
      "jugadores": [
        {
          "jugadorId": 225,
          "nombreJugador": "Ivan MAYORGA SANDOVAL"
        },
        {
          "jugadorId": 694,
          "nombreJugador": "Raul PEREZ MARTINEZ"
        }
      ]
    },
    "posicion": 1
  },
  {
    "torneoId": 120,
    "nombreTorneo": "I OPEN DE GUADALAJARA",
    "competicionId": 344,
    "nombreCompeticion": "Rookie Amater DYP",
    "tipoCompeticionId": 3,
    "tipoCompeticion": "DYP",
    "equipoJugadores": "Silvestre ROSA REY - Alicia CALVO PEREZ",
    "equipoDTO": {
      "equipoId": 2288,
      "jugadores": [
        {
          "jugadorId": 140,
          "nombreJugador": "Silvestre ROSA REY"
        },
        {
          "jugadorId": 828,
          "nombreJugador": "Alicia CALVO PEREZ"
        }
      ]
    },
    "posicion": 2
  },
  {
    "torneoId": 120,
    "nombreTorneo": "I OPEN DE GUADALAJARA",
    "competicionId": 344,
    "nombreCompeticion": "Rookie Amater DYP",
    "tipoCompeticionId": 3,
    "tipoCompeticion": "DYP",
    "equipoJugadores": "Roberto PARRALEJO - Javier ALFONSO MONTOYA",
    "equipoDTO": {
      "equipoId": 2285,
      "jugadores": [
        {
          "jugadorId": 15,
          "nombreJugador": "Roberto PARRALEJO"
        },
        {
          "jugadorId": 808,
          "nombreJugador": "Javier ALFONSO MONTOYA"
        }
      ]
    },
    "posicion": 3
  },
  {
    "torneoId": 120,
    "nombreTorneo": "I OPEN DE GUADALAJARA",
    "competicionId": 344,
    "nombreCompeticion": "Rookie Amater DYP",
    "tipoCompeticionId": 3,
    "tipoCompeticion": "DYP",
    "equipoJugadores": "Paloma CLAVET GONZALEZ - Jose ANDRES NADADOR",
    "equipoDTO": {
      "equipoId": 2289,
      "jugadores": [
        {
          "jugadorId": 831,
          "nombreJugador": "Paloma CLAVET GONZALEZ"
        },
        {
          "jugadorId": 832,
          "nombreJugador": "Jose ANDRES NADADOR"
        }
      ]
    },
    "posicion": 4
  },
  {
    "torneoId": 120,
    "nombreTorneo": "I OPEN DE GUADALAJARA",
    "competicionId": 344,
    "nombreCompeticion": "Rookie Amater DYP",
    "tipoCompeticionId": 3,
    "tipoCompeticion": "DYP",
    "equipoJugadores": "Alberto VILÁ PÉREZ - Daniel LIMA CARRERO",
    "equipoDTO": {
      "equipoId": 2287,
      "jugadores": [
        {
          "jugadorId": 687,
          "nombreJugador": "Alberto VILÁ PÉREZ"
        },
        {
          "jugadorId": 748,
          "nombreJugador": "Daniel LIMA CARRERO"
        }
      ]
    },
    "posicion": 5
  },
  {
    "torneoId": 120,
    "nombreTorneo": "I OPEN DE GUADALAJARA",
    "competicionId": 342,
    "nombreCompeticion": "PRO-AM",
    "tipoCompeticionId": 9,
    "tipoCompeticion": "ProAm",
    "equipoJugadores": "Jordan GONZALEZ REBOSO - Alberto VILÁ PÉREZ",
    "equipoDTO": {
      "equipoId": 2281,
      "jugadores": [
        {
          "jugadorId": 614,
          "nombreJugador": "Jordan GONZALEZ REBOSO"
        },
        {
          "jugadorId": 687,
          "nombreJugador": "Alberto VILÁ PÉREZ"
        }
      ]
    },
    "posicion": 1
  },
  {
    "torneoId": 120,
    "nombreTorneo": "I OPEN DE GUADALAJARA",
    "competicionId": 342,
    "nombreCompeticion": "PRO-AM",
    "tipoCompeticionId": 9,
    "tipoCompeticion": "ProAm",
    "equipoJugadores": "Ivan MAYORGA SANDOVAL - Jorge CANO LUDEÑA",
    "equipoDTO": {
      "equipoId": 2224,
      "jugadores": [
        {
          "jugadorId": 225,
          "nombreJugador": "Ivan MAYORGA SANDOVAL"
        },
        {
          "jugadorId": 229,
          "nombreJugador": "Jorge CANO LUDEÑA"
        }
      ]
    },
    "posicion": 2
  },
  {
    "torneoId": 120,
    "nombreTorneo": "I OPEN DE GUADALAJARA",
    "competicionId": 342,
    "nombreCompeticion": "PRO-AM",
    "tipoCompeticionId": 9,
    "tipoCompeticion": "ProAm",
    "equipoJugadores": "Daniel GONZALEZ ALONSO - Raul PEREZ MARTINEZ",
    "equipoDTO": {
      "equipoId": 1970,
      "jugadores": [
        {
          "jugadorId": 360,
          "nombreJugador": "Daniel GONZALEZ ALONSO"
        },
        {
          "jugadorId": 694,
          "nombreJugador": "Raul PEREZ MARTINEZ"
        }
      ]
    },
    "posicion": 3
  },
  {
    "torneoId": 120,
    "nombreTorneo": "I OPEN DE GUADALAJARA",
    "competicionId": 342,
    "nombreCompeticion": "PRO-AM",
    "tipoCompeticionId": 9,
    "tipoCompeticion": "ProAm",
    "equipoJugadores": "David NIETO HERNANDEZ - Roberto PARRALEJO",
    "equipoDTO": {
      "equipoId": 2280,
      "jugadores": [
        {
          "jugadorId": 3,
          "nombreJugador": "David NIETO HERNANDEZ"
        },
        {
          "jugadorId": 15,
          "nombreJugador": "Roberto PARRALEJO"
        }
      ]
    },
    "posicion": 4
  },
  {
    "torneoId": 120,
    "nombreTorneo": "I OPEN DE GUADALAJARA",
    "competicionId": 342,
    "nombreCompeticion": "PRO-AM",
    "tipoCompeticionId": 9,
    "tipoCompeticion": "ProAm",
    "equipoJugadores": "Silvestre ROSA REY - Jose angel PARADA PARADA",
    "equipoDTO": {
      "equipoId": 2030,
      "jugadores": [
        {
          "jugadorId": 140,
          "nombreJugador": "Silvestre ROSA REY"
        },
        {
          "jugadorId": 652,
          "nombreJugador": "Jose angel PARADA PARADA"
        }
      ]
    },
    "posicion": 5
  },
  {
    "torneoId": 120,
    "nombreTorneo": "I OPEN DE GUADALAJARA",
    "competicionId": 342,
    "nombreCompeticion": "PRO-AM",
    "tipoCompeticionId": 9,
    "tipoCompeticion": "ProAm",
    "equipoJugadores": "Ruyman HERNANDEZ MOLEIRO - Javier ALFONSO MONTOYA",
    "equipoDTO": {
      "equipoId": 2282,
      "jugadores": [
        {
          "jugadorId": 567,
          "nombreJugador": "Ruyman HERNANDEZ MOLEIRO"
        },
        {
          "jugadorId": 808,
          "nombreJugador": "Javier ALFONSO MONTOYA"
        }
      ]
    },
    "posicion": 6
  },
  {
    "torneoId": 120,
    "nombreTorneo": "I OPEN DE GUADALAJARA",
    "competicionId": 342,
    "nombreCompeticion": "PRO-AM",
    "tipoCompeticionId": 9,
    "tipoCompeticion": "ProAm",
    "equipoJugadores": "Angel SÁNCHEZ JIMENEZ - Alicia CALVO PEREZ",
    "equipoDTO": {
      "equipoId": 2220,
      "jugadores": [
        {
          "jugadorId": 26,
          "nombreJugador": "Angel SÁNCHEZ JIMENEZ"
        },
        {
          "jugadorId": 828,
          "nombreJugador": "Alicia CALVO PEREZ"
        }
      ]
    },
    "posicion": 7
  },
  {
    "torneoId": 120,
    "nombreTorneo": "I OPEN DE GUADALAJARA",
    "competicionId": 342,
    "nombreCompeticion": "PRO-AM",
    "tipoCompeticionId": 9,
    "tipoCompeticion": "ProAm",
    "equipoJugadores": "Javier PARADA PARADA - Paloma CLAVET GONZALEZ",
    "equipoDTO": {
      "equipoId": 2226,
      "jugadores": [
        {
          "jugadorId": 651,
          "nombreJugador": "Javier PARADA PARADA"
        },
        {
          "jugadorId": 831,
          "nombreJugador": "Paloma CLAVET GONZALEZ"
        }
      ]
    },
    "posicion": 8
  },
  {
    "torneoId": 120,
    "nombreTorneo": "I OPEN DE GUADALAJARA",
    "competicionId": 339,
    "nombreCompeticion": "Pro Dobles",
    "tipoCompeticionId": 12,
    "tipoCompeticion": "ProDobles",
    "equipoJugadores": "David NIETO HERNANDEZ - Jordan GONZALEZ REBOSO",
    "equipoDTO": {
      "equipoId": 2186,
      "jugadores": [
        {
          "jugadorId": 3,
          "nombreJugador": "David NIETO HERNANDEZ"
        },
        {
          "jugadorId": 614,
          "nombreJugador": "Jordan GONZALEZ REBOSO"
        }
      ]
    },
    "posicion": 1
  },
  {
    "torneoId": 120,
    "nombreTorneo": "I OPEN DE GUADALAJARA",
    "competicionId": 339,
    "nombreCompeticion": "Pro Dobles",
    "tipoCompeticionId": 12,
    "tipoCompeticion": "ProDobles",
    "equipoJugadores": "Oscar ARTIAGA LOPEZ - Ruyman HERNANDEZ MOLEIRO",
    "equipoDTO": {
      "equipoId": 2257,
      "jugadores": [
        {
          "jugadorId": 11,
          "nombreJugador": "Oscar ARTIAGA LOPEZ"
        },
        {
          "jugadorId": 567,
          "nombreJugador": "Ruyman HERNANDEZ MOLEIRO"
        }
      ]
    },
    "posicion": 2
  },
  {
    "torneoId": 120,
    "nombreTorneo": "I OPEN DE GUADALAJARA",
    "competicionId": 339,
    "nombreCompeticion": "Pro Dobles",
    "tipoCompeticionId": 12,
    "tipoCompeticion": "ProDobles",
    "equipoJugadores": "Hector NUÑEZ SAEZ - David GAÑAN TERRON",
    "equipoDTO": {
      "equipoId": 1272,
      "jugadores": [
        {
          "jugadorId": 4,
          "nombreJugador": "Hector NUÑEZ SAEZ"
        },
        {
          "jugadorId": 6,
          "nombreJugador": "David GAÑAN TERRON"
        }
      ]
    },
    "posicion": 3
  },
  {
    "torneoId": 120,
    "nombreTorneo": "I OPEN DE GUADALAJARA",
    "competicionId": 339,
    "nombreCompeticion": "Pro Dobles",
    "tipoCompeticionId": 12,
    "tipoCompeticion": "ProDobles",
    "equipoJugadores": "Alberto CARBALLO ROBLES - Angel SÁNCHEZ JIMENEZ",
    "equipoDTO": {
      "equipoId": 2258,
      "jugadores": [
        {
          "jugadorId": 5,
          "nombreJugador": "Alberto CARBALLO ROBLES"
        },
        {
          "jugadorId": 26,
          "nombreJugador": "Angel SÁNCHEZ JIMENEZ"
        }
      ]
    },
    "posicion": 4
  },
  {
    "torneoId": 120,
    "nombreTorneo": "I OPEN DE GUADALAJARA",
    "competicionId": 339,
    "nombreCompeticion": "Pro Dobles",
    "tipoCompeticionId": 12,
    "tipoCompeticion": "ProDobles",
    "equipoJugadores": "Jorge CANO LUDEÑA - Daniel GONZALEZ ALONSO",
    "equipoDTO": {
      "equipoId": 2261,
      "jugadores": [
        {
          "jugadorId": 229,
          "nombreJugador": "Jorge CANO LUDEÑA"
        },
        {
          "jugadorId": 360,
          "nombreJugador": "Daniel GONZALEZ ALONSO"
        }
      ]
    },
    "posicion": 5
  },
  {
    "torneoId": 120,
    "nombreTorneo": "I OPEN DE GUADALAJARA",
    "competicionId": 339,
    "nombreCompeticion": "Pro Dobles",
    "tipoCompeticionId": 12,
    "tipoCompeticion": "ProDobles",
    "equipoJugadores": "Javier PARADA PARADA - Jose angel PARADA PARADA",
    "equipoDTO": {
      "equipoId": 1689,
      "jugadores": [
        {
          "jugadorId": 651,
          "nombreJugador": "Javier PARADA PARADA"
        },
        {
          "jugadorId": 652,
          "nombreJugador": "Jose angel PARADA PARADA"
        }
      ]
    },
    "posicion": 6
  },
  {
    "torneoId": 120,
    "nombreTorneo": "I OPEN DE GUADALAJARA",
    "competicionId": 339,
    "nombreCompeticion": "Pro Dobles",
    "tipoCompeticionId": 12,
    "tipoCompeticion": "ProDobles",
    "equipoJugadores": "David ALCAZAR GONZALEZ - Ivan GARCIA AHIJON",
    "equipoDTO": {
      "equipoId": 1912,
      "jugadores": [
        {
          "jugadorId": 695,
          "nombreJugador": "David ALCAZAR GONZALEZ"
        },
        {
          "jugadorId": 706,
          "nombreJugador": "Ivan GARCIA AHIJON"
        }
      ]
    },
    "posicion": 7
  },
  {
    "torneoId": 120,
    "nombreTorneo": "I OPEN DE GUADALAJARA",
    "competicionId": 337,
    "nombreCompeticion": "Open Individual",
    "tipoCompeticionId": 13,
    "tipoCompeticion": "Open Individual",
    "equipoJugadores": "Jordan GONZALEZ REBOSO",
    "equipoDTO": {
      "equipoId": 1551,
      "jugadores": [
        {
          "jugadorId": 614,
          "nombreJugador": "Jordan GONZALEZ REBOSO"
        }
      ]
    },
    "posicion": 1
  },
  {
    "torneoId": 120,
    "nombreTorneo": "I OPEN DE GUADALAJARA",
    "competicionId": 337,
    "nombreCompeticion": "Open Individual",
    "tipoCompeticionId": 13,
    "tipoCompeticion": "Open Individual",
    "equipoJugadores": "Angel SÁNCHEZ JIMENEZ",
    "equipoDTO": {
      "equipoId": 33,
      "jugadores": [
        {
          "jugadorId": 26,
          "nombreJugador": "Angel SÁNCHEZ JIMENEZ"
        }
      ]
    },
    "posicion": 2
  },
  {
    "torneoId": 120,
    "nombreTorneo": "I OPEN DE GUADALAJARA",
    "competicionId": 337,
    "nombreCompeticion": "Open Individual",
    "tipoCompeticionId": 13,
    "tipoCompeticion": "Open Individual",
    "equipoJugadores": "Javier PARADA PARADA",
    "equipoDTO": {
      "equipoId": 1695,
      "jugadores": [
        {
          "jugadorId": 651,
          "nombreJugador": "Javier PARADA PARADA"
        }
      ]
    },
    "posicion": 3
  },
  {
    "torneoId": 120,
    "nombreTorneo": "I OPEN DE GUADALAJARA",
    "competicionId": 337,
    "nombreCompeticion": "Open Individual",
    "tipoCompeticionId": 13,
    "tipoCompeticion": "Open Individual",
    "equipoJugadores": "David NIETO HERNANDEZ",
    "equipoDTO": {
      "equipoId": 22,
      "jugadores": [
        {
          "jugadorId": 3,
          "nombreJugador": "David NIETO HERNANDEZ"
        }
      ]
    },
    "posicion": 4
  },
  {
    "torneoId": 120,
    "nombreTorneo": "I OPEN DE GUADALAJARA",
    "competicionId": 337,
    "nombreCompeticion": "Open Individual",
    "tipoCompeticionId": 13,
    "tipoCompeticion": "Open Individual",
    "equipoJugadores": "David GAÑAN TERRON",
    "equipoDTO": {
      "equipoId": 13,
      "jugadores": [
        {
          "jugadorId": 6,
          "nombreJugador": "David GAÑAN TERRON"
        }
      ]
    },
    "posicion": 5
  },
  {
    "torneoId": 120,
    "nombreTorneo": "I OPEN DE GUADALAJARA",
    "competicionId": 337,
    "nombreCompeticion": "Open Individual",
    "tipoCompeticionId": 13,
    "tipoCompeticion": "Open Individual",
    "equipoJugadores": "Hector NUÑEZ SAEZ",
    "equipoDTO": {
      "equipoId": 23,
      "jugadores": [
        {
          "jugadorId": 4,
          "nombreJugador": "Hector NUÑEZ SAEZ"
        }
      ]
    },
    "posicion": 6
  },
  {
    "torneoId": 120,
    "nombreTorneo": "I OPEN DE GUADALAJARA",
    "competicionId": 337,
    "nombreCompeticion": "Open Individual",
    "tipoCompeticionId": 13,
    "tipoCompeticion": "Open Individual",
    "equipoJugadores": "Daniel GONZALEZ ALONSO",
    "equipoDTO": {
      "equipoId": 844,
      "jugadores": [
        {
          "jugadorId": 360,
          "nombreJugador": "Daniel GONZALEZ ALONSO"
        }
      ]
    },
    "posicion": 7
  },
  {
    "torneoId": 120,
    "nombreTorneo": "I OPEN DE GUADALAJARA",
    "competicionId": 337,
    "nombreCompeticion": "Open Individual",
    "tipoCompeticionId": 13,
    "tipoCompeticion": "Open Individual",
    "equipoJugadores": "Jorge CANO LUDEÑA",
    "equipoDTO": {
      "equipoId": 429,
      "jugadores": [
        {
          "jugadorId": 229,
          "nombreJugador": "Jorge CANO LUDEÑA"
        }
      ]
    },
    "posicion": 8
  },
  {
    "torneoId": 120,
    "nombreTorneo": "I OPEN DE GUADALAJARA",
    "competicionId": 337,
    "nombreCompeticion": "Open Individual",
    "tipoCompeticionId": 13,
    "tipoCompeticion": "Open Individual",
    "equipoJugadores": "Alberto CARBALLO ROBLES",
    "equipoDTO": {
      "equipoId": 6,
      "jugadores": [
        {
          "jugadorId": 5,
          "nombreJugador": "Alberto CARBALLO ROBLES"
        }
      ]
    },
    "posicion": 9
  },
  {
    "torneoId": 120,
    "nombreTorneo": "I OPEN DE GUADALAJARA",
    "competicionId": 337,
    "nombreCompeticion": "Open Individual",
    "tipoCompeticionId": 13,
    "tipoCompeticion": "Open Individual",
    "equipoJugadores": "Ruyman HERNANDEZ MOLEIRO",
    "equipoDTO": {
      "equipoId": 1429,
      "jugadores": [
        {
          "jugadorId": 567,
          "nombreJugador": "Ruyman HERNANDEZ MOLEIRO"
        }
      ]
    },
    "posicion": 10
  },
  {
    "torneoId": 120,
    "nombreTorneo": "I OPEN DE GUADALAJARA",
    "competicionId": 337,
    "nombreCompeticion": "Open Individual",
    "tipoCompeticionId": 13,
    "tipoCompeticion": "Open Individual",
    "equipoJugadores": "Oscar ARTIAGA LOPEZ",
    "equipoDTO": {
      "equipoId": 3,
      "jugadores": [
        {
          "jugadorId": 11,
          "nombreJugador": "Oscar ARTIAGA LOPEZ"
        }
      ]
    },
    "posicion": 11
  },
  {
    "torneoId": 120,
    "nombreTorneo": "I OPEN DE GUADALAJARA",
    "competicionId": 337,
    "nombreCompeticion": "Open Individual",
    "tipoCompeticionId": 13,
    "tipoCompeticion": "Open Individual",
    "equipoJugadores": "Ivan GARCIA AHIJON",
    "equipoDTO": {
      "equipoId": 1894,
      "jugadores": [
        {
          "jugadorId": 706,
          "nombreJugador": "Ivan GARCIA AHIJON"
        }
      ]
    },
    "posicion": 12
  },
  {
    "torneoId": 120,
    "nombreTorneo": "I OPEN DE GUADALAJARA",
    "competicionId": 337,
    "nombreCompeticion": "Open Individual",
    "tipoCompeticionId": 13,
    "tipoCompeticion": "Open Individual",
    "equipoJugadores": "Angel Luis COBO MUÑOZ",
    "equipoDTO": {
      "equipoId": 86,
      "jugadores": [
        {
          "jugadorId": 47,
          "nombreJugador": "Angel Luis COBO MUÑOZ"
        }
      ]
    },
    "posicion": 13
  },
  {
    "torneoId": 120,
    "nombreTorneo": "I OPEN DE GUADALAJARA",
    "competicionId": 337,
    "nombreCompeticion": "Open Individual",
    "tipoCompeticionId": 13,
    "tipoCompeticion": "Open Individual",
    "equipoJugadores": "Jose angel PARADA PARADA",
    "equipoDTO": {
      "equipoId": 1696,
      "jugadores": [
        {
          "jugadorId": 652,
          "nombreJugador": "Jose angel PARADA PARADA"
        }
      ]
    },
    "posicion": 14
  },
  {
    "torneoId": 120,
    "nombreTorneo": "I OPEN DE GUADALAJARA",
    "competicionId": 337,
    "nombreCompeticion": "Open Individual",
    "tipoCompeticionId": 13,
    "tipoCompeticion": "Open Individual",
    "equipoJugadores": "Antonio  NAVARRO PACHECA",
    "equipoDTO": {
      "equipoId": 918,
      "jugadores": [
        {
          "jugadorId": 434,
          "nombreJugador": "Antonio  NAVARRO PACHECA"
        }
      ]
    },
    "posicion": 15
  },
  {
    "torneoId": 120,
    "nombreTorneo": "I OPEN DE GUADALAJARA",
    "competicionId": 337,
    "nombreCompeticion": "Open Individual",
    "tipoCompeticionId": 13,
    "tipoCompeticion": "Open Individual",
    "equipoJugadores": "Borja RANZ GONZALEZ",
    "equipoDTO": {
      "equipoId": 952,
      "jugadores": [
        {
          "jugadorId": 468,
          "nombreJugador": "Borja RANZ GONZALEZ"
        }
      ]
    },
    "posicion": 16
  },
  {
    "torneoId": 120,
    "nombreTorneo": "I OPEN DE GUADALAJARA",
    "competicionId": 337,
    "nombreCompeticion": "Open Individual",
    "tipoCompeticionId": 13,
    "tipoCompeticion": "Open Individual",
    "equipoJugadores": "Ivan MAYORGA SANDOVAL",
    "equipoDTO": {
      "equipoId": 425,
      "jugadores": [
        {
          "jugadorId": 225,
          "nombreJugador": "Ivan MAYORGA SANDOVAL"
        }
      ]
    },
    "posicion": 17
  },
  {
    "torneoId": 120,
    "nombreTorneo": "I OPEN DE GUADALAJARA",
    "competicionId": 337,
    "nombreCompeticion": "Open Individual",
    "tipoCompeticionId": 13,
    "tipoCompeticion": "Open Individual",
    "equipoJugadores": "Roberto PARRALEJO",
    "equipoDTO": {
      "equipoId": 26,
      "jugadores": [
        {
          "jugadorId": 15,
          "nombreJugador": "Roberto PARRALEJO"
        }
      ]
    },
    "posicion": 18
  },
  {
    "torneoId": 120,
    "nombreTorneo": "I OPEN DE GUADALAJARA",
    "competicionId": 337,
    "nombreCompeticion": "Open Individual",
    "tipoCompeticionId": 13,
    "tipoCompeticion": "Open Individual",
    "equipoJugadores": "Jose Angel PEINADO",
    "equipoDTO": {
      "equipoId": 430,
      "jugadores": [
        {
          "jugadorId": 230,
          "nombreJugador": "Jose Angel PEINADO"
        }
      ]
    },
    "posicion": 19
  },
  {
    "torneoId": 120,
    "nombreTorneo": "I OPEN DE GUADALAJARA",
    "competicionId": 337,
    "nombreCompeticion": "Open Individual",
    "tipoCompeticionId": 13,
    "tipoCompeticion": "Open Individual",
    "equipoJugadores": "Jose ANDRES NADADOR",
    "equipoDTO": {
      "equipoId": 2239,
      "jugadores": [
        {
          "jugadorId": 832,
          "nombreJugador": "Jose ANDRES NADADOR"
        }
      ]
    },
    "posicion": 20
  },
  {
    "torneoId": 120,
    "nombreTorneo": "I OPEN DE GUADALAJARA",
    "competicionId": 337,
    "nombreCompeticion": "Open Individual",
    "tipoCompeticionId": 13,
    "tipoCompeticion": "Open Individual",
    "equipoJugadores": "Raul PEREZ MARTINEZ",
    "equipoDTO": {
      "equipoId": 1882,
      "jugadores": [
        {
          "jugadorId": 694,
          "nombreJugador": "Raul PEREZ MARTINEZ"
        }
      ]
    },
    "posicion": 21
  },
  {
    "torneoId": 120,
    "nombreTorneo": "I OPEN DE GUADALAJARA",
    "competicionId": 337,
    "nombreCompeticion": "Open Individual",
    "tipoCompeticionId": 13,
    "tipoCompeticion": "Open Individual",
    "equipoJugadores": "Silvestre ROSA REY",
    "equipoDTO": {
      "equipoId": 297,
      "jugadores": [
        {
          "jugadorId": 140,
          "nombreJugador": "Silvestre ROSA REY"
        }
      ]
    },
    "posicion": 22
  },
  {
    "torneoId": 120,
    "nombreTorneo": "I OPEN DE GUADALAJARA",
    "competicionId": 337,
    "nombreCompeticion": "Open Individual",
    "tipoCompeticionId": 13,
    "tipoCompeticion": "Open Individual",
    "equipoJugadores": "David ALCAZAR GONZALEZ",
    "equipoDTO": {
      "equipoId": 1883,
      "jugadores": [
        {
          "jugadorId": 695,
          "nombreJugador": "David ALCAZAR GONZALEZ"
        }
      ]
    },
    "posicion": 23
  }
]
