[
  {
    "torneoId": 122,
    "nombreTorneo": "Open Villar del Olmo 2023",
    "competicionId": 356,
    "nombreCompeticion": "OPEN DOBLES",
    "tipoCompeticionId": 1,
    "tipoCompeticion": "Open Dobles",
    "equipoJugadores": "David GAÑAN TERRON - Jorge GOMEZ LLANO",
    "equipoDTO": {
      "equipoId": 276,
      "jugadores": [
        {
          "jugadorId": 6,
          "nombreJugador": "David GAÑAN TERRON"
        },
        {
          "jugadorId": 10,
          "nombreJugador": "Jorge GOMEZ LLANO"
        }
      ]
    },
    "posicion": 1
  },
  {
    "torneoId": 122,
    "nombreTorneo": "Open Villar del Olmo 2023",
    "competicionId": 356,
    "nombreCompeticion": "OPEN DOBLES",
    "tipoCompeticionId": 1,
    "tipoCompeticion": "Open Dobles",
    "equipoJugadores": "David NIETO HERNANDEZ - Hector NUÑEZ SAEZ",
    "equipoDTO": {
      "equipoId": 355,
      "jugadores": [
        {
          "jugadorId": 3,
          "nombreJugador": "David NIETO HERNANDEZ"
        },
        {
          "jugadorId": 4,
          "nombreJugador": "Hector NUÑEZ SAEZ"
        }
      ]
    },
    "posicion": 2
  },
  {
    "torneoId": 122,
    "nombreTorneo": "Open Villar del Olmo 2023",
    "competicionId": 356,
    "nombreCompeticion": "OPEN DOBLES",
    "tipoCompeticionId": 1,
    "tipoCompeticion": "Open Dobles",
    "equipoJugadores": "Alberto CARBALLO ROBLES - Angel SÁNCHEZ JIMENEZ",
    "equipoDTO": {
      "equipoId": 2258,
      "jugadores": [
        {
          "jugadorId": 5,
          "nombreJugador": "Alberto CARBALLO ROBLES"
        },
        {
          "jugadorId": 26,
          "nombreJugador": "Angel SÁNCHEZ JIMENEZ"
        }
      ]
    },
    "posicion": 3
  },
  {
    "torneoId": 122,
    "nombreTorneo": "Open Villar del Olmo 2023",
    "competicionId": 356,
    "nombreCompeticion": "OPEN DOBLES",
    "tipoCompeticionId": 1,
    "tipoCompeticion": "Open Dobles",
    "equipoJugadores": "Javier PARADA PARADA - Jose angel PARADA PARADA",
    "equipoDTO": {
      "equipoId": 1689,
      "jugadores": [
        {
          "jugadorId": 651,
          "nombreJugador": "Javier PARADA PARADA"
        },
        {
          "jugadorId": 652,
          "nombreJugador": "Jose angel PARADA PARADA"
        }
      ]
    },
    "posicion": 4
  },
  {
    "torneoId": 122,
    "nombreTorneo": "Open Villar del Olmo 2023",
    "competicionId": 356,
    "nombreCompeticion": "OPEN DOBLES",
    "tipoCompeticionId": 1,
    "tipoCompeticion": "Open Dobles",
    "equipoJugadores": "Adrian RAMIREZ PINTADO - Angel Luis COBO MUÑOZ",
    "equipoDTO": {
      "equipoId": 58,
      "jugadores": [
        {
          "jugadorId": 46,
          "nombreJugador": "Adrian RAMIREZ PINTADO"
        },
        {
          "jugadorId": 47,
          "nombreJugador": "Angel Luis COBO MUÑOZ"
        }
      ]
    },
    "posicion": 5
  },
  {
    "torneoId": 122,
    "nombreTorneo": "Open Villar del Olmo 2023",
    "competicionId": 356,
    "nombreCompeticion": "OPEN DOBLES",
    "tipoCompeticionId": 1,
    "tipoCompeticion": "Open Dobles",
    "equipoJugadores": "David ALCAZAR GONZALEZ - Ivan GARCIA AHIJON",
    "equipoDTO": {
      "equipoId": 1912,
      "jugadores": [
        {
          "jugadorId": 695,
          "nombreJugador": "David ALCAZAR GONZALEZ"
        },
        {
          "jugadorId": 706,
          "nombreJugador": "Ivan GARCIA AHIJON"
        }
      ]
    },
    "posicion": 6
  },
  {
    "torneoId": 122,
    "nombreTorneo": "Open Villar del Olmo 2023",
    "competicionId": 356,
    "nombreCompeticion": "OPEN DOBLES",
    "tipoCompeticionId": 1,
    "tipoCompeticion": "Open Dobles",
    "equipoJugadores": "Guillermo CORDOBA RAMIRO - Carlos ARCEO YELA",
    "equipoDTO": {
      "equipoId": 2488,
      "jugadores": [
        {
          "jugadorId": 22,
          "nombreJugador": "Guillermo CORDOBA RAMIRO"
        },
        {
          "jugadorId": 56,
          "nombreJugador": "Carlos ARCEO YELA"
        }
      ]
    },
    "posicion": 7
  },
  {
    "torneoId": 122,
    "nombreTorneo": "Open Villar del Olmo 2023",
    "competicionId": 356,
    "nombreCompeticion": "OPEN DOBLES",
    "tipoCompeticionId": 1,
    "tipoCompeticion": "Open Dobles",
    "equipoJugadores": "Roberto PARRALEJO - Raul PEREZ MARTINEZ",
    "equipoDTO": {
      "equipoId": 2181,
      "jugadores": [
        {
          "jugadorId": 15,
          "nombreJugador": "Roberto PARRALEJO"
        },
        {
          "jugadorId": 694,
          "nombreJugador": "Raul PEREZ MARTINEZ"
        }
      ]
    },
    "posicion": 8
  },
  {
    "torneoId": 122,
    "nombreTorneo": "Open Villar del Olmo 2023",
    "competicionId": 356,
    "nombreCompeticion": "OPEN DOBLES",
    "tipoCompeticionId": 1,
    "tipoCompeticion": "Open Dobles",
    "equipoJugadores": "Miguel JIMÉNEZ TORRES - José Antonio PALOMAR GARCÍA",
    "equipoDTO": {
      "equipoId": 2101,
      "jugadores": [
        {
          "jugadorId": 760,
          "nombreJugador": "Miguel JIMÉNEZ TORRES"
        },
        {
          "jugadorId": 776,
          "nombreJugador": "José Antonio PALOMAR GARCÍA"
        }
      ]
    },
    "posicion": 9
  },
  {
    "torneoId": 122,
    "nombreTorneo": "Open Villar del Olmo 2023",
    "competicionId": 356,
    "nombreCompeticion": "OPEN DOBLES",
    "tipoCompeticionId": 1,
    "tipoCompeticion": "Open Dobles",
    "equipoJugadores": "Oscar ARTIAGA LOPEZ - Sebastian CHERNY CASSIN",
    "equipoDTO": {
      "equipoId": 2498,
      "jugadores": [
        {
          "jugadorId": 11,
          "nombreJugador": "Oscar ARTIAGA LOPEZ"
        },
        {
          "jugadorId": 950,
          "nombreJugador": "Sebastian CHERNY CASSIN"
        }
      ]
    },
    "posicion": 10
  },
  {
    "torneoId": 122,
    "nombreTorneo": "Open Villar del Olmo 2023",
    "competicionId": 356,
    "nombreCompeticion": "OPEN DOBLES",
    "tipoCompeticionId": 1,
    "tipoCompeticion": "Open Dobles",
    "equipoJugadores": "Bernardo PEREA PEINADO - Angel Luis COBO MORALES",
    "equipoDTO": {
      "equipoId": 1186,
      "jugadores": [
        {
          "jugadorId": 85,
          "nombreJugador": "Bernardo PEREA PEINADO"
        },
        {
          "jugadorId": 177,
          "nombreJugador": "Angel Luis COBO MORALES"
        }
      ]
    },
    "posicion": 11
  },
  {
    "torneoId": 122,
    "nombreTorneo": "Open Villar del Olmo 2023",
    "competicionId": 356,
    "nombreCompeticion": "OPEN DOBLES",
    "tipoCompeticionId": 1,
    "tipoCompeticion": "Open Dobles",
    "equipoJugadores": "Antonio MUÑOZ POZUELO - Daniel DEL AMO BERGAZ",
    "equipoDTO": {
      "equipoId": 2278,
      "jugadores": [
        {
          "jugadorId": 602,
          "nombreJugador": "Antonio MUÑOZ POZUELO"
        },
        {
          "jugadorId": 767,
          "nombreJugador": "Daniel DEL AMO BERGAZ"
        }
      ]
    },
    "posicion": 12
  },
  {
    "torneoId": 122,
    "nombreTorneo": "Open Villar del Olmo 2023",
    "competicionId": 356,
    "nombreCompeticion": "OPEN DOBLES",
    "tipoCompeticionId": 1,
    "tipoCompeticion": "Open Dobles",
    "equipoJugadores": "Melquiades FERRERO DAVILA - Ramon GONZALEZ",
    "equipoDTO": {
      "equipoId": 2510,
      "jugadores": [
        {
          "jugadorId": 970,
          "nombreJugador": "Melquiades FERRERO DAVILA"
        },
        {
          "jugadorId": 972,
          "nombreJugador": "Ramon GONZALEZ"
        }
      ]
    },
    "posicion": 13
  },
  {
    "torneoId": 122,
    "nombreTorneo": "Open Villar del Olmo 2023",
    "competicionId": 356,
    "nombreCompeticion": "OPEN DOBLES",
    "tipoCompeticionId": 1,
    "tipoCompeticion": "Open Dobles",
    "equipoJugadores": "Sergio  MAGDALENO GOMEZ - Borja RANZ GONZALEZ",
    "equipoDTO": {
      "equipoId": 1854,
      "jugadores": [
        {
          "jugadorId": 401,
          "nombreJugador": "Sergio  MAGDALENO GOMEZ"
        },
        {
          "jugadorId": 468,
          "nombreJugador": "Borja RANZ GONZALEZ"
        }
      ]
    },
    "posicion": 14
  },
  {
    "torneoId": 122,
    "nombreTorneo": "Open Villar del Olmo 2023",
    "competicionId": 356,
    "nombreCompeticion": "OPEN DOBLES",
    "tipoCompeticionId": 1,
    "tipoCompeticion": "Open Dobles",
    "equipoJugadores": "David MOYANO MORCILLO - Julio cesar RUIZ BENITO",
    "equipoDTO": {
      "equipoId": 2497,
      "jugadores": [
        {
          "jugadorId": 905,
          "nombreJugador": "David MOYANO MORCILLO"
        },
        {
          "jugadorId": 915,
          "nombreJugador": "Julio cesar RUIZ BENITO"
        }
      ]
    },
    "posicion": 15
  },
  {
    "torneoId": 122,
    "nombreTorneo": "Open Villar del Olmo 2023",
    "competicionId": 356,
    "nombreCompeticion": "OPEN DOBLES",
    "tipoCompeticionId": 1,
    "tipoCompeticion": "Open Dobles",
    "equipoJugadores": "Jesus LEON GONZALEZ - Hector GARCIA BARROSO",
    "equipoDTO": {
      "equipoId": 1905,
      "jugadores": [
        {
          "jugadorId": 226,
          "nombreJugador": "Jesus LEON GONZALEZ"
        },
        {
          "jugadorId": 707,
          "nombreJugador": "Hector GARCIA BARROSO"
        }
      ]
    },
    "posicion": 16
  },
  {
    "torneoId": 122,
    "nombreTorneo": "Open Villar del Olmo 2023",
    "competicionId": 356,
    "nombreCompeticion": "OPEN DOBLES",
    "tipoCompeticionId": 1,
    "tipoCompeticion": "Open Dobles",
    "equipoJugadores": "Jose Andres LOPEZ GONZALEZ - Juan Jose CONCEPCION GUTIERREZ",
    "equipoDTO": {
      "equipoId": 2269,
      "jugadores": [
        {
          "jugadorId": 841,
          "nombreJugador": "Jose Andres LOPEZ GONZALEZ"
        },
        {
          "jugadorId": 842,
          "nombreJugador": "Juan Jose CONCEPCION GUTIERREZ"
        }
      ]
    },
    "posicion": 17
  },
  {
    "torneoId": 122,
    "nombreTorneo": "Open Villar del Olmo 2023",
    "competicionId": 356,
    "nombreCompeticion": "OPEN DOBLES",
    "tipoCompeticionId": 1,
    "tipoCompeticion": "Open Dobles",
    "equipoJugadores": "Alex HERREROS SERRANO - Cristina SERRANO GONZALEZ",
    "equipoDTO": {
      "equipoId": 2499,
      "jugadores": [
        {
          "jugadorId": 953,
          "nombreJugador": "Alex HERREROS SERRANO"
        },
        {
          "jugadorId": 957,
          "nombreJugador": "Cristina SERRANO GONZALEZ"
        }
      ]
    },
    "posicion": 18
  },
  {
    "torneoId": 122,
    "nombreTorneo": "Open Villar del Olmo 2023",
    "competicionId": 356,
    "nombreCompeticion": "OPEN DOBLES",
    "tipoCompeticionId": 1,
    "tipoCompeticion": "Open Dobles",
    "equipoJugadores": "Izan FERRERO MOLINA - Lidia GOMEZ MOLINA",
    "equipoDTO": {
      "equipoId": 2507,
      "jugadores": [
        {
          "jugadorId": 965,
          "nombreJugador": "Izan FERRERO MOLINA"
        },
        {
          "jugadorId": 985,
          "nombreJugador": "Lidia GOMEZ MOLINA"
        }
      ]
    },
    "posicion": 19
  },
  {
    "torneoId": 122,
    "nombreTorneo": "Open Villar del Olmo 2023",
    "competicionId": 356,
    "nombreCompeticion": "OPEN DOBLES",
    "tipoCompeticionId": 1,
    "tipoCompeticion": "Open Dobles",
    "equipoJugadores": "Antonio  NAVARRO PACHECA - Domingo ROQUERO",
    "equipoDTO": {
      "equipoId": 2490,
      "jugadores": [
        {
          "jugadorId": 434,
          "nombreJugador": "Antonio  NAVARRO PACHECA"
        },
        {
          "jugadorId": 837,
          "nombreJugador": "Domingo ROQUERO"
        }
      ]
    },
    "posicion": 20
  },
  {
    "torneoId": 122,
    "nombreTorneo": "Open Villar del Olmo 2023",
    "competicionId": 356,
    "nombreCompeticion": "OPEN DOBLES",
    "tipoCompeticionId": 1,
    "tipoCompeticion": "Open Dobles",
    "equipoJugadores": "Aron MOUNTADY GONZALEZ - Daniel SICILIA ROPERO",
    "equipoDTO": {
      "equipoId": 2500,
      "jugadores": [
        {
          "jugadorId": 955,
          "nombreJugador": "Aron MOUNTADY GONZALEZ"
        },
        {
          "jugadorId": 960,
          "nombreJugador": "Daniel SICILIA ROPERO"
        }
      ]
    },
    "posicion": 21
  },
  {
    "torneoId": 122,
    "nombreTorneo": "Open Villar del Olmo 2023",
    "competicionId": 356,
    "nombreCompeticion": "OPEN DOBLES",
    "tipoCompeticionId": 1,
    "tipoCompeticion": "Open Dobles",
    "equipoJugadores": "Armando BUENO LOPEZ - Silvestre ROSA REY",
    "equipoDTO": {
      "equipoId": 1214,
      "jugadores": [
        {
          "jugadorId": 114,
          "nombreJugador": "Armando BUENO LOPEZ"
        },
        {
          "jugadorId": 140,
          "nombreJugador": "Silvestre ROSA REY"
        }
      ]
    },
    "posicion": 22
  },
  {
    "torneoId": 122,
    "nombreTorneo": "Open Villar del Olmo 2023",
    "competicionId": 356,
    "nombreCompeticion": "OPEN DOBLES",
    "tipoCompeticionId": 1,
    "tipoCompeticion": "Open Dobles",
    "equipoJugadores": "Daniel GUTIERREZ LOPEZ - Gianluca NOTARIO",
    "equipoDTO": {
      "equipoId": 2504,
      "jugadores": [
        {
          "jugadorId": 949,
          "nombreJugador": "Daniel GUTIERREZ LOPEZ"
        },
        {
          "jugadorId": 962,
          "nombreJugador": "Gianluca NOTARIO"
        }
      ]
    },
    "posicion": 23
  },
  {
    "torneoId": 122,
    "nombreTorneo": "Open Villar del Olmo 2023",
    "competicionId": 356,
    "nombreCompeticion": "OPEN DOBLES",
    "tipoCompeticionId": 1,
    "tipoCompeticion": "Open Dobles",
    "equipoJugadores": "Daniel DE LA FLOR - Daniel SERRANO DE LA CRUZ",
    "equipoDTO": {
      "equipoId": 2502,
      "jugadores": [
        {
          "jugadorId": 958,
          "nombreJugador": "Daniel DE LA FLOR"
        },
        {
          "jugadorId": 959,
          "nombreJugador": "Daniel SERRANO DE LA CRUZ"
        }
      ]
    },
    "posicion": 24
  },
  {
    "torneoId": 122,
    "nombreTorneo": "Open Villar del Olmo 2023",
    "competicionId": 356,
    "nombreCompeticion": "OPEN DOBLES",
    "tipoCompeticionId": 1,
    "tipoCompeticion": "Open Dobles",
    "equipoJugadores": "Tomas FERNANDEZ GUIRAO - Tomas FERNANDEZ ORTEGA",
    "equipoDTO": {
      "equipoId": 2496,
      "jugadores": [
        {
          "jugadorId": 897,
          "nombreJugador": "Tomas FERNANDEZ GUIRAO"
        },
        {
          "jugadorId": 951,
          "nombreJugador": "Tomas FERNANDEZ ORTEGA"
        }
      ]
    },
    "posicion": 25
  },
  {
    "torneoId": 122,
    "nombreTorneo": "Open Villar del Olmo 2023",
    "competicionId": 356,
    "nombreCompeticion": "OPEN DOBLES",
    "tipoCompeticionId": 1,
    "tipoCompeticion": "Open Dobles",
    "equipoJugadores": "Ivan MAYORGA SANDOVAL - Alicia CALVO PEREZ",
    "equipoDTO": {
      "equipoId": 2265,
      "jugadores": [
        {
          "jugadorId": 225,
          "nombreJugador": "Ivan MAYORGA SANDOVAL"
        },
        {
          "jugadorId": 828,
          "nombreJugador": "Alicia CALVO PEREZ"
        }
      ]
    },
    "posicion": 26
  },
  {
    "torneoId": 122,
    "nombreTorneo": "Open Villar del Olmo 2023",
    "competicionId": 356,
    "nombreCompeticion": "OPEN DOBLES",
    "tipoCompeticionId": 1,
    "tipoCompeticion": "Open Dobles",
    "equipoJugadores": "Eva SANCHEZ CARRASCO - Ignacio CARMONA VAZAQUEZ",
    "equipoDTO": {
      "equipoId": 2492,
      "jugadores": [
        {
          "jugadorId": 848,
          "nombreJugador": "Eva SANCHEZ CARRASCO"
        },
        {
          "jugadorId": 982,
          "nombreJugador": "Ignacio CARMONA VAZAQUEZ"
        }
      ]
    },
    "posicion": 27
  },
  {
    "torneoId": 122,
    "nombreTorneo": "Open Villar del Olmo 2023",
    "competicionId": 356,
    "nombreCompeticion": "OPEN DOBLES",
    "tipoCompeticionId": 1,
    "tipoCompeticion": "Open Dobles",
    "equipoJugadores": "Mario TERRON FUENTES - Susana SANTOS VICTOR",
    "equipoDTO": {
      "equipoId": 2494,
      "jugadores": [
        {
          "jugadorId": 759,
          "nombreJugador": "Mario TERRON FUENTES"
        },
        {
          "jugadorId": 850,
          "nombreJugador": "Susana SANTOS VICTOR"
        }
      ]
    },
    "posicion": 28
  },
  {
    "torneoId": 122,
    "nombreTorneo": "Open Villar del Olmo 2023",
    "competicionId": 356,
    "nombreCompeticion": "OPEN DOBLES",
    "tipoCompeticionId": 1,
    "tipoCompeticion": "Open Dobles",
    "equipoJugadores": "Rodrigo MARTINEZ DEL TORO - Roberto MARTINEZ ALVAREZ",
    "equipoDTO": {
      "equipoId": 2512,
      "jugadores": [
        {
          "jugadorId": 973,
          "nombreJugador": "Rodrigo MARTINEZ DEL TORO"
        },
        {
          "jugadorId": 988,
          "nombreJugador": "Roberto MARTINEZ ALVAREZ"
        }
      ]
    },
    "posicion": 29
  },
  {
    "torneoId": 122,
    "nombreTorneo": "Open Villar del Olmo 2023",
    "competicionId": 356,
    "nombreCompeticion": "OPEN DOBLES",
    "tipoCompeticionId": 1,
    "tipoCompeticion": "Open Dobles",
    "equipoJugadores": "Raquel DEL TORO SÁNCHEZ - Gema MOLINA GOMEZ",
    "equipoDTO": {
      "equipoId": 2503,
      "jugadores": [
        {
          "jugadorId": 961,
          "nombreJugador": "Raquel DEL TORO SÁNCHEZ"
        },
        {
          "jugadorId": 981,
          "nombreJugador": "Gema MOLINA GOMEZ"
        }
      ]
    },
    "posicion": 30
  },
  {
    "torneoId": 122,
    "nombreTorneo": "Open Villar del Olmo 2023",
    "competicionId": 356,
    "nombreCompeticion": "OPEN DOBLES",
    "tipoCompeticionId": 1,
    "tipoCompeticion": "Open Dobles",
    "equipoJugadores": "Tamara PLANA MONZON - Meli ALTARES TAPIA",
    "equipoDTO": {
      "equipoId": 2489,
      "jugadores": [
        {
          "jugadorId": 783,
          "nombreJugador": "Tamara PLANA MONZON"
        },
        {
          "jugadorId": 969,
          "nombreJugador": "Meli ALTARES TAPIA"
        }
      ]
    },
    "posicion": 31
  },
  {
    "torneoId": 122,
    "nombreTorneo": "Open Villar del Olmo 2023",
    "competicionId": 356,
    "nombreCompeticion": "OPEN DOBLES",
    "tipoCompeticionId": 1,
    "tipoCompeticion": "Open Dobles",
    "equipoJugadores": "Cesar BENITO BENITO - Javier ABAB GARCIA",
    "equipoDTO": {
      "equipoId": 2501,
      "jugadores": [
        {
          "jugadorId": 956,
          "nombreJugador": "Cesar BENITO BENITO"
        },
        {
          "jugadorId": 983,
          "nombreJugador": "Javier ABAB GARCIA"
        }
      ]
    },
    "posicion": 32
  },
  {
    "torneoId": 122,
    "nombreTorneo": "Open Villar del Olmo 2023",
    "competicionId": 356,
    "nombreCompeticion": "OPEN DOBLES",
    "tipoCompeticionId": 1,
    "tipoCompeticion": "Open Dobles",
    "equipoJugadores": "Leire CONCEPCION SANCHEZ - Aitana ROMERO HERNANDEZ",
    "equipoDTO": {
      "equipoId": 2493,
      "jugadores": [
        {
          "jugadorId": 849,
          "nombreJugador": "Leire CONCEPCION SANCHEZ"
        },
        {
          "jugadorId": 952,
          "nombreJugador": "Aitana ROMERO HERNANDEZ"
        }
      ]
    },
    "posicion": 33
  },
  {
    "torneoId": 122,
    "nombreTorneo": "Open Villar del Olmo 2023",
    "competicionId": 356,
    "nombreCompeticion": "OPEN DOBLES",
    "tipoCompeticionId": 1,
    "tipoCompeticion": "Open Dobles",
    "equipoJugadores": "Mario NADADOR - Aitor IDARRABA BERRIGUETE",
    "equipoDTO": {
      "equipoId": 2491,
      "jugadores": [
        {
          "jugadorId": 846,
          "nombreJugador": "Mario NADADOR"
        },
        {
          "jugadorId": 898,
          "nombreJugador": "Aitor IDARRABA BERRIGUETE"
        }
      ]
    },
    "posicion": 34
  },
  {
    "torneoId": 122,
    "nombreTorneo": "Open Villar del Olmo 2023",
    "competicionId": 356,
    "nombreCompeticion": "OPEN DOBLES",
    "tipoCompeticionId": 1,
    "tipoCompeticion": "Open Dobles",
    "equipoJugadores": "Ines MARTINEZ DEL TORO - Emma GARCIA MOLINA",
    "equipoDTO": {
      "equipoId": 2506,
      "jugadores": [
        {
          "jugadorId": 964,
          "nombreJugador": "Ines MARTINEZ DEL TORO"
        },
        {
          "jugadorId": 980,
          "nombreJugador": "Emma GARCIA MOLINA"
        }
      ]
    },
    "posicion": 35
  },
  {
    "torneoId": 122,
    "nombreTorneo": "Open Villar del Olmo 2023",
    "competicionId": 356,
    "nombreCompeticion": "OPEN DOBLES",
    "tipoCompeticionId": 1,
    "tipoCompeticion": "Open Dobles",
    "equipoJugadores": "Cindy AHKIOON - Marga DOLC",
    "equipoDTO": {
      "equipoId": 2495,
      "jugadores": [
        {
          "jugadorId": 894,
          "nombreJugador": "Cindy AHKIOON"
        },
        {
          "jugadorId": 940,
          "nombreJugador": "Marga DOLC"
        }
      ]
    },
    "posicion": 36
  },
  {
    "torneoId": 122,
    "nombreTorneo": "Open Villar del Olmo 2023",
    "competicionId": 356,
    "nombreCompeticion": "OPEN DOBLES",
    "tipoCompeticionId": 1,
    "tipoCompeticion": "Open Dobles",
    "equipoJugadores": "Iker FERRERO MOLINA - Alex GALVEZ APARICIO",
    "equipoDTO": {
      "equipoId": 2505,
      "jugadores": [
        {
          "jugadorId": 963,
          "nombreJugador": "Iker FERRERO MOLINA"
        },
        {
          "jugadorId": 975,
          "nombreJugador": "Alex GALVEZ APARICIO"
        }
      ]
    },
    "posicion": 37
  },
  {
    "torneoId": 122,
    "nombreTorneo": "Open Villar del Olmo 2023",
    "competicionId": 356,
    "nombreCompeticion": "OPEN DOBLES",
    "tipoCompeticionId": 1,
    "tipoCompeticion": "Open Dobles",
    "equipoJugadores": "Laura GOMEZ GARCIA - Thais GOMEZ DUEÑAS",
    "equipoDTO": {
      "equipoId": 2509,
      "jugadores": [
        {
          "jugadorId": 967,
          "nombreJugador": "Laura GOMEZ GARCIA"
        },
        {
          "jugadorId": 989,
          "nombreJugador": "Thais GOMEZ DUEÑAS"
        }
      ]
    },
    "posicion": 38
  },
  {
    "torneoId": 122,
    "nombreTorneo": "Open Villar del Olmo 2023",
    "competicionId": 356,
    "nombreCompeticion": "OPEN DOBLES",
    "tipoCompeticionId": 1,
    "tipoCompeticion": "Open Dobles",
    "equipoJugadores": "Pedro ROMERO HERNADEZ - Diego PEREZ PARIS",
    "equipoDTO": {
      "equipoId": 2511,
      "jugadores": [
        {
          "jugadorId": 971,
          "nombreJugador": "Pedro ROMERO HERNADEZ"
        },
        {
          "jugadorId": 979,
          "nombreJugador": "Diego PEREZ PARIS"
        }
      ]
    },
    "posicion": 39
  },
  {
    "torneoId": 122,
    "nombreTorneo": "Open Villar del Olmo 2023",
    "competicionId": 356,
    "nombreCompeticion": "OPEN DOBLES",
    "tipoCompeticionId": 1,
    "tipoCompeticion": "Open Dobles",
    "equipoJugadores": "Juan carlos PEREZ GARCIA - Maria isabel PARIS ZAFRA",
    "equipoDTO": {
      "equipoId": 2508,
      "jugadores": [
        {
          "jugadorId": 966,
          "nombreJugador": "Juan carlos PEREZ GARCIA"
        },
        {
          "jugadorId": 986,
          "nombreJugador": "Maria isabel PARIS ZAFRA"
        }
      ]
    },
    "posicion": 40
  },
  {
    "torneoId": 122,
    "nombreTorneo": "Open Villar del Olmo 2023",
    "competicionId": 360,
    "nombreCompeticion": "AMATER DOBLES",
    "tipoCompeticionId": 2,
    "tipoCompeticion": "Amater Dobles",
    "equipoJugadores": "Sergio  MAGDALENO GOMEZ - Borja RANZ GONZALEZ",
    "equipoDTO": {
      "equipoId": 1854,
      "jugadores": [
        {
          "jugadorId": 401,
          "nombreJugador": "Sergio  MAGDALENO GOMEZ"
        },
        {
          "jugadorId": 468,
          "nombreJugador": "Borja RANZ GONZALEZ"
        }
      ]
    },
    "posicion": 1
  },
  {
    "torneoId": 122,
    "nombreTorneo": "Open Villar del Olmo 2023",
    "competicionId": 360,
    "nombreCompeticion": "AMATER DOBLES",
    "tipoCompeticionId": 2,
    "tipoCompeticion": "Amater Dobles",
    "equipoJugadores": "Jesus LEON GONZALEZ - Hector GARCIA BARROSO",
    "equipoDTO": {
      "equipoId": 1905,
      "jugadores": [
        {
          "jugadorId": 226,
          "nombreJugador": "Jesus LEON GONZALEZ"
        },
        {
          "jugadorId": 707,
          "nombreJugador": "Hector GARCIA BARROSO"
        }
      ]
    },
    "posicion": 2
  },
  {
    "torneoId": 122,
    "nombreTorneo": "Open Villar del Olmo 2023",
    "competicionId": 360,
    "nombreCompeticion": "AMATER DOBLES",
    "tipoCompeticionId": 2,
    "tipoCompeticion": "Amater Dobles",
    "equipoJugadores": "Miguel JIMÉNEZ TORRES - José Antonio PALOMAR GARCÍA",
    "equipoDTO": {
      "equipoId": 2101,
      "jugadores": [
        {
          "jugadorId": 760,
          "nombreJugador": "Miguel JIMÉNEZ TORRES"
        },
        {
          "jugadorId": 776,
          "nombreJugador": "José Antonio PALOMAR GARCÍA"
        }
      ]
    },
    "posicion": 3
  },
  {
    "torneoId": 122,
    "nombreTorneo": "Open Villar del Olmo 2023",
    "competicionId": 360,
    "nombreCompeticion": "AMATER DOBLES",
    "tipoCompeticionId": 2,
    "tipoCompeticion": "Amater Dobles",
    "equipoJugadores": "Ivan MAYORGA SANDOVAL - Alicia CALVO PEREZ",
    "equipoDTO": {
      "equipoId": 2265,
      "jugadores": [
        {
          "jugadorId": 225,
          "nombreJugador": "Ivan MAYORGA SANDOVAL"
        },
        {
          "jugadorId": 828,
          "nombreJugador": "Alicia CALVO PEREZ"
        }
      ]
    },
    "posicion": 4
  },
  {
    "torneoId": 122,
    "nombreTorneo": "Open Villar del Olmo 2023",
    "competicionId": 360,
    "nombreCompeticion": "AMATER DOBLES",
    "tipoCompeticionId": 2,
    "tipoCompeticion": "Amater Dobles",
    "equipoJugadores": "Sergio ARROYO OREJA - Mario TERRON FUENTES",
    "equipoDTO": {
      "equipoId": 2560,
      "jugadores": [
        {
          "jugadorId": 740,
          "nombreJugador": "Sergio ARROYO OREJA"
        },
        {
          "jugadorId": 759,
          "nombreJugador": "Mario TERRON FUENTES"
        }
      ]
    },
    "posicion": 5
  },
  {
    "torneoId": 122,
    "nombreTorneo": "Open Villar del Olmo 2023",
    "competicionId": 360,
    "nombreCompeticion": "AMATER DOBLES",
    "tipoCompeticionId": 2,
    "tipoCompeticion": "Amater Dobles",
    "equipoJugadores": "Silvestre ROSA REY - Raul PEREZ MARTINEZ",
    "equipoDTO": {
      "equipoId": 2209,
      "jugadores": [
        {
          "jugadorId": 140,
          "nombreJugador": "Silvestre ROSA REY"
        },
        {
          "jugadorId": 694,
          "nombreJugador": "Raul PEREZ MARTINEZ"
        }
      ]
    },
    "posicion": 6
  },
  {
    "torneoId": 122,
    "nombreTorneo": "Open Villar del Olmo 2023",
    "competicionId": 360,
    "nombreCompeticion": "AMATER DOBLES",
    "tipoCompeticionId": 2,
    "tipoCompeticion": "Amater Dobles",
    "equipoJugadores": "Roberto PARRALEJO - Armando BUENO LOPEZ",
    "equipoDTO": {
      "equipoId": 1986,
      "jugadores": [
        {
          "jugadorId": 15,
          "nombreJugador": "Roberto PARRALEJO"
        },
        {
          "jugadorId": 114,
          "nombreJugador": "Armando BUENO LOPEZ"
        }
      ]
    },
    "posicion": 7
  },
  {
    "torneoId": 122,
    "nombreTorneo": "Open Villar del Olmo 2023",
    "competicionId": 360,
    "nombreCompeticion": "AMATER DOBLES",
    "tipoCompeticionId": 2,
    "tipoCompeticion": "Amater Dobles",
    "equipoJugadores": "Antonio  NAVARRO PACHECA - Melquiades FERRERO DAVILA",
    "equipoDTO": {
      "equipoId": 2559,
      "jugadores": [
        {
          "jugadorId": 434,
          "nombreJugador": "Antonio  NAVARRO PACHECA"
        },
        {
          "jugadorId": 970,
          "nombreJugador": "Melquiades FERRERO DAVILA"
        }
      ]
    },
    "posicion": 8
  },
  {
    "torneoId": 122,
    "nombreTorneo": "Open Villar del Olmo 2023",
    "competicionId": 360,
    "nombreCompeticion": "AMATER DOBLES",
    "tipoCompeticionId": 2,
    "tipoCompeticion": "Amater Dobles",
    "equipoJugadores": "Sergio MANSILLA PEREZ - Pedro pablo MORATILLA",
    "equipoDTO": {
      "equipoId": 2563,
      "jugadores": [
        {
          "jugadorId": 974,
          "nombreJugador": "Sergio MANSILLA PEREZ"
        },
        {
          "jugadorId": 987,
          "nombreJugador": "Pedro pablo MORATILLA"
        }
      ]
    },
    "posicion": 9
  },
  {
    "torneoId": 122,
    "nombreTorneo": "Open Villar del Olmo 2023",
    "competicionId": 360,
    "nombreCompeticion": "AMATER DOBLES",
    "tipoCompeticionId": 2,
    "tipoCompeticion": "Amater Dobles",
    "equipoJugadores": "Jose Andres LOPEZ GONZALEZ - Juan Jose CONCEPCION GUTIERREZ",
    "equipoDTO": {
      "equipoId": 2269,
      "jugadores": [
        {
          "jugadorId": 841,
          "nombreJugador": "Jose Andres LOPEZ GONZALEZ"
        },
        {
          "jugadorId": 842,
          "nombreJugador": "Juan Jose CONCEPCION GUTIERREZ"
        }
      ]
    },
    "posicion": 10
  },
  {
    "torneoId": 122,
    "nombreTorneo": "Open Villar del Olmo 2023",
    "competicionId": 360,
    "nombreCompeticion": "AMATER DOBLES",
    "tipoCompeticionId": 2,
    "tipoCompeticion": "Amater Dobles",
    "equipoJugadores": "Tamara PLANA MONZON - Meli ALTARES TAPIA",
    "equipoDTO": {
      "equipoId": 2489,
      "jugadores": [
        {
          "jugadorId": 783,
          "nombreJugador": "Tamara PLANA MONZON"
        },
        {
          "jugadorId": 969,
          "nombreJugador": "Meli ALTARES TAPIA"
        }
      ]
    },
    "posicion": 11
  },
  {
    "torneoId": 122,
    "nombreTorneo": "Open Villar del Olmo 2023",
    "competicionId": 360,
    "nombreCompeticion": "AMATER DOBLES",
    "tipoCompeticionId": 2,
    "tipoCompeticion": "Amater Dobles",
    "equipoJugadores": "Antonio MUÑOZ POZUELO - Daniel DEL AMO BERGAZ",
    "equipoDTO": {
      "equipoId": 2278,
      "jugadores": [
        {
          "jugadorId": 602,
          "nombreJugador": "Antonio MUÑOZ POZUELO"
        },
        {
          "jugadorId": 767,
          "nombreJugador": "Daniel DEL AMO BERGAZ"
        }
      ]
    },
    "posicion": 12
  },
  {
    "torneoId": 122,
    "nombreTorneo": "Open Villar del Olmo 2023",
    "competicionId": 360,
    "nombreCompeticion": "AMATER DOBLES",
    "tipoCompeticionId": 2,
    "tipoCompeticion": "Amater Dobles",
    "equipoJugadores": "Cesar BENITO BENITO - Javier ABAB GARCIA",
    "equipoDTO": {
      "equipoId": 2501,
      "jugadores": [
        {
          "jugadorId": 956,
          "nombreJugador": "Cesar BENITO BENITO"
        },
        {
          "jugadorId": 983,
          "nombreJugador": "Javier ABAB GARCIA"
        }
      ]
    },
    "posicion": 13
  },
  {
    "torneoId": 122,
    "nombreTorneo": "Open Villar del Olmo 2023",
    "competicionId": 360,
    "nombreCompeticion": "AMATER DOBLES",
    "tipoCompeticionId": 2,
    "tipoCompeticion": "Amater Dobles",
    "equipoJugadores": "Ines MARTINEZ DEL TORO - Emma GARCIA MOLINA",
    "equipoDTO": {
      "equipoId": 2506,
      "jugadores": [
        {
          "jugadorId": 964,
          "nombreJugador": "Ines MARTINEZ DEL TORO"
        },
        {
          "jugadorId": 980,
          "nombreJugador": "Emma GARCIA MOLINA"
        }
      ]
    },
    "posicion": 14
  },
  {
    "torneoId": 122,
    "nombreTorneo": "Open Villar del Olmo 2023",
    "competicionId": 360,
    "nombreCompeticion": "AMATER DOBLES",
    "tipoCompeticionId": 2,
    "tipoCompeticion": "Amater Dobles",
    "equipoJugadores": "Daniel GUTIERREZ LOPEZ - Alvaro CHICO PEREZ",
    "equipoDTO": {
      "equipoId": 2561,
      "jugadores": [
        {
          "jugadorId": 949,
          "nombreJugador": "Daniel GUTIERREZ LOPEZ"
        },
        {
          "jugadorId": 976,
          "nombreJugador": "Alvaro CHICO PEREZ"
        }
      ]
    },
    "posicion": 15
  },
  {
    "torneoId": 122,
    "nombreTorneo": "Open Villar del Olmo 2023",
    "competicionId": 360,
    "nombreCompeticion": "AMATER DOBLES",
    "tipoCompeticionId": 2,
    "tipoCompeticion": "Amater Dobles",
    "equipoJugadores": "Alex HERREROS SERRANO - Cristina SERRANO GONZALEZ",
    "equipoDTO": {
      "equipoId": 2499,
      "jugadores": [
        {
          "jugadorId": 953,
          "nombreJugador": "Alex HERREROS SERRANO"
        },
        {
          "jugadorId": 957,
          "nombreJugador": "Cristina SERRANO GONZALEZ"
        }
      ]
    },
    "posicion": 16
  },
  {
    "torneoId": 122,
    "nombreTorneo": "Open Villar del Olmo 2023",
    "competicionId": 360,
    "nombreCompeticion": "AMATER DOBLES",
    "tipoCompeticionId": 2,
    "tipoCompeticion": "Amater Dobles",
    "equipoJugadores": "Tomas FERNANDEZ GUIRAO - Tomas FERNANDEZ ORTEGA",
    "equipoDTO": {
      "equipoId": 2496,
      "jugadores": [
        {
          "jugadorId": 897,
          "nombreJugador": "Tomas FERNANDEZ GUIRAO"
        },
        {
          "jugadorId": 951,
          "nombreJugador": "Tomas FERNANDEZ ORTEGA"
        }
      ]
    },
    "posicion": 17
  },
  {
    "torneoId": 122,
    "nombreTorneo": "Open Villar del Olmo 2023",
    "competicionId": 360,
    "nombreCompeticion": "AMATER DOBLES",
    "tipoCompeticionId": 2,
    "tipoCompeticion": "Amater Dobles",
    "equipoJugadores": "Cindy AHKIOON - Marga DOLC",
    "equipoDTO": {
      "equipoId": 2495,
      "jugadores": [
        {
          "jugadorId": 894,
          "nombreJugador": "Cindy AHKIOON"
        },
        {
          "jugadorId": 940,
          "nombreJugador": "Marga DOLC"
        }
      ]
    },
    "posicion": 18
  },
  {
    "torneoId": 122,
    "nombreTorneo": "Open Villar del Olmo 2023",
    "competicionId": 360,
    "nombreCompeticion": "AMATER DOBLES",
    "tipoCompeticionId": 2,
    "tipoCompeticion": "Amater Dobles",
    "equipoJugadores": "Izan FERRERO MOLINA - Lidia GOMEZ MOLINA",
    "equipoDTO": {
      "equipoId": 2507,
      "jugadores": [
        {
          "jugadorId": 965,
          "nombreJugador": "Izan FERRERO MOLINA"
        },
        {
          "jugadorId": 985,
          "nombreJugador": "Lidia GOMEZ MOLINA"
        }
      ]
    },
    "posicion": 19
  },
  {
    "torneoId": 122,
    "nombreTorneo": "Open Villar del Olmo 2023",
    "competicionId": 360,
    "nombreCompeticion": "AMATER DOBLES",
    "tipoCompeticionId": 2,
    "tipoCompeticion": "Amater Dobles",
    "equipoJugadores": "David MOYANO MORCILLO - Julio cesar RUIZ BENITO",
    "equipoDTO": {
      "equipoId": 2497,
      "jugadores": [
        {
          "jugadorId": 905,
          "nombreJugador": "David MOYANO MORCILLO"
        },
        {
          "jugadorId": 915,
          "nombreJugador": "Julio cesar RUIZ BENITO"
        }
      ]
    },
    "posicion": 20
  },
  {
    "torneoId": 122,
    "nombreTorneo": "Open Villar del Olmo 2023",
    "competicionId": 360,
    "nombreCompeticion": "AMATER DOBLES",
    "tipoCompeticionId": 2,
    "tipoCompeticion": "Amater Dobles",
    "equipoJugadores": "Mario NADADOR - Aitor IDARRABA BERRIGUETE",
    "equipoDTO": {
      "equipoId": 2491,
      "jugadores": [
        {
          "jugadorId": 846,
          "nombreJugador": "Mario NADADOR"
        },
        {
          "jugadorId": 898,
          "nombreJugador": "Aitor IDARRABA BERRIGUETE"
        }
      ]
    },
    "posicion": 21
  },
  {
    "torneoId": 122,
    "nombreTorneo": "Open Villar del Olmo 2023",
    "competicionId": 360,
    "nombreCompeticion": "AMATER DOBLES",
    "tipoCompeticionId": 2,
    "tipoCompeticion": "Amater Dobles",
    "equipoJugadores": "Aron MOUNTADY GONZALEZ - Daniel SICILIA ROPERO",
    "equipoDTO": {
      "equipoId": 2500,
      "jugadores": [
        {
          "jugadorId": 955,
          "nombreJugador": "Aron MOUNTADY GONZALEZ"
        },
        {
          "jugadorId": 960,
          "nombreJugador": "Daniel SICILIA ROPERO"
        }
      ]
    },
    "posicion": 22
  },
  {
    "torneoId": 122,
    "nombreTorneo": "Open Villar del Olmo 2023",
    "competicionId": 360,
    "nombreCompeticion": "AMATER DOBLES",
    "tipoCompeticionId": 2,
    "tipoCompeticion": "Amater Dobles",
    "equipoJugadores": "Iker FERRERO MOLINA - Alex GALVEZ APARICIO",
    "equipoDTO": {
      "equipoId": 2505,
      "jugadores": [
        {
          "jugadorId": 963,
          "nombreJugador": "Iker FERRERO MOLINA"
        },
        {
          "jugadorId": 975,
          "nombreJugador": "Alex GALVEZ APARICIO"
        }
      ]
    },
    "posicion": 23
  },
  {
    "torneoId": 122,
    "nombreTorneo": "Open Villar del Olmo 2023",
    "competicionId": 360,
    "nombreCompeticion": "AMATER DOBLES",
    "tipoCompeticionId": 2,
    "tipoCompeticion": "Amater Dobles",
    "equipoJugadores": "Domingo ROQUERO - Ramon GONZALEZ",
    "equipoDTO": {
      "equipoId": 2562,
      "jugadores": [
        {
          "jugadorId": 837,
          "nombreJugador": "Domingo ROQUERO"
        },
        {
          "jugadorId": 972,
          "nombreJugador": "Ramon GONZALEZ"
        }
      ]
    },
    "posicion": 24
  },
  {
    "torneoId": 122,
    "nombreTorneo": "Open Villar del Olmo 2023",
    "competicionId": 360,
    "nombreCompeticion": "AMATER DOBLES",
    "tipoCompeticionId": 2,
    "tipoCompeticion": "Amater Dobles",
    "equipoJugadores": "Pedro ROMERO HERNADEZ - Diego PEREZ PARIS",
    "equipoDTO": {
      "equipoId": 2511,
      "jugadores": [
        {
          "jugadorId": 971,
          "nombreJugador": "Pedro ROMERO HERNADEZ"
        },
        {
          "jugadorId": 979,
          "nombreJugador": "Diego PEREZ PARIS"
        }
      ]
    },
    "posicion": 25
  },
  {
    "torneoId": 122,
    "nombreTorneo": "Open Villar del Olmo 2023",
    "competicionId": 357,
    "nombreCompeticion": "ROOKIE DOBLES",
    "tipoCompeticionId": 10,
    "tipoCompeticion": "Rookie Dobles",
    "equipoJugadores": "Jesus LEON GONZALEZ - Sergio ARROYO OREJA",
    "equipoDTO": {
      "equipoId": 2554,
      "jugadores": [
        {
          "jugadorId": 226,
          "nombreJugador": "Jesus LEON GONZALEZ"
        },
        {
          "jugadorId": 740,
          "nombreJugador": "Sergio ARROYO OREJA"
        }
      ]
    },
    "posicion": 1
  },
  {
    "torneoId": 122,
    "nombreTorneo": "Open Villar del Olmo 2023",
    "competicionId": 357,
    "nombreCompeticion": "ROOKIE DOBLES",
    "tipoCompeticionId": 10,
    "tipoCompeticion": "Rookie Dobles",
    "equipoJugadores": "Tomas FERNANDEZ GUIRAO - Tomas FERNANDEZ ORTEGA",
    "equipoDTO": {
      "equipoId": 2496,
      "jugadores": [
        {
          "jugadorId": 897,
          "nombreJugador": "Tomas FERNANDEZ GUIRAO"
        },
        {
          "jugadorId": 951,
          "nombreJugador": "Tomas FERNANDEZ ORTEGA"
        }
      ]
    },
    "posicion": 2
  },
  {
    "torneoId": 122,
    "nombreTorneo": "Open Villar del Olmo 2023",
    "competicionId": 357,
    "nombreCompeticion": "ROOKIE DOBLES",
    "tipoCompeticionId": 10,
    "tipoCompeticion": "Rookie Dobles",
    "equipoJugadores": "Sergio  MAGDALENO GOMEZ - Borja RANZ GONZALEZ",
    "equipoDTO": {
      "equipoId": 1854,
      "jugadores": [
        {
          "jugadorId": 401,
          "nombreJugador": "Sergio  MAGDALENO GOMEZ"
        },
        {
          "jugadorId": 468,
          "nombreJugador": "Borja RANZ GONZALEZ"
        }
      ]
    },
    "posicion": 3
  },
  {
    "torneoId": 122,
    "nombreTorneo": "Open Villar del Olmo 2023",
    "competicionId": 357,
    "nombreCompeticion": "ROOKIE DOBLES",
    "tipoCompeticionId": 10,
    "tipoCompeticion": "Rookie Dobles",
    "equipoJugadores": "Ivan MAYORGA SANDOVAL - Alicia CALVO PEREZ",
    "equipoDTO": {
      "equipoId": 2265,
      "jugadores": [
        {
          "jugadorId": 225,
          "nombreJugador": "Ivan MAYORGA SANDOVAL"
        },
        {
          "jugadorId": 828,
          "nombreJugador": "Alicia CALVO PEREZ"
        }
      ]
    },
    "posicion": 4
  },
  {
    "torneoId": 122,
    "nombreTorneo": "Open Villar del Olmo 2023",
    "competicionId": 357,
    "nombreCompeticion": "ROOKIE DOBLES",
    "tipoCompeticionId": 10,
    "tipoCompeticion": "Rookie Dobles",
    "equipoJugadores": "Jose Andres LOPEZ GONZALEZ - Juan Jose CONCEPCION GUTIERREZ",
    "equipoDTO": {
      "equipoId": 2269,
      "jugadores": [
        {
          "jugadorId": 841,
          "nombreJugador": "Jose Andres LOPEZ GONZALEZ"
        },
        {
          "jugadorId": 842,
          "nombreJugador": "Juan Jose CONCEPCION GUTIERREZ"
        }
      ]
    },
    "posicion": 5
  },
  {
    "torneoId": 122,
    "nombreTorneo": "Open Villar del Olmo 2023",
    "competicionId": 357,
    "nombreCompeticion": "ROOKIE DOBLES",
    "tipoCompeticionId": 10,
    "tipoCompeticion": "Rookie Dobles",
    "equipoJugadores": "Antonio MUÑOZ POZUELO - Daniel DEL AMO BERGAZ",
    "equipoDTO": {
      "equipoId": 2278,
      "jugadores": [
        {
          "jugadorId": 602,
          "nombreJugador": "Antonio MUÑOZ POZUELO"
        },
        {
          "jugadorId": 767,
          "nombreJugador": "Daniel DEL AMO BERGAZ"
        }
      ]
    },
    "posicion": 6
  },
  {
    "torneoId": 122,
    "nombreTorneo": "Open Villar del Olmo 2023",
    "competicionId": 357,
    "nombreCompeticion": "ROOKIE DOBLES",
    "tipoCompeticionId": 10,
    "tipoCompeticion": "Rookie Dobles",
    "equipoJugadores": "Tamara PLANA MONZON - Meli ALTARES TAPIA",
    "equipoDTO": {
      "equipoId": 2489,
      "jugadores": [
        {
          "jugadorId": 783,
          "nombreJugador": "Tamara PLANA MONZON"
        },
        {
          "jugadorId": 969,
          "nombreJugador": "Meli ALTARES TAPIA"
        }
      ]
    },
    "posicion": 7
  },
  {
    "torneoId": 122,
    "nombreTorneo": "Open Villar del Olmo 2023",
    "competicionId": 357,
    "nombreCompeticion": "ROOKIE DOBLES",
    "tipoCompeticionId": 10,
    "tipoCompeticion": "Rookie Dobles",
    "equipoJugadores": "Daniel DE LA FLOR - Daniel SERRANO DE LA CRUZ",
    "equipoDTO": {
      "equipoId": 2502,
      "jugadores": [
        {
          "jugadorId": 958,
          "nombreJugador": "Daniel DE LA FLOR"
        },
        {
          "jugadorId": 959,
          "nombreJugador": "Daniel SERRANO DE LA CRUZ"
        }
      ]
    },
    "posicion": 8
  },
  {
    "torneoId": 122,
    "nombreTorneo": "Open Villar del Olmo 2023",
    "competicionId": 357,
    "nombreCompeticion": "ROOKIE DOBLES",
    "tipoCompeticionId": 10,
    "tipoCompeticion": "Rookie Dobles",
    "equipoJugadores": "Silvestre ROSA REY - Daniel GUTIERREZ LOPEZ",
    "equipoDTO": {
      "equipoId": 2557,
      "jugadores": [
        {
          "jugadorId": 140,
          "nombreJugador": "Silvestre ROSA REY"
        },
        {
          "jugadorId": 949,
          "nombreJugador": "Daniel GUTIERREZ LOPEZ"
        }
      ]
    },
    "posicion": 9
  },
  {
    "torneoId": 122,
    "nombreTorneo": "Open Villar del Olmo 2023",
    "competicionId": 357,
    "nombreCompeticion": "ROOKIE DOBLES",
    "tipoCompeticionId": 10,
    "tipoCompeticion": "Rookie Dobles",
    "equipoJugadores": "Domingo ROQUERO - Melquiades FERRERO DAVILA",
    "equipoDTO": {
      "equipoId": 2558,
      "jugadores": [
        {
          "jugadorId": 837,
          "nombreJugador": "Domingo ROQUERO"
        },
        {
          "jugadorId": 970,
          "nombreJugador": "Melquiades FERRERO DAVILA"
        }
      ]
    },
    "posicion": 10
  },
  {
    "torneoId": 122,
    "nombreTorneo": "Open Villar del Olmo 2023",
    "competicionId": 357,
    "nombreCompeticion": "ROOKIE DOBLES",
    "tipoCompeticionId": 10,
    "tipoCompeticion": "Rookie Dobles",
    "equipoJugadores": "Sergio MUÑOZ ARENAS - Benjamin GOMEZ MARTINEZ",
    "equipoDTO": {
      "equipoId": 2556,
      "jugadores": [
        {
          "jugadorId": 947,
          "nombreJugador": "Sergio MUÑOZ ARENAS"
        },
        {
          "jugadorId": 977,
          "nombreJugador": "Benjamin GOMEZ MARTINEZ"
        }
      ]
    },
    "posicion": 11
  },
  {
    "torneoId": 122,
    "nombreTorneo": "Open Villar del Olmo 2023",
    "competicionId": 357,
    "nombreCompeticion": "ROOKIE DOBLES",
    "tipoCompeticionId": 10,
    "tipoCompeticion": "Rookie Dobles",
    "equipoJugadores": "Antonio  NAVARRO PACHECA - Mario TERRON FUENTES",
    "equipoDTO": {
      "equipoId": 2555,
      "jugadores": [
        {
          "jugadorId": 434,
          "nombreJugador": "Antonio  NAVARRO PACHECA"
        },
        {
          "jugadorId": 759,
          "nombreJugador": "Mario TERRON FUENTES"
        }
      ]
    },
    "posicion": 12
  },
  {
    "torneoId": 122,
    "nombreTorneo": "Open Villar del Olmo 2023",
    "competicionId": 357,
    "nombreCompeticion": "ROOKIE DOBLES",
    "tipoCompeticionId": 10,
    "tipoCompeticion": "Rookie Dobles",
    "equipoJugadores": "Alex HERREROS SERRANO - Cristina SERRANO GONZALEZ",
    "equipoDTO": {
      "equipoId": 2499,
      "jugadores": [
        {
          "jugadorId": 953,
          "nombreJugador": "Alex HERREROS SERRANO"
        },
        {
          "jugadorId": 957,
          "nombreJugador": "Cristina SERRANO GONZALEZ"
        }
      ]
    },
    "posicion": 13
  },
  {
    "torneoId": 122,
    "nombreTorneo": "Open Villar del Olmo 2023",
    "competicionId": 357,
    "nombreCompeticion": "ROOKIE DOBLES",
    "tipoCompeticionId": 10,
    "tipoCompeticion": "Rookie Dobles",
    "equipoJugadores": "Pedro ROMERO HERNADEZ - Diego PEREZ PARIS",
    "equipoDTO": {
      "equipoId": 2511,
      "jugadores": [
        {
          "jugadorId": 971,
          "nombreJugador": "Pedro ROMERO HERNADEZ"
        },
        {
          "jugadorId": 979,
          "nombreJugador": "Diego PEREZ PARIS"
        }
      ]
    },
    "posicion": 14
  },
  {
    "torneoId": 122,
    "nombreTorneo": "Open Villar del Olmo 2023",
    "competicionId": 357,
    "nombreCompeticion": "ROOKIE DOBLES",
    "tipoCompeticionId": 10,
    "tipoCompeticion": "Rookie Dobles",
    "equipoJugadores": "Izan FERRERO MOLINA - Lidia GOMEZ MOLINA",
    "equipoDTO": {
      "equipoId": 2507,
      "jugadores": [
        {
          "jugadorId": 965,
          "nombreJugador": "Izan FERRERO MOLINA"
        },
        {
          "jugadorId": 985,
          "nombreJugador": "Lidia GOMEZ MOLINA"
        }
      ]
    },
    "posicion": 15
  },
  {
    "torneoId": 122,
    "nombreTorneo": "Open Villar del Olmo 2023",
    "competicionId": 357,
    "nombreCompeticion": "ROOKIE DOBLES",
    "tipoCompeticionId": 10,
    "tipoCompeticion": "Rookie Dobles",
    "equipoJugadores": "Aron MOUNTADY GONZALEZ - Daniel SICILIA ROPERO",
    "equipoDTO": {
      "equipoId": 2500,
      "jugadores": [
        {
          "jugadorId": 955,
          "nombreJugador": "Aron MOUNTADY GONZALEZ"
        },
        {
          "jugadorId": 960,
          "nombreJugador": "Daniel SICILIA ROPERO"
        }
      ]
    },
    "posicion": 16
  },
  {
    "torneoId": 122,
    "nombreTorneo": "Open Villar del Olmo 2023",
    "competicionId": 357,
    "nombreCompeticion": "ROOKIE DOBLES",
    "tipoCompeticionId": 10,
    "tipoCompeticion": "Rookie Dobles",
    "equipoJugadores": "Ines MARTINEZ DEL TORO - Emma GARCIA MOLINA",
    "equipoDTO": {
      "equipoId": 2506,
      "jugadores": [
        {
          "jugadorId": 964,
          "nombreJugador": "Ines MARTINEZ DEL TORO"
        },
        {
          "jugadorId": 980,
          "nombreJugador": "Emma GARCIA MOLINA"
        }
      ]
    },
    "posicion": 17
  },
  {
    "torneoId": 122,
    "nombreTorneo": "Open Villar del Olmo 2023",
    "competicionId": 357,
    "nombreCompeticion": "ROOKIE DOBLES",
    "tipoCompeticionId": 10,
    "tipoCompeticion": "Rookie Dobles",
    "equipoJugadores": "David MOYANO MORCILLO - Julio cesar RUIZ BENITO",
    "equipoDTO": {
      "equipoId": 2497,
      "jugadores": [
        {
          "jugadorId": 905,
          "nombreJugador": "David MOYANO MORCILLO"
        },
        {
          "jugadorId": 915,
          "nombreJugador": "Julio cesar RUIZ BENITO"
        }
      ]
    },
    "posicion": 18
  },
  {
    "torneoId": 122,
    "nombreTorneo": "Open Villar del Olmo 2023",
    "competicionId": 357,
    "nombreCompeticion": "ROOKIE DOBLES",
    "tipoCompeticionId": 10,
    "tipoCompeticion": "Rookie Dobles",
    "equipoJugadores": "Cindy AHKIOON - Marga DOLC",
    "equipoDTO": {
      "equipoId": 2495,
      "jugadores": [
        {
          "jugadorId": 894,
          "nombreJugador": "Cindy AHKIOON"
        },
        {
          "jugadorId": 940,
          "nombreJugador": "Marga DOLC"
        }
      ]
    },
    "posicion": 19
  },
  {
    "torneoId": 122,
    "nombreTorneo": "Open Villar del Olmo 2023",
    "competicionId": 357,
    "nombreCompeticion": "ROOKIE DOBLES",
    "tipoCompeticionId": 10,
    "tipoCompeticion": "Rookie Dobles",
    "equipoJugadores": "Mario NADADOR - Aitor IDARRABA BERRIGUETE",
    "equipoDTO": {
      "equipoId": 2491,
      "jugadores": [
        {
          "jugadorId": 846,
          "nombreJugador": "Mario NADADOR"
        },
        {
          "jugadorId": 898,
          "nombreJugador": "Aitor IDARRABA BERRIGUETE"
        }
      ]
    },
    "posicion": 20
  },
  {
    "torneoId": 122,
    "nombreTorneo": "Open Villar del Olmo 2023",
    "competicionId": 357,
    "nombreCompeticion": "ROOKIE DOBLES",
    "tipoCompeticionId": 10,
    "tipoCompeticion": "Rookie Dobles",
    "equipoJugadores": "Cesar BENITO BENITO - Javier ABAB GARCIA",
    "equipoDTO": {
      "equipoId": 2501,
      "jugadores": [
        {
          "jugadorId": 956,
          "nombreJugador": "Cesar BENITO BENITO"
        },
        {
          "jugadorId": 983,
          "nombreJugador": "Javier ABAB GARCIA"
        }
      ]
    },
    "posicion": 21
  },
  {
    "torneoId": 122,
    "nombreTorneo": "Open Villar del Olmo 2023",
    "competicionId": 361,
    "nombreCompeticion": "FEMENINO DOBLES",
    "tipoCompeticionId": 6,
    "tipoCompeticion": "Women Dobles",
    "equipoJugadores": "Tamara PLANA MONZON - Meli ALTARES TAPIA",
    "equipoDTO": {
      "equipoId": 2489,
      "jugadores": [
        {
          "jugadorId": 783,
          "nombreJugador": "Tamara PLANA MONZON"
        },
        {
          "jugadorId": 969,
          "nombreJugador": "Meli ALTARES TAPIA"
        }
      ]
    },
    "posicion": 1
  },
  {
    "torneoId": 122,
    "nombreTorneo": "Open Villar del Olmo 2023",
    "competicionId": 361,
    "nombreCompeticion": "FEMENINO DOBLES",
    "tipoCompeticionId": 6,
    "tipoCompeticion": "Women Dobles",
    "equipoJugadores": "Alicia CALVO PEREZ - Cristina SERRANO GONZALEZ",
    "equipoDTO": {
      "equipoId": 2564,
      "jugadores": [
        {
          "jugadorId": 828,
          "nombreJugador": "Alicia CALVO PEREZ"
        },
        {
          "jugadorId": 957,
          "nombreJugador": "Cristina SERRANO GONZALEZ"
        }
      ]
    },
    "posicion": 2
  },
  {
    "torneoId": 122,
    "nombreTorneo": "Open Villar del Olmo 2023",
    "competicionId": 361,
    "nombreCompeticion": "FEMENINO DOBLES",
    "tipoCompeticionId": 6,
    "tipoCompeticion": "Women Dobles",
    "equipoJugadores": "Raquel DEL TORO SÁNCHEZ - Gema MOLINA GOMEZ",
    "equipoDTO": {
      "equipoId": 2503,
      "jugadores": [
        {
          "jugadorId": 961,
          "nombreJugador": "Raquel DEL TORO SÁNCHEZ"
        },
        {
          "jugadorId": 981,
          "nombreJugador": "Gema MOLINA GOMEZ"
        }
      ]
    },
    "posicion": 3
  },
  {
    "torneoId": 122,
    "nombreTorneo": "Open Villar del Olmo 2023",
    "competicionId": 361,
    "nombreCompeticion": "FEMENINO DOBLES",
    "tipoCompeticionId": 6,
    "tipoCompeticion": "Women Dobles",
    "equipoJugadores": "Eva SANCHEZ CARRASCO - Leire CONCEPCION SANCHEZ",
    "equipoDTO": {
      "equipoId": 2271,
      "jugadores": [
        {
          "jugadorId": 848,
          "nombreJugador": "Eva SANCHEZ CARRASCO"
        },
        {
          "jugadorId": 849,
          "nombreJugador": "Leire CONCEPCION SANCHEZ"
        }
      ]
    },
    "posicion": 4
  },
  {
    "torneoId": 122,
    "nombreTorneo": "Open Villar del Olmo 2023",
    "competicionId": 361,
    "nombreCompeticion": "FEMENINO DOBLES",
    "tipoCompeticionId": 6,
    "tipoCompeticion": "Women Dobles",
    "equipoJugadores": "Laura GOMEZ GARCIA - Thais GOMEZ DUEÑAS",
    "equipoDTO": {
      "equipoId": 2509,
      "jugadores": [
        {
          "jugadorId": 967,
          "nombreJugador": "Laura GOMEZ GARCIA"
        },
        {
          "jugadorId": 989,
          "nombreJugador": "Thais GOMEZ DUEÑAS"
        }
      ]
    },
    "posicion": 5
  },
  {
    "torneoId": 122,
    "nombreTorneo": "Open Villar del Olmo 2023",
    "competicionId": 363,
    "nombreCompeticion": "MIXTO",
    "tipoCompeticionId": 11,
    "tipoCompeticion": "Mixto",
    "equipoJugadores": "Oscar ARTIAGA LOPEZ - Alicia CALVO PEREZ",
    "equipoDTO": {
      "equipoId": 2236,
      "jugadores": [
        {
          "jugadorId": 11,
          "nombreJugador": "Oscar ARTIAGA LOPEZ"
        },
        {
          "jugadorId": 828,
          "nombreJugador": "Alicia CALVO PEREZ"
        }
      ]
    },
    "posicion": 1
  },
  {
    "torneoId": 122,
    "nombreTorneo": "Open Villar del Olmo 2023",
    "competicionId": 363,
    "nombreCompeticion": "MIXTO",
    "tipoCompeticionId": 11,
    "tipoCompeticion": "Mixto",
    "equipoJugadores": "Darío ALARCÓN GARCÍA - Sara DULCINEA GARCÍA",
    "equipoDTO": {
      "equipoId": 2088,
      "jugadores": [
        {
          "jugadorId": 723,
          "nombreJugador": "Darío ALARCÓN GARCÍA"
        },
        {
          "jugadorId": 788,
          "nombreJugador": "Sara DULCINEA GARCÍA"
        }
      ]
    },
    "posicion": 2
  },
  {
    "torneoId": 122,
    "nombreTorneo": "Open Villar del Olmo 2023",
    "competicionId": 363,
    "nombreCompeticion": "MIXTO",
    "tipoCompeticionId": 11,
    "tipoCompeticion": "Mixto",
    "equipoJugadores": "Daniel DEL AMO BERGAZ - Meli ALTARES TAPIA",
    "equipoDTO": {
      "equipoId": 2567,
      "jugadores": [
        {
          "jugadorId": 767,
          "nombreJugador": "Daniel DEL AMO BERGAZ"
        },
        {
          "jugadorId": 969,
          "nombreJugador": "Meli ALTARES TAPIA"
        }
      ]
    },
    "posicion": 3
  },
  {
    "torneoId": 122,
    "nombreTorneo": "Open Villar del Olmo 2023",
    "competicionId": 363,
    "nombreCompeticion": "MIXTO",
    "tipoCompeticionId": 11,
    "tipoCompeticion": "Mixto",
    "equipoJugadores": "Mario TERRON FUENTES - Tamara PLANA MONZON",
    "equipoDTO": {
      "equipoId": 2237,
      "jugadores": [
        {
          "jugadorId": 759,
          "nombreJugador": "Mario TERRON FUENTES"
        },
        {
          "jugadorId": 783,
          "nombreJugador": "Tamara PLANA MONZON"
        }
      ]
    },
    "posicion": 4
  },
  {
    "torneoId": 122,
    "nombreTorneo": "Open Villar del Olmo 2023",
    "competicionId": 362,
    "nombreCompeticion": "JUNIOR DOBLES",
    "tipoCompeticionId": 4,
    "tipoCompeticion": "Junior Dobles",
    "equipoJugadores": "Tomas FERNANDEZ GUIRAO - Rodrigo MARTINEZ DEL TORO",
    "equipoDTO": {
      "equipoId": 2566,
      "jugadores": [
        {
          "jugadorId": 897,
          "nombreJugador": "Tomas FERNANDEZ GUIRAO"
        },
        {
          "jugadorId": 973,
          "nombreJugador": "Rodrigo MARTINEZ DEL TORO"
        }
      ]
    },
    "posicion": 1
  },
  {
    "torneoId": 122,
    "nombreTorneo": "Open Villar del Olmo 2023",
    "competicionId": 362,
    "nombreCompeticion": "JUNIOR DOBLES",
    "tipoCompeticionId": 4,
    "tipoCompeticion": "Junior Dobles",
    "equipoJugadores": "Ines MARTINEZ DEL TORO - Emma GARCIA MOLINA",
    "equipoDTO": {
      "equipoId": 2506,
      "jugadores": [
        {
          "jugadorId": 964,
          "nombreJugador": "Ines MARTINEZ DEL TORO"
        },
        {
          "jugadorId": 980,
          "nombreJugador": "Emma GARCIA MOLINA"
        }
      ]
    },
    "posicion": 2
  },
  {
    "torneoId": 122,
    "nombreTorneo": "Open Villar del Olmo 2023",
    "competicionId": 362,
    "nombreCompeticion": "JUNIOR DOBLES",
    "tipoCompeticionId": 4,
    "tipoCompeticion": "Junior Dobles",
    "equipoJugadores": "Pedro ROMERO HERNADEZ - Diego PEREZ PARIS",
    "equipoDTO": {
      "equipoId": 2511,
      "jugadores": [
        {
          "jugadorId": 971,
          "nombreJugador": "Pedro ROMERO HERNADEZ"
        },
        {
          "jugadorId": 979,
          "nombreJugador": "Diego PEREZ PARIS"
        }
      ]
    },
    "posicion": 3
  },
  {
    "torneoId": 122,
    "nombreTorneo": "Open Villar del Olmo 2023",
    "competicionId": 362,
    "nombreCompeticion": "JUNIOR DOBLES",
    "tipoCompeticionId": 4,
    "tipoCompeticion": "Junior Dobles",
    "equipoJugadores": "Izan FERRERO MOLINA - Lidia GOMEZ MOLINA",
    "equipoDTO": {
      "equipoId": 2507,
      "jugadores": [
        {
          "jugadorId": 965,
          "nombreJugador": "Izan FERRERO MOLINA"
        },
        {
          "jugadorId": 985,
          "nombreJugador": "Lidia GOMEZ MOLINA"
        }
      ]
    },
    "posicion": 4
  },
  {
    "torneoId": 122,
    "nombreTorneo": "Open Villar del Olmo 2023",
    "competicionId": 362,
    "nombreCompeticion": "JUNIOR DOBLES",
    "tipoCompeticionId": 4,
    "tipoCompeticion": "Junior Dobles",
    "equipoJugadores": "Leire CONCEPCION SANCHEZ - Aitana ROMERO HERNANDEZ",
    "equipoDTO": {
      "equipoId": 2493,
      "jugadores": [
        {
          "jugadorId": 849,
          "nombreJugador": "Leire CONCEPCION SANCHEZ"
        },
        {
          "jugadorId": 952,
          "nombreJugador": "Aitana ROMERO HERNANDEZ"
        }
      ]
    },
    "posicion": 5
  },
  {
    "torneoId": 122,
    "nombreTorneo": "Open Villar del Olmo 2023",
    "competicionId": 362,
    "nombreCompeticion": "JUNIOR DOBLES",
    "tipoCompeticionId": 4,
    "tipoCompeticion": "Junior Dobles",
    "equipoJugadores": "Leire GONZALEZ HUANG - Daniel GONZALEZ HUANG",
    "equipoDTO": {
      "equipoId": 2565,
      "jugadores": [
        {
          "jugadorId": 968,
          "nombreJugador": "Leire GONZALEZ HUANG"
        },
        {
          "jugadorId": 978,
          "nombreJugador": "Daniel GONZALEZ HUANG"
        }
      ]
    },
    "posicion": 6
  },
  {
    "torneoId": 122,
    "nombreTorneo": "Open Villar del Olmo 2023",
    "competicionId": 362,
    "nombreCompeticion": "JUNIOR DOBLES",
    "tipoCompeticionId": 4,
    "tipoCompeticion": "Junior Dobles",
    "equipoJugadores": "Aron MOUNTADY GONZALEZ - Daniel SICILIA ROPERO",
    "equipoDTO": {
      "equipoId": 2500,
      "jugadores": [
        {
          "jugadorId": 955,
          "nombreJugador": "Aron MOUNTADY GONZALEZ"
        },
        {
          "jugadorId": 960,
          "nombreJugador": "Daniel SICILIA ROPERO"
        }
      ]
    },
    "posicion": 7
  },
  {
    "torneoId": 122,
    "nombreTorneo": "Open Villar del Olmo 2023",
    "competicionId": 362,
    "nombreCompeticion": "JUNIOR DOBLES",
    "tipoCompeticionId": 4,
    "tipoCompeticion": "Junior Dobles",
    "equipoJugadores": "Javier MUÑOZ ARENAS - Sergio MUÑOZ ARENAS",
    "equipoDTO": {
      "equipoId": 2461,
      "jugadores": [
        {
          "jugadorId": 909,
          "nombreJugador": "Javier MUÑOZ ARENAS"
        },
        {
          "jugadorId": 947,
          "nombreJugador": "Sergio MUÑOZ ARENAS"
        }
      ]
    },
    "posicion": 8
  },
  {
    "torneoId": 122,
    "nombreTorneo": "Open Villar del Olmo 2023",
    "competicionId": 365,
    "nombreCompeticion": "DYP ROOKIE",
    "tipoCompeticionId": 3,
    "tipoCompeticion": "DYP",
    "equipoJugadores": "Sergio  MAGDALENO GOMEZ - Daniel DEL AMO BERGAZ",
    "equipoDTO": {
      "equipoId": 2573,
      "jugadores": [
        {
          "jugadorId": 401,
          "nombreJugador": "Sergio  MAGDALENO GOMEZ"
        },
        {
          "jugadorId": 767,
          "nombreJugador": "Daniel DEL AMO BERGAZ"
        }
      ]
    },
    "posicion": 1
  },
  {
    "torneoId": 122,
    "nombreTorneo": "Open Villar del Olmo 2023",
    "competicionId": 364,
    "nombreCompeticion": "DYP AMATER MASTER",
    "tipoCompeticionId": 3,
    "tipoCompeticion": "DYP",
    "equipoJugadores": "Roberto PARRALEJO - David ALCAZAR GONZALEZ",
    "equipoDTO": {
      "equipoId": 2569,
      "jugadores": [
        {
          "jugadorId": 15,
          "nombreJugador": "Roberto PARRALEJO"
        },
        {
          "jugadorId": 695,
          "nombreJugador": "David ALCAZAR GONZALEZ"
        }
      ]
    },
    "posicion": 1
  },
  {
    "torneoId": 122,
    "nombreTorneo": "Open Villar del Olmo 2023",
    "competicionId": 364,
    "nombreCompeticion": "DYP AMATER MASTER",
    "tipoCompeticionId": 3,
    "tipoCompeticion": "DYP",
    "equipoJugadores": "Angel SÁNCHEZ JIMENEZ - Ivan GARCIA AHIJON",
    "equipoDTO": {
      "equipoId": 2570,
      "jugadores": [
        {
          "jugadorId": 26,
          "nombreJugador": "Angel SÁNCHEZ JIMENEZ"
        },
        {
          "jugadorId": 706,
          "nombreJugador": "Ivan GARCIA AHIJON"
        }
      ]
    },
    "posicion": 2
  },
  {
    "torneoId": 122,
    "nombreTorneo": "Open Villar del Olmo 2023",
    "competicionId": 365,
    "nombreCompeticion": "DYP ROOKIE",
    "tipoCompeticionId": 3,
    "tipoCompeticion": "DYP",
    "equipoJugadores": "Darío ALARCÓN GARCÍA - Tomas FERNANDEZ ORTEGA",
    "equipoDTO": {
      "equipoId": 2575,
      "jugadores": [
        {
          "jugadorId": 723,
          "nombreJugador": "Darío ALARCÓN GARCÍA"
        },
        {
          "jugadorId": 951,
          "nombreJugador": "Tomas FERNANDEZ ORTEGA"
        }
      ]
    },
    "posicion": 2
  },
  {
    "torneoId": 122,
    "nombreTorneo": "Open Villar del Olmo 2023",
    "competicionId": 364,
    "nombreCompeticion": "DYP AMATER MASTER",
    "tipoCompeticionId": 3,
    "tipoCompeticion": "DYP",
    "equipoJugadores": "Raul PEREZ MARTINEZ - Miguel JIMÉNEZ TORRES",
    "equipoDTO": {
      "equipoId": 2571,
      "jugadores": [
        {
          "jugadorId": 694,
          "nombreJugador": "Raul PEREZ MARTINEZ"
        },
        {
          "jugadorId": 760,
          "nombreJugador": "Miguel JIMÉNEZ TORRES"
        }
      ]
    },
    "posicion": 3
  },
  {
    "torneoId": 122,
    "nombreTorneo": "Open Villar del Olmo 2023",
    "competicionId": 365,
    "nombreCompeticion": "DYP ROOKIE",
    "tipoCompeticionId": 3,
    "tipoCompeticion": "DYP",
    "equipoJugadores": "Jesus LEON GONZALEZ - Juan ramon GARCIA CAULIN",
    "equipoDTO": {
      "equipoId": 2572,
      "jugadores": [
        {
          "jugadorId": 226,
          "nombreJugador": "Jesus LEON GONZALEZ"
        },
        {
          "jugadorId": 984,
          "nombreJugador": "Juan ramon GARCIA CAULIN"
        }
      ]
    },
    "posicion": 3
  },
  {
    "torneoId": 122,
    "nombreTorneo": "Open Villar del Olmo 2023",
    "competicionId": 365,
    "nombreCompeticion": "DYP ROOKIE",
    "tipoCompeticionId": 3,
    "tipoCompeticion": "DYP",
    "equipoJugadores": "Ivan MAYORGA SANDOVAL - Borja RANZ GONZALEZ",
    "equipoDTO": {
      "equipoId": 2574,
      "jugadores": [
        {
          "jugadorId": 225,
          "nombreJugador": "Ivan MAYORGA SANDOVAL"
        },
        {
          "jugadorId": 468,
          "nombreJugador": "Borja RANZ GONZALEZ"
        }
      ]
    },
    "posicion": 4
  },
  {
    "torneoId": 122,
    "nombreTorneo": "Open Villar del Olmo 2023",
    "competicionId": 364,
    "nombreCompeticion": "DYP AMATER MASTER",
    "tipoCompeticionId": 3,
    "tipoCompeticion": "DYP",
    "equipoJugadores": "Oscar ARTIAGA LOPEZ - José Antonio PALOMAR GARCÍA",
    "equipoDTO": {
      "equipoId": 2568,
      "jugadores": [
        {
          "jugadorId": 11,
          "nombreJugador": "Oscar ARTIAGA LOPEZ"
        },
        {
          "jugadorId": 776,
          "nombreJugador": "José Antonio PALOMAR GARCÍA"
        }
      ]
    },
    "posicion": 4
  },
  {
    "torneoId": 122,
    "nombreTorneo": "Open Villar del Olmo 2023",
    "competicionId": 365,
    "nombreCompeticion": "DYP ROOKIE",
    "tipoCompeticionId": 3,
    "tipoCompeticion": "DYP",
    "equipoJugadores": "Mario TERRON FUENTES - Alicia CALVO PEREZ",
    "equipoDTO": {
      "equipoId": 2576,
      "jugadores": [
        {
          "jugadorId": 759,
          "nombreJugador": "Mario TERRON FUENTES"
        },
        {
          "jugadorId": 828,
          "nombreJugador": "Alicia CALVO PEREZ"
        }
      ]
    },
    "posicion": 5
  },
  {
    "torneoId": 122,
    "nombreTorneo": "Open Villar del Olmo 2023",
    "competicionId": 365,
    "nombreCompeticion": "DYP ROOKIE",
    "tipoCompeticionId": 3,
    "tipoCompeticion": "DYP",
    "equipoJugadores": "Sara DULCINEA GARCÍA - Daniel GUTIERREZ LOPEZ",
    "equipoDTO": {
      "equipoId": 2578,
      "jugadores": [
        {
          "jugadorId": 788,
          "nombreJugador": "Sara DULCINEA GARCÍA"
        },
        {
          "jugadorId": 949,
          "nombreJugador": "Daniel GUTIERREZ LOPEZ"
        }
      ]
    },
    "posicion": 6
  },
  {
    "torneoId": 122,
    "nombreTorneo": "Open Villar del Olmo 2023",
    "competicionId": 365,
    "nombreCompeticion": "DYP ROOKIE",
    "tipoCompeticionId": 3,
    "tipoCompeticion": "DYP",
    "equipoJugadores": "Sergio ARROYO OREJA - Aitor IDARRABA BERRIGUETE",
    "equipoDTO": {
      "equipoId": 2577,
      "jugadores": [
        {
          "jugadorId": 740,
          "nombreJugador": "Sergio ARROYO OREJA"
        },
        {
          "jugadorId": 898,
          "nombreJugador": "Aitor IDARRABA BERRIGUETE"
        }
      ]
    },
    "posicion": 7
  },
  {
    "torneoId": 122,
    "nombreTorneo": "Open Villar del Olmo 2023",
    "competicionId": 365,
    "nombreCompeticion": "DYP ROOKIE",
    "tipoCompeticionId": 3,
    "tipoCompeticion": "DYP",
    "equipoJugadores": "Tomas FERNANDEZ GUIRAO - Ana GALAN GARCIA",
    "equipoDTO": {
      "equipoId": 2579,
      "jugadores": [
        {
          "jugadorId": 897,
          "nombreJugador": "Tomas FERNANDEZ GUIRAO"
        },
        {
          "jugadorId": 954,
          "nombreJugador": "Ana GALAN GARCIA"
        }
      ]
    },
    "posicion": 8
  },
  {
    "torneoId": 122,
    "nombreTorneo": "Open Villar del Olmo 2023",
    "competicionId": 359,
    "nombreCompeticion": "PRO DOBLES",
    "tipoCompeticionId": 12,
    "tipoCompeticion": "ProDobles",
    "equipoJugadores": "David GAÑAN TERRON - Jorge GOMEZ LLANO",
    "equipoDTO": {
      "equipoId": 276,
      "jugadores": [
        {
          "jugadorId": 6,
          "nombreJugador": "David GAÑAN TERRON"
        },
        {
          "jugadorId": 10,
          "nombreJugador": "Jorge GOMEZ LLANO"
        }
      ]
    },
    "posicion": 1
  },
  {
    "torneoId": 122,
    "nombreTorneo": "Open Villar del Olmo 2023",
    "competicionId": 359,
    "nombreCompeticion": "PRO DOBLES",
    "tipoCompeticionId": 12,
    "tipoCompeticion": "ProDobles",
    "equipoJugadores": "David NIETO HERNANDEZ - Hector NUÑEZ SAEZ",
    "equipoDTO": {
      "equipoId": 355,
      "jugadores": [
        {
          "jugadorId": 3,
          "nombreJugador": "David NIETO HERNANDEZ"
        },
        {
          "jugadorId": 4,
          "nombreJugador": "Hector NUÑEZ SAEZ"
        }
      ]
    },
    "posicion": 2
  },
  {
    "torneoId": 122,
    "nombreTorneo": "Open Villar del Olmo 2023",
    "competicionId": 359,
    "nombreCompeticion": "PRO DOBLES",
    "tipoCompeticionId": 12,
    "tipoCompeticion": "ProDobles",
    "equipoJugadores": "Javier PARADA PARADA - Jose angel PARADA PARADA",
    "equipoDTO": {
      "equipoId": 1689,
      "jugadores": [
        {
          "jugadorId": 651,
          "nombreJugador": "Javier PARADA PARADA"
        },
        {
          "jugadorId": 652,
          "nombreJugador": "Jose angel PARADA PARADA"
        }
      ]
    },
    "posicion": 3
  },
  {
    "torneoId": 122,
    "nombreTorneo": "Open Villar del Olmo 2023",
    "competicionId": 359,
    "nombreCompeticion": "PRO DOBLES",
    "tipoCompeticionId": 12,
    "tipoCompeticion": "ProDobles",
    "equipoJugadores": "Adrian RAMIREZ PINTADO - Angel Luis COBO MUÑOZ",
    "equipoDTO": {
      "equipoId": 58,
      "jugadores": [
        {
          "jugadorId": 46,
          "nombreJugador": "Adrian RAMIREZ PINTADO"
        },
        {
          "jugadorId": 47,
          "nombreJugador": "Angel Luis COBO MUÑOZ"
        }
      ]
    },
    "posicion": 4
  },
  {
    "torneoId": 122,
    "nombreTorneo": "Open Villar del Olmo 2023",
    "competicionId": 359,
    "nombreCompeticion": "PRO DOBLES",
    "tipoCompeticionId": 12,
    "tipoCompeticion": "ProDobles",
    "equipoJugadores": "David ALCAZAR GONZALEZ - Ivan GARCIA AHIJON",
    "equipoDTO": {
      "equipoId": 1912,
      "jugadores": [
        {
          "jugadorId": 695,
          "nombreJugador": "David ALCAZAR GONZALEZ"
        },
        {
          "jugadorId": 706,
          "nombreJugador": "Ivan GARCIA AHIJON"
        }
      ]
    },
    "posicion": 5
  },
  {
    "torneoId": 122,
    "nombreTorneo": "Open Villar del Olmo 2023",
    "competicionId": 359,
    "nombreCompeticion": "PRO DOBLES",
    "tipoCompeticionId": 12,
    "tipoCompeticion": "ProDobles",
    "equipoJugadores": "Guillermo CORDOBA RAMIRO - Carlos ARCEO YELA",
    "equipoDTO": {
      "equipoId": 2488,
      "jugadores": [
        {
          "jugadorId": 22,
          "nombreJugador": "Guillermo CORDOBA RAMIRO"
        },
        {
          "jugadorId": 56,
          "nombreJugador": "Carlos ARCEO YELA"
        }
      ]
    },
    "posicion": 6
  },
  {
    "torneoId": 122,
    "nombreTorneo": "Open Villar del Olmo 2023",
    "competicionId": 359,
    "nombreCompeticion": "PRO DOBLES",
    "tipoCompeticionId": 12,
    "tipoCompeticion": "ProDobles",
    "equipoJugadores": "Alberto CARBALLO ROBLES - Angel SÁNCHEZ JIMENEZ",
    "equipoDTO": {
      "equipoId": 2258,
      "jugadores": [
        {
          "jugadorId": 5,
          "nombreJugador": "Alberto CARBALLO ROBLES"
        },
        {
          "jugadorId": 26,
          "nombreJugador": "Angel SÁNCHEZ JIMENEZ"
        }
      ]
    },
    "posicion": 7
  },
  {
    "torneoId": 122,
    "nombreTorneo": "Open Villar del Olmo 2023",
    "competicionId": 359,
    "nombreCompeticion": "PRO DOBLES",
    "tipoCompeticionId": 12,
    "tipoCompeticion": "ProDobles",
    "equipoJugadores": "Bernardo PEREA PEINADO - Angel Luis COBO MORALES",
    "equipoDTO": {
      "equipoId": 1186,
      "jugadores": [
        {
          "jugadorId": 85,
          "nombreJugador": "Bernardo PEREA PEINADO"
        },
        {
          "jugadorId": 177,
          "nombreJugador": "Angel Luis COBO MORALES"
        }
      ]
    },
    "posicion": 8
  },
  {
    "torneoId": 122,
    "nombreTorneo": "Open Villar del Olmo 2023",
    "competicionId": 358,
    "nombreCompeticion": "OPEN INDIVIDUAL",
    "tipoCompeticionId": 13,
    "tipoCompeticion": "Open Individual",
    "equipoJugadores": "Hector NUÑEZ SAEZ",
    "equipoDTO": {
      "equipoId": 23,
      "jugadores": [
        {
          "jugadorId": 4,
          "nombreJugador": "Hector NUÑEZ SAEZ"
        }
      ]
    },
    "posicion": 1
  },
  {
    "torneoId": 122,
    "nombreTorneo": "Open Villar del Olmo 2023",
    "competicionId": 358,
    "nombreCompeticion": "OPEN INDIVIDUAL",
    "tipoCompeticionId": 13,
    "tipoCompeticion": "Open Individual",
    "equipoJugadores": "Guillermo CORDOBA RAMIRO",
    "equipoDTO": {
      "equipoId": 8,
      "jugadores": [
        {
          "jugadorId": 22,
          "nombreJugador": "Guillermo CORDOBA RAMIRO"
        }
      ]
    },
    "posicion": 2
  },
  {
    "torneoId": 122,
    "nombreTorneo": "Open Villar del Olmo 2023",
    "competicionId": 358,
    "nombreCompeticion": "OPEN INDIVIDUAL",
    "tipoCompeticionId": 13,
    "tipoCompeticion": "Open Individual",
    "equipoJugadores": "David GAÑAN TERRON",
    "equipoDTO": {
      "equipoId": 13,
      "jugadores": [
        {
          "jugadorId": 6,
          "nombreJugador": "David GAÑAN TERRON"
        }
      ]
    },
    "posicion": 3
  },
  {
    "torneoId": 122,
    "nombreTorneo": "Open Villar del Olmo 2023",
    "competicionId": 358,
    "nombreCompeticion": "OPEN INDIVIDUAL",
    "tipoCompeticionId": 13,
    "tipoCompeticion": "Open Individual",
    "equipoJugadores": "Jorge GOMEZ LLANO",
    "equipoDTO": {
      "equipoId": 15,
      "jugadores": [
        {
          "jugadorId": 10,
          "nombreJugador": "Jorge GOMEZ LLANO"
        }
      ]
    },
    "posicion": 4
  },
  {
    "torneoId": 122,
    "nombreTorneo": "Open Villar del Olmo 2023",
    "competicionId": 358,
    "nombreCompeticion": "OPEN INDIVIDUAL",
    "tipoCompeticionId": 13,
    "tipoCompeticion": "Open Individual",
    "equipoJugadores": "Angel SÁNCHEZ JIMENEZ",
    "equipoDTO": {
      "equipoId": 33,
      "jugadores": [
        {
          "jugadorId": 26,
          "nombreJugador": "Angel SÁNCHEZ JIMENEZ"
        }
      ]
    },
    "posicion": 5
  },
  {
    "torneoId": 122,
    "nombreTorneo": "Open Villar del Olmo 2023",
    "competicionId": 358,
    "nombreCompeticion": "OPEN INDIVIDUAL",
    "tipoCompeticionId": 13,
    "tipoCompeticion": "Open Individual",
    "equipoJugadores": "Javier PARADA PARADA",
    "equipoDTO": {
      "equipoId": 1695,
      "jugadores": [
        {
          "jugadorId": 651,
          "nombreJugador": "Javier PARADA PARADA"
        }
      ]
    },
    "posicion": 6
  },
  {
    "torneoId": 122,
    "nombreTorneo": "Open Villar del Olmo 2023",
    "competicionId": 358,
    "nombreCompeticion": "OPEN INDIVIDUAL",
    "tipoCompeticionId": 13,
    "tipoCompeticion": "Open Individual",
    "equipoJugadores": "Adrian RAMIREZ PINTADO",
    "equipoDTO": {
      "equipoId": 85,
      "jugadores": [
        {
          "jugadorId": 46,
          "nombreJugador": "Adrian RAMIREZ PINTADO"
        }
      ]
    },
    "posicion": 7
  },
  {
    "torneoId": 122,
    "nombreTorneo": "Open Villar del Olmo 2023",
    "competicionId": 358,
    "nombreCompeticion": "OPEN INDIVIDUAL",
    "tipoCompeticionId": 13,
    "tipoCompeticion": "Open Individual",
    "equipoJugadores": "Jose angel PARADA PARADA",
    "equipoDTO": {
      "equipoId": 1696,
      "jugadores": [
        {
          "jugadorId": 652,
          "nombreJugador": "Jose angel PARADA PARADA"
        }
      ]
    },
    "posicion": 8
  },
  {
    "torneoId": 122,
    "nombreTorneo": "Open Villar del Olmo 2023",
    "competicionId": 358,
    "nombreCompeticion": "OPEN INDIVIDUAL",
    "tipoCompeticionId": 13,
    "tipoCompeticion": "Open Individual",
    "equipoJugadores": "Oscar ARTIAGA LOPEZ",
    "equipoDTO": {
      "equipoId": 3,
      "jugadores": [
        {
          "jugadorId": 11,
          "nombreJugador": "Oscar ARTIAGA LOPEZ"
        }
      ]
    },
    "posicion": 9
  },
  {
    "torneoId": 122,
    "nombreTorneo": "Open Villar del Olmo 2023",
    "competicionId": 358,
    "nombreCompeticion": "OPEN INDIVIDUAL",
    "tipoCompeticionId": 13,
    "tipoCompeticion": "Open Individual",
    "equipoJugadores": "Alberto CARBALLO ROBLES",
    "equipoDTO": {
      "equipoId": 6,
      "jugadores": [
        {
          "jugadorId": 5,
          "nombreJugador": "Alberto CARBALLO ROBLES"
        }
      ]
    },
    "posicion": 10
  },
  {
    "torneoId": 122,
    "nombreTorneo": "Open Villar del Olmo 2023",
    "competicionId": 358,
    "nombreCompeticion": "OPEN INDIVIDUAL",
    "tipoCompeticionId": 13,
    "tipoCompeticion": "Open Individual",
    "equipoJugadores": "Jesus LEON GONZALEZ",
    "equipoDTO": {
      "equipoId": 426,
      "jugadores": [
        {
          "jugadorId": 226,
          "nombreJugador": "Jesus LEON GONZALEZ"
        }
      ]
    },
    "posicion": 11
  },
  {
    "torneoId": 122,
    "nombreTorneo": "Open Villar del Olmo 2023",
    "competicionId": 358,
    "nombreCompeticion": "OPEN INDIVIDUAL",
    "tipoCompeticionId": 13,
    "tipoCompeticion": "Open Individual",
    "equipoJugadores": "Bernardo PEREA PEINADO",
    "equipoDTO": {
      "equipoId": 173,
      "jugadores": [
        {
          "jugadorId": 85,
          "nombreJugador": "Bernardo PEREA PEINADO"
        }
      ]
    },
    "posicion": 12
  },
  {
    "torneoId": 122,
    "nombreTorneo": "Open Villar del Olmo 2023",
    "competicionId": 358,
    "nombreCompeticion": "OPEN INDIVIDUAL",
    "tipoCompeticionId": 13,
    "tipoCompeticion": "Open Individual",
    "equipoJugadores": "Carlos ARCEO YELA",
    "equipoDTO": {
      "equipoId": 95,
      "jugadores": [
        {
          "jugadorId": 56,
          "nombreJugador": "Carlos ARCEO YELA"
        }
      ]
    },
    "posicion": 13
  },
  {
    "torneoId": 122,
    "nombreTorneo": "Open Villar del Olmo 2023",
    "competicionId": 358,
    "nombreCompeticion": "OPEN INDIVIDUAL",
    "tipoCompeticionId": 13,
    "tipoCompeticion": "Open Individual",
    "equipoJugadores": "Armando BUENO LOPEZ",
    "equipoDTO": {
      "equipoId": 241,
      "jugadores": [
        {
          "jugadorId": 114,
          "nombreJugador": "Armando BUENO LOPEZ"
        }
      ]
    },
    "posicion": 14
  },
  {
    "torneoId": 122,
    "nombreTorneo": "Open Villar del Olmo 2023",
    "competicionId": 358,
    "nombreCompeticion": "OPEN INDIVIDUAL",
    "tipoCompeticionId": 13,
    "tipoCompeticion": "Open Individual",
    "equipoJugadores": "Angel Luis COBO MORALES",
    "equipoDTO": {
      "equipoId": 347,
      "jugadores": [
        {
          "jugadorId": 177,
          "nombreJugador": "Angel Luis COBO MORALES"
        }
      ]
    },
    "posicion": 15
  },
  {
    "torneoId": 122,
    "nombreTorneo": "Open Villar del Olmo 2023",
    "competicionId": 358,
    "nombreCompeticion": "OPEN INDIVIDUAL",
    "tipoCompeticionId": 13,
    "tipoCompeticion": "Open Individual",
    "equipoJugadores": "Raul PEREZ MARTINEZ",
    "equipoDTO": {
      "equipoId": 1882,
      "jugadores": [
        {
          "jugadorId": 694,
          "nombreJugador": "Raul PEREZ MARTINEZ"
        }
      ]
    },
    "posicion": 16
  },
  {
    "torneoId": 122,
    "nombreTorneo": "Open Villar del Olmo 2023",
    "competicionId": 358,
    "nombreCompeticion": "OPEN INDIVIDUAL",
    "tipoCompeticionId": 13,
    "tipoCompeticion": "Open Individual",
    "equipoJugadores": "Borja RANZ GONZALEZ",
    "equipoDTO": {
      "equipoId": 952,
      "jugadores": [
        {
          "jugadorId": 468,
          "nombreJugador": "Borja RANZ GONZALEZ"
        }
      ]
    },
    "posicion": 17
  },
  {
    "torneoId": 122,
    "nombreTorneo": "Open Villar del Olmo 2023",
    "competicionId": 358,
    "nombreCompeticion": "OPEN INDIVIDUAL",
    "tipoCompeticionId": 13,
    "tipoCompeticion": "Open Individual",
    "equipoJugadores": "Daniel GUTIERREZ LOPEZ",
    "equipoDTO": {
      "equipoId": 2513,
      "jugadores": [
        {
          "jugadorId": 949,
          "nombreJugador": "Daniel GUTIERREZ LOPEZ"
        }
      ]
    },
    "posicion": 18
  },
  {
    "torneoId": 122,
    "nombreTorneo": "Open Villar del Olmo 2023",
    "competicionId": 358,
    "nombreCompeticion": "OPEN INDIVIDUAL",
    "tipoCompeticionId": 13,
    "tipoCompeticion": "Open Individual",
    "equipoJugadores": "David ALCAZAR GONZALEZ",
    "equipoDTO": {
      "equipoId": 1883,
      "jugadores": [
        {
          "jugadorId": 695,
          "nombreJugador": "David ALCAZAR GONZALEZ"
        }
      ]
    },
    "posicion": 19
  },
  {
    "torneoId": 122,
    "nombreTorneo": "Open Villar del Olmo 2023",
    "competicionId": 358,
    "nombreCompeticion": "OPEN INDIVIDUAL",
    "tipoCompeticionId": 13,
    "tipoCompeticion": "Open Individual",
    "equipoJugadores": "Tomas FERNANDEZ GUIRAO",
    "equipoDTO": {
      "equipoId": 2336,
      "jugadores": [
        {
          "jugadorId": 897,
          "nombreJugador": "Tomas FERNANDEZ GUIRAO"
        }
      ]
    },
    "posicion": 20
  },
  {
    "torneoId": 122,
    "nombreTorneo": "Open Villar del Olmo 2023",
    "competicionId": 358,
    "nombreCompeticion": "OPEN INDIVIDUAL",
    "tipoCompeticionId": 13,
    "tipoCompeticion": "Open Individual",
    "equipoJugadores": "Sebastian CHERNY CASSIN",
    "equipoDTO": {
      "equipoId": 2514,
      "jugadores": [
        {
          "jugadorId": 950,
          "nombreJugador": "Sebastian CHERNY CASSIN"
        }
      ]
    },
    "posicion": 21
  },
  {
    "torneoId": 122,
    "nombreTorneo": "Open Villar del Olmo 2023",
    "competicionId": 358,
    "nombreCompeticion": "OPEN INDIVIDUAL",
    "tipoCompeticionId": 13,
    "tipoCompeticion": "Open Individual",
    "equipoJugadores": "Angel Luis COBO MUÑOZ",
    "equipoDTO": {
      "equipoId": 86,
      "jugadores": [
        {
          "jugadorId": 47,
          "nombreJugador": "Angel Luis COBO MUÑOZ"
        }
      ]
    },
    "posicion": 22
  },
  {
    "torneoId": 122,
    "nombreTorneo": "Open Villar del Olmo 2023",
    "competicionId": 358,
    "nombreCompeticion": "OPEN INDIVIDUAL",
    "tipoCompeticionId": 13,
    "tipoCompeticion": "Open Individual",
    "equipoJugadores": "Antonio  NAVARRO PACHECA",
    "equipoDTO": {
      "equipoId": 918,
      "jugadores": [
        {
          "jugadorId": 434,
          "nombreJugador": "Antonio  NAVARRO PACHECA"
        }
      ]
    },
    "posicion": 23
  },
  {
    "torneoId": 122,
    "nombreTorneo": "Open Villar del Olmo 2023",
    "competicionId": 358,
    "nombreCompeticion": "OPEN INDIVIDUAL",
    "tipoCompeticionId": 13,
    "tipoCompeticion": "Open Individual",
    "equipoJugadores": "David NIETO HERNANDEZ",
    "equipoDTO": {
      "equipoId": 22,
      "jugadores": [
        {
          "jugadorId": 3,
          "nombreJugador": "David NIETO HERNANDEZ"
        }
      ]
    },
    "posicion": 24
  },
  {
    "torneoId": 122,
    "nombreTorneo": "Open Villar del Olmo 2023",
    "competicionId": 358,
    "nombreCompeticion": "OPEN INDIVIDUAL",
    "tipoCompeticionId": 13,
    "tipoCompeticion": "Open Individual",
    "equipoJugadores": "Roberto PARRALEJO",
    "equipoDTO": {
      "equipoId": 26,
      "jugadores": [
        {
          "jugadorId": 15,
          "nombreJugador": "Roberto PARRALEJO"
        }
      ]
    },
    "posicion": 25
  },
  {
    "torneoId": 122,
    "nombreTorneo": "Open Villar del Olmo 2023",
    "competicionId": 358,
    "nombreCompeticion": "OPEN INDIVIDUAL",
    "tipoCompeticionId": 13,
    "tipoCompeticion": "Open Individual",
    "equipoJugadores": "Aitor IDARRABA BERRIGUETE",
    "equipoDTO": {
      "equipoId": 2337,
      "jugadores": [
        {
          "jugadorId": 898,
          "nombreJugador": "Aitor IDARRABA BERRIGUETE"
        }
      ]
    },
    "posicion": 26
  },
  {
    "torneoId": 122,
    "nombreTorneo": "Open Villar del Olmo 2023",
    "competicionId": 358,
    "nombreCompeticion": "OPEN INDIVIDUAL",
    "tipoCompeticionId": 13,
    "tipoCompeticion": "Open Individual",
    "equipoJugadores": "Silvestre ROSA REY",
    "equipoDTO": {
      "equipoId": 297,
      "jugadores": [
        {
          "jugadorId": 140,
          "nombreJugador": "Silvestre ROSA REY"
        }
      ]
    },
    "posicion": 27
  },
  {
    "torneoId": 122,
    "nombreTorneo": "Open Villar del Olmo 2023",
    "competicionId": 358,
    "nombreCompeticion": "OPEN INDIVIDUAL",
    "tipoCompeticionId": 13,
    "tipoCompeticion": "Open Individual",
    "equipoJugadores": "Alicia CALVO PEREZ",
    "equipoDTO": {
      "equipoId": 2177,
      "jugadores": [
        {
          "jugadorId": 828,
          "nombreJugador": "Alicia CALVO PEREZ"
        }
      ]
    },
    "posicion": 28
  },
  {
    "torneoId": 122,
    "nombreTorneo": "Open Villar del Olmo 2023",
    "competicionId": 358,
    "nombreCompeticion": "OPEN INDIVIDUAL",
    "tipoCompeticionId": 13,
    "tipoCompeticion": "Open Individual",
    "equipoJugadores": "Tomas FERNANDEZ ORTEGA",
    "equipoDTO": {
      "equipoId": 2515,
      "jugadores": [
        {
          "jugadorId": 951,
          "nombreJugador": "Tomas FERNANDEZ ORTEGA"
        }
      ]
    },
    "posicion": 29
  },
  {
    "torneoId": 122,
    "nombreTorneo": "Open Villar del Olmo 2023",
    "competicionId": 358,
    "nombreCompeticion": "OPEN INDIVIDUAL",
    "tipoCompeticionId": 13,
    "tipoCompeticion": "Open Individual",
    "equipoJugadores": "Miguel JIMÉNEZ TORRES",
    "equipoDTO": {
      "equipoId": 2046,
      "jugadores": [
        {
          "jugadorId": 760,
          "nombreJugador": "Miguel JIMÉNEZ TORRES"
        }
      ]
    },
    "posicion": 30
  },
  {
    "torneoId": 122,
    "nombreTorneo": "Open Villar del Olmo 2023",
    "competicionId": 358,
    "nombreCompeticion": "OPEN INDIVIDUAL",
    "tipoCompeticionId": 13,
    "tipoCompeticion": "Open Individual",
    "equipoJugadores": "Ivan MAYORGA SANDOVAL",
    "equipoDTO": {
      "equipoId": 425,
      "jugadores": [
        {
          "jugadorId": 225,
          "nombreJugador": "Ivan MAYORGA SANDOVAL"
        }
      ]
    },
    "posicion": 31
  }
]
