[
  {
    "torneoId": 126,
    "nombreTorneo": "I Open Internacional de Menansalbas - ITSF 250 WT 2024",
    "competicionId": 406,
    "nombreCompeticion": "OPEN DOBLES",
    "tipoCompeticionId": 1,
    "tipoCompeticion": "Open Dobles",
    "equipoJugadores": "Carlos MORALES CONTRERAS - Alberto VILÁ PÉREZ",
    "equipoDTO": {
      "equipoId": 2927,
      "jugadores": [
        {
          "jugadorId": 93,
          "nombreJugador": "Carlos MORALES CONTRERAS"
        },
        {
          "jugadorId": 687,
          "nombreJugador": "Alberto VILÁ PÉREZ"
        }
      ]
    },
    "posicion": 1
  },
  {
    "torneoId": 126,
    "nombreTorneo": "I Open Internacional de Menansalbas - ITSF 250 WT 2024",
    "competicionId": 406,
    "nombreCompeticion": "OPEN DOBLES",
    "tipoCompeticionId": 1,
    "tipoCompeticion": "Open Dobles",
    "equipoJugadores": "Angel Luis COBO MUÑOZ - Bernardo PEREA PEINADO",
    "equipoDTO": {
      "equipoId": 370,
      "jugadores": [
        {
          "jugadorId": 47,
          "nombreJugador": "Angel Luis COBO MUÑOZ"
        },
        {
          "jugadorId": 85,
          "nombreJugador": "Bernardo PEREA PEINADO"
        }
      ]
    },
    "posicion": 2
  },
  {
    "torneoId": 126,
    "nombreTorneo": "I Open Internacional de Menansalbas - ITSF 250 WT 2024",
    "competicionId": 406,
    "nombreCompeticion": "OPEN DOBLES",
    "tipoCompeticionId": 1,
    "tipoCompeticion": "Open Dobles",
    "equipoJugadores": "Javier PARADA PARADA - Jose angel PARADA PARADA",
    "equipoDTO": {
      "equipoId": 1689,
      "jugadores": [
        {
          "jugadorId": 651,
          "nombreJugador": "Javier PARADA PARADA"
        },
        {
          "jugadorId": 652,
          "nombreJugador": "Jose angel PARADA PARADA"
        }
      ]
    },
    "posicion": 3
  },
  {
    "torneoId": 126,
    "nombreTorneo": "I Open Internacional de Menansalbas - ITSF 250 WT 2024",
    "competicionId": 406,
    "nombreCompeticion": "OPEN DOBLES",
    "tipoCompeticionId": 1,
    "tipoCompeticion": "Open Dobles",
    "equipoJugadores": "Jorge GOMEZ LLANO - Oscar ARTIAGA LOPEZ",
    "equipoDTO": {
      "equipoId": 177,
      "jugadores": [
        {
          "jugadorId": 10,
          "nombreJugador": "Jorge GOMEZ LLANO"
        },
        {
          "jugadorId": 11,
          "nombreJugador": "Oscar ARTIAGA LOPEZ"
        }
      ]
    },
    "posicion": 4
  },
  {
    "torneoId": 126,
    "nombreTorneo": "I Open Internacional de Menansalbas - ITSF 250 WT 2024",
    "competicionId": 406,
    "nombreCompeticion": "OPEN DOBLES",
    "tipoCompeticionId": 1,
    "tipoCompeticion": "Open Dobles",
    "equipoJugadores": "Carlos ARCEO YELA - Juan Francisco MARTINEZ ANDRADE",
    "equipoDTO": {
      "equipoId": 1020,
      "jugadores": [
        {
          "jugadorId": 56,
          "nombreJugador": "Carlos ARCEO YELA"
        },
        {
          "jugadorId": 106,
          "nombreJugador": "Juan Francisco MARTINEZ ANDRADE"
        }
      ]
    },
    "posicion": 5
  },
  {
    "torneoId": 126,
    "nombreTorneo": "I Open Internacional de Menansalbas - ITSF 250 WT 2024",
    "competicionId": 406,
    "nombreCompeticion": "OPEN DOBLES",
    "tipoCompeticionId": 1,
    "tipoCompeticion": "Open Dobles",
    "equipoJugadores": "Alberto CARBALLO ROBLES - Angel DEL POZO BULLIDO",
    "equipoDTO": {
      "equipoId": 387,
      "jugadores": [
        {
          "jugadorId": 5,
          "nombreJugador": "Alberto CARBALLO ROBLES"
        },
        {
          "jugadorId": 21,
          "nombreJugador": "Angel DEL POZO BULLIDO"
        }
      ]
    },
    "posicion": 6
  },
  {
    "torneoId": 126,
    "nombreTorneo": "I Open Internacional de Menansalbas - ITSF 250 WT 2024",
    "competicionId": 406,
    "nombreCompeticion": "OPEN DOBLES",
    "tipoCompeticionId": 1,
    "tipoCompeticion": "Open Dobles",
    "equipoJugadores": "Hector NUÑEZ SAEZ - Guillermo CORDOBA RAMIRO",
    "equipoDTO": {
      "equipoId": 124,
      "jugadores": [
        {
          "jugadorId": 4,
          "nombreJugador": "Hector NUÑEZ SAEZ"
        },
        {
          "jugadorId": 22,
          "nombreJugador": "Guillermo CORDOBA RAMIRO"
        }
      ]
    },
    "posicion": 7
  },
  {
    "torneoId": 126,
    "nombreTorneo": "I Open Internacional de Menansalbas - ITSF 250 WT 2024",
    "competicionId": 406,
    "nombreCompeticion": "OPEN DOBLES",
    "tipoCompeticionId": 1,
    "tipoCompeticion": "Open Dobles",
    "equipoJugadores": "Juan Manuel ROJO PEREZ - Antonio SANZ LORENTE",
    "equipoDTO": {
      "equipoId": 1024,
      "jugadores": [
        {
          "jugadorId": 480,
          "nombreJugador": "Juan Manuel ROJO PEREZ"
        },
        {
          "jugadorId": 500,
          "nombreJugador": "Antonio SANZ LORENTE"
        }
      ]
    },
    "posicion": 8
  },
  {
    "torneoId": 126,
    "nombreTorneo": "I Open Internacional de Menansalbas - ITSF 250 WT 2024",
    "competicionId": 406,
    "nombreCompeticion": "OPEN DOBLES",
    "tipoCompeticionId": 1,
    "tipoCompeticion": "Open Dobles",
    "equipoJugadores": "David NIETO HERNANDEZ - Jordan GONZALEZ REBOSO",
    "equipoDTO": {
      "equipoId": 2186,
      "jugadores": [
        {
          "jugadorId": 3,
          "nombreJugador": "David NIETO HERNANDEZ"
        },
        {
          "jugadorId": 614,
          "nombreJugador": "Jordan GONZALEZ REBOSO"
        }
      ]
    },
    "posicion": 9
  },
  {
    "torneoId": 126,
    "nombreTorneo": "I Open Internacional de Menansalbas - ITSF 250 WT 2024",
    "competicionId": 406,
    "nombreCompeticion": "OPEN DOBLES",
    "tipoCompeticionId": 1,
    "tipoCompeticion": "Open Dobles",
    "equipoJugadores": "Daniel GUTIERREZ LOPEZ - Santiago FERNANDEZ GAYO",
    "equipoDTO": {
      "equipoId": 2613,
      "jugadores": [
        {
          "jugadorId": 949,
          "nombreJugador": "Daniel GUTIERREZ LOPEZ"
        },
        {
          "jugadorId": 991,
          "nombreJugador": "Santiago FERNANDEZ GAYO"
        }
      ]
    },
    "posicion": 10
  },
  {
    "torneoId": 126,
    "nombreTorneo": "I Open Internacional de Menansalbas - ITSF 250 WT 2024",
    "competicionId": 406,
    "nombreCompeticion": "OPEN DOBLES",
    "tipoCompeticionId": 1,
    "tipoCompeticion": "Open Dobles",
    "equipoJugadores": "Adrian RAMIREZ PINTADO - Angel Luis COBO MORALES",
    "equipoDTO": {
      "equipoId": 2739,
      "jugadores": [
        {
          "jugadorId": 46,
          "nombreJugador": "Adrian RAMIREZ PINTADO"
        },
        {
          "jugadorId": 177,
          "nombreJugador": "Angel Luis COBO MORALES"
        }
      ]
    },
    "posicion": 11
  },
  {
    "torneoId": 126,
    "nombreTorneo": "I Open Internacional de Menansalbas - ITSF 250 WT 2024",
    "competicionId": 406,
    "nombreCompeticion": "OPEN DOBLES",
    "tipoCompeticionId": 1,
    "tipoCompeticion": "Open Dobles",
    "equipoJugadores": "Roberto PARRALEJO - Raul PEREZ MARTINEZ",
    "equipoDTO": {
      "equipoId": 2181,
      "jugadores": [
        {
          "jugadorId": 15,
          "nombreJugador": "Roberto PARRALEJO"
        },
        {
          "jugadorId": 694,
          "nombreJugador": "Raul PEREZ MARTINEZ"
        }
      ]
    },
    "posicion": 12
  },
  {
    "torneoId": 126,
    "nombreTorneo": "I Open Internacional de Menansalbas - ITSF 250 WT 2024",
    "competicionId": 406,
    "nombreCompeticion": "OPEN DOBLES",
    "tipoCompeticionId": 1,
    "tipoCompeticion": "Open Dobles",
    "equipoJugadores": "Antonio  NAVARRO PACHECA - Carlos CARPIO",
    "equipoDTO": {
      "equipoId": 2931,
      "jugadores": [
        {
          "jugadorId": 434,
          "nombreJugador": "Antonio  NAVARRO PACHECA"
        },
        {
          "jugadorId": 1152,
          "nombreJugador": "Carlos CARPIO"
        }
      ]
    },
    "posicion": 13
  },
  {
    "torneoId": 126,
    "nombreTorneo": "I Open Internacional de Menansalbas - ITSF 250 WT 2024",
    "competicionId": 406,
    "nombreCompeticion": "OPEN DOBLES",
    "tipoCompeticionId": 1,
    "tipoCompeticion": "Open Dobles",
    "equipoJugadores": "Juan Francisco SANZ LORENTE - Borja GARCÍA ALTAVER",
    "equipoDTO": {
      "equipoId": 2930,
      "jugadores": [
        {
          "jugadorId": 242,
          "nombreJugador": "Juan Francisco SANZ LORENTE"
        },
        {
          "jugadorId": 746,
          "nombreJugador": "Borja GARCÍA ALTAVER"
        }
      ]
    },
    "posicion": 14
  },
  {
    "torneoId": 126,
    "nombreTorneo": "I Open Internacional de Menansalbas - ITSF 250 WT 2024",
    "competicionId": 406,
    "nombreCompeticion": "OPEN DOBLES",
    "tipoCompeticionId": 1,
    "tipoCompeticion": "Open Dobles",
    "equipoJugadores": "Julián GIL VIYUELA - Jorge FERNÁNDEZ MARTÍNEZ",
    "equipoDTO": {
      "equipoId": 2932,
      "jugadores": [
        {
          "jugadorId": 1154,
          "nombreJugador": "Julián GIL VIYUELA"
        },
        {
          "jugadorId": 1155,
          "nombreJugador": "Jorge FERNÁNDEZ MARTÍNEZ"
        }
      ]
    },
    "posicion": 15
  },
  {
    "torneoId": 126,
    "nombreTorneo": "I Open Internacional de Menansalbas - ITSF 250 WT 2024",
    "competicionId": 406,
    "nombreCompeticion": "OPEN DOBLES",
    "tipoCompeticionId": 1,
    "tipoCompeticion": "Open Dobles",
    "equipoJugadores": "Jonathan HERRERA RAMOS - Alejandro SANCHEZ BEJARANO",
    "equipoDTO": {
      "equipoId": 2391,
      "jugadores": [
        {
          "jugadorId": 378,
          "nombreJugador": "Jonathan HERRERA RAMOS"
        },
        {
          "jugadorId": 710,
          "nombreJugador": "Alejandro SANCHEZ BEJARANO"
        }
      ]
    },
    "posicion": 16
  },
  {
    "torneoId": 126,
    "nombreTorneo": "I Open Internacional de Menansalbas - ITSF 250 WT 2024",
    "competicionId": 406,
    "nombreCompeticion": "OPEN DOBLES",
    "tipoCompeticionId": 1,
    "tipoCompeticion": "Open Dobles",
    "equipoJugadores": "Sergio QUILES PANIAGUA - Ivan RUIZ GARCIA",
    "equipoDTO": {
      "equipoId": 2929,
      "jugadores": [
        {
          "jugadorId": 734,
          "nombreJugador": "Sergio QUILES PANIAGUA"
        },
        {
          "jugadorId": 1156,
          "nombreJugador": "Ivan RUIZ GARCIA"
        }
      ]
    },
    "posicion": 17
  },
  {
    "torneoId": 126,
    "nombreTorneo": "I Open Internacional de Menansalbas - ITSF 250 WT 2024",
    "competicionId": 406,
    "nombreCompeticion": "OPEN DOBLES",
    "tipoCompeticionId": 1,
    "tipoCompeticion": "Open Dobles",
    "equipoJugadores": "Ivan MAYORGA SANDOVAL - Alicia CALVO PEREZ",
    "equipoDTO": {
      "equipoId": 2265,
      "jugadores": [
        {
          "jugadorId": 225,
          "nombreJugador": "Ivan MAYORGA SANDOVAL"
        },
        {
          "jugadorId": 828,
          "nombreJugador": "Alicia CALVO PEREZ"
        }
      ]
    },
    "posicion": 18
  },
  {
    "torneoId": 126,
    "nombreTorneo": "I Open Internacional de Menansalbas - ITSF 250 WT 2024",
    "competicionId": 406,
    "nombreCompeticion": "OPEN DOBLES",
    "tipoCompeticionId": 1,
    "tipoCompeticion": "Open Dobles",
    "equipoJugadores": "Gustavo RAMOS CUENCA - Silvia RODRIGUEZ MEDINA",
    "equipoDTO": {
      "equipoId": 1520,
      "jugadores": [
        {
          "jugadorId": 467,
          "nombreJugador": "Gustavo RAMOS CUENCA"
        },
        {
          "jugadorId": 476,
          "nombreJugador": "Silvia RODRIGUEZ MEDINA"
        }
      ]
    },
    "posicion": 19
  },
  {
    "torneoId": 126,
    "nombreTorneo": "I Open Internacional de Menansalbas - ITSF 250 WT 2024",
    "competicionId": 406,
    "nombreCompeticion": "OPEN DOBLES",
    "tipoCompeticionId": 1,
    "tipoCompeticion": "Open Dobles",
    "equipoJugadores": "Ismael CID GARCIA - Javier MORENO FERNANDEZ",
    "equipoDTO": {
      "equipoId": 2925,
      "jugadores": [
        {
          "jugadorId": 295,
          "nombreJugador": "Ismael CID GARCIA"
        },
        {
          "jugadorId": 428,
          "nombreJugador": "Javier MORENO FERNANDEZ"
        }
      ]
    },
    "posicion": 20
  },
  {
    "torneoId": 126,
    "nombreTorneo": "I Open Internacional de Menansalbas - ITSF 250 WT 2024",
    "competicionId": 406,
    "nombreCompeticion": "OPEN DOBLES",
    "tipoCompeticionId": 1,
    "tipoCompeticion": "Open Dobles",
    "equipoJugadores": "Hicham FENNI RHOUZALI - Ricardo LANCHA HIGUERA",
    "equipoDTO": {
      "equipoId": 2926,
      "jugadores": [
        {
          "jugadorId": 319,
          "nombreJugador": "Hicham FENNI RHOUZALI"
        },
        {
          "jugadorId": 388,
          "nombreJugador": "Ricardo LANCHA HIGUERA"
        }
      ]
    },
    "posicion": 21
  },
  {
    "torneoId": 126,
    "nombreTorneo": "I Open Internacional de Menansalbas - ITSF 250 WT 2024",
    "competicionId": 406,
    "nombreCompeticion": "OPEN DOBLES",
    "tipoCompeticionId": 1,
    "tipoCompeticion": "Open Dobles",
    "equipoJugadores": "Armando BUENO LOPEZ - Ricardo LEAL DAMAS",
    "equipoDTO": {
      "equipoId": 2928,
      "jugadores": [
        {
          "jugadorId": 114,
          "nombreJugador": "Armando BUENO LOPEZ"
        },
        {
          "jugadorId": 698,
          "nombreJugador": "Ricardo LEAL DAMAS"
        }
      ]
    },
    "posicion": 22
  },
  {
    "torneoId": 126,
    "nombreTorneo": "I Open Internacional de Menansalbas - ITSF 250 WT 2024",
    "competicionId": 409,
    "nombreCompeticion": "ESPAÑA AMATEUR DOBLE",
    "tipoCompeticionId": 2,
    "tipoCompeticion": "Amater Dobles",
    "equipoJugadores": "Daniel GUTIERREZ LOPEZ - Santiago FERNANDEZ GAYO",
    "equipoDTO": {
      "equipoId": 2613,
      "jugadores": [
        {
          "jugadorId": 949,
          "nombreJugador": "Daniel GUTIERREZ LOPEZ"
        },
        {
          "jugadorId": 991,
          "nombreJugador": "Santiago FERNANDEZ GAYO"
        }
      ]
    },
    "posicion": 1
  },
  {
    "torneoId": 126,
    "nombreTorneo": "I Open Internacional de Menansalbas - ITSF 250 WT 2024",
    "competicionId": 409,
    "nombreCompeticion": "ESPAÑA AMATEUR DOBLE",
    "tipoCompeticionId": 2,
    "tipoCompeticion": "Amater Dobles",
    "equipoJugadores": "Sergio QUILES PANIAGUA - Ivan RUIZ GARCIA",
    "equipoDTO": {
      "equipoId": 2929,
      "jugadores": [
        {
          "jugadorId": 734,
          "nombreJugador": "Sergio QUILES PANIAGUA"
        },
        {
          "jugadorId": 1156,
          "nombreJugador": "Ivan RUIZ GARCIA"
        }
      ]
    },
    "posicion": 2
  },
  {
    "torneoId": 126,
    "nombreTorneo": "I Open Internacional de Menansalbas - ITSF 250 WT 2024",
    "competicionId": 409,
    "nombreCompeticion": "ESPAÑA AMATEUR DOBLE",
    "tipoCompeticionId": 2,
    "tipoCompeticion": "Amater Dobles",
    "equipoJugadores": "Julián GIL VIYUELA - Jorge FERNÁNDEZ MARTÍNEZ",
    "equipoDTO": {
      "equipoId": 2932,
      "jugadores": [
        {
          "jugadorId": 1154,
          "nombreJugador": "Julián GIL VIYUELA"
        },
        {
          "jugadorId": 1155,
          "nombreJugador": "Jorge FERNÁNDEZ MARTÍNEZ"
        }
      ]
    },
    "posicion": 3
  },
  {
    "torneoId": 126,
    "nombreTorneo": "I Open Internacional de Menansalbas - ITSF 250 WT 2024",
    "competicionId": 409,
    "nombreCompeticion": "ESPAÑA AMATEUR DOBLE",
    "tipoCompeticionId": 2,
    "tipoCompeticion": "Amater Dobles",
    "equipoJugadores": "Jonathan HERRERA RAMOS - Alejandro SANCHEZ BEJARANO",
    "equipoDTO": {
      "equipoId": 2391,
      "jugadores": [
        {
          "jugadorId": 378,
          "nombreJugador": "Jonathan HERRERA RAMOS"
        },
        {
          "jugadorId": 710,
          "nombreJugador": "Alejandro SANCHEZ BEJARANO"
        }
      ]
    },
    "posicion": 4
  },
  {
    "torneoId": 126,
    "nombreTorneo": "I Open Internacional de Menansalbas - ITSF 250 WT 2024",
    "competicionId": 409,
    "nombreCompeticion": "ESPAÑA AMATEUR DOBLE",
    "tipoCompeticionId": 2,
    "tipoCompeticion": "Amater Dobles",
    "equipoJugadores": "Ivan MAYORGA SANDOVAL - Alicia CALVO PEREZ",
    "equipoDTO": {
      "equipoId": 2265,
      "jugadores": [
        {
          "jugadorId": 225,
          "nombreJugador": "Ivan MAYORGA SANDOVAL"
        },
        {
          "jugadorId": 828,
          "nombreJugador": "Alicia CALVO PEREZ"
        }
      ]
    },
    "posicion": 5
  },
  {
    "torneoId": 126,
    "nombreTorneo": "I Open Internacional de Menansalbas - ITSF 250 WT 2024",
    "competicionId": 409,
    "nombreCompeticion": "ESPAÑA AMATEUR DOBLE",
    "tipoCompeticionId": 2,
    "tipoCompeticion": "Amater Dobles",
    "equipoJugadores": "Armando BUENO LOPEZ - Ricardo LEAL DAMAS",
    "equipoDTO": {
      "equipoId": 2928,
      "jugadores": [
        {
          "jugadorId": 114,
          "nombreJugador": "Armando BUENO LOPEZ"
        },
        {
          "jugadorId": 698,
          "nombreJugador": "Ricardo LEAL DAMAS"
        }
      ]
    },
    "posicion": 6
  },
  {
    "torneoId": 126,
    "nombreTorneo": "I Open Internacional de Menansalbas - ITSF 250 WT 2024",
    "competicionId": 409,
    "nombreCompeticion": "ESPAÑA AMATEUR DOBLE",
    "tipoCompeticionId": 2,
    "tipoCompeticion": "Amater Dobles",
    "equipoJugadores": "Ismael CID GARCIA - Javier MORENO FERNANDEZ",
    "equipoDTO": {
      "equipoId": 2925,
      "jugadores": [
        {
          "jugadorId": 295,
          "nombreJugador": "Ismael CID GARCIA"
        },
        {
          "jugadorId": 428,
          "nombreJugador": "Javier MORENO FERNANDEZ"
        }
      ]
    },
    "posicion": 7
  },
  {
    "torneoId": 126,
    "nombreTorneo": "I Open Internacional de Menansalbas - ITSF 250 WT 2024",
    "competicionId": 409,
    "nombreCompeticion": "ESPAÑA AMATEUR DOBLE",
    "tipoCompeticionId": 2,
    "tipoCompeticion": "Amater Dobles",
    "equipoJugadores": "Hicham FENNI RHOUZALI - Ricardo LANCHA HIGUERA",
    "equipoDTO": {
      "equipoId": 2926,
      "jugadores": [
        {
          "jugadorId": 319,
          "nombreJugador": "Hicham FENNI RHOUZALI"
        },
        {
          "jugadorId": 388,
          "nombreJugador": "Ricardo LANCHA HIGUERA"
        }
      ]
    },
    "posicion": 8
  },
  {
    "torneoId": 126,
    "nombreTorneo": "I Open Internacional de Menansalbas - ITSF 250 WT 2024",
    "competicionId": 409,
    "nombreCompeticion": "ESPAÑA AMATEUR DOBLE",
    "tipoCompeticionId": 2,
    "tipoCompeticion": "Amater Dobles",
    "equipoJugadores": "Gustavo RAMOS CUENCA - Silvia RODRIGUEZ MEDINA",
    "equipoDTO": {
      "equipoId": 1520,
      "jugadores": [
        {
          "jugadorId": 467,
          "nombreJugador": "Gustavo RAMOS CUENCA"
        },
        {
          "jugadorId": 476,
          "nombreJugador": "Silvia RODRIGUEZ MEDINA"
        }
      ]
    },
    "posicion": 9
  },
  {
    "torneoId": 126,
    "nombreTorneo": "I Open Internacional de Menansalbas - ITSF 250 WT 2024",
    "competicionId": 409,
    "nombreCompeticion": "ESPAÑA AMATEUR DOBLE",
    "tipoCompeticionId": 2,
    "tipoCompeticion": "Amater Dobles",
    "equipoJugadores": "Antonio  NAVARRO PACHECA - Carlos CARPIO",
    "equipoDTO": {
      "equipoId": 2931,
      "jugadores": [
        {
          "jugadorId": 434,
          "nombreJugador": "Antonio  NAVARRO PACHECA"
        },
        {
          "jugadorId": 1152,
          "nombreJugador": "Carlos CARPIO"
        }
      ]
    },
    "posicion": 10
  },
  {
    "torneoId": 126,
    "nombreTorneo": "I Open Internacional de Menansalbas - ITSF 250 WT 2024",
    "competicionId": 410,
    "nombreCompeticion": "ESPAÑA ROOKIE DOBLES",
    "tipoCompeticionId": 10,
    "tipoCompeticion": "Rookie Dobles",
    "equipoJugadores": "Juan Francisco SANZ LORENTE - Ivan RUIZ GARCIA",
    "equipoDTO": {
      "equipoId": 2933,
      "jugadores": [
        {
          "jugadorId": 242,
          "nombreJugador": "Juan Francisco SANZ LORENTE"
        },
        {
          "jugadorId": 1156,
          "nombreJugador": "Ivan RUIZ GARCIA"
        }
      ]
    },
    "posicion": 1
  },
  {
    "torneoId": 126,
    "nombreTorneo": "I Open Internacional de Menansalbas - ITSF 250 WT 2024",
    "competicionId": 410,
    "nombreCompeticion": "ESPAÑA ROOKIE DOBLES",
    "tipoCompeticionId": 10,
    "tipoCompeticion": "Rookie Dobles",
    "equipoJugadores": "Ismael CID GARCIA - Javier MORENO FERNANDEZ",
    "equipoDTO": {
      "equipoId": 2925,
      "jugadores": [
        {
          "jugadorId": 295,
          "nombreJugador": "Ismael CID GARCIA"
        },
        {
          "jugadorId": 428,
          "nombreJugador": "Javier MORENO FERNANDEZ"
        }
      ]
    },
    "posicion": 2
  },
  {
    "torneoId": 126,
    "nombreTorneo": "I Open Internacional de Menansalbas - ITSF 250 WT 2024",
    "competicionId": 410,
    "nombreCompeticion": "ESPAÑA ROOKIE DOBLES",
    "tipoCompeticionId": 10,
    "tipoCompeticion": "Rookie Dobles",
    "equipoJugadores": "Ricardo LEAL DAMAS - Carlos CARPIO",
    "equipoDTO": {
      "equipoId": 2934,
      "jugadores": [
        {
          "jugadorId": 698,
          "nombreJugador": "Ricardo LEAL DAMAS"
        },
        {
          "jugadorId": 1152,
          "nombreJugador": "Carlos CARPIO"
        }
      ]
    },
    "posicion": 3
  },
  {
    "torneoId": 126,
    "nombreTorneo": "I Open Internacional de Menansalbas - ITSF 250 WT 2024",
    "competicionId": 410,
    "nombreCompeticion": "ESPAÑA ROOKIE DOBLES",
    "tipoCompeticionId": 10,
    "tipoCompeticion": "Rookie Dobles",
    "equipoJugadores": "Julián GIL VIYUELA - Jorge FERNÁNDEZ MARTÍNEZ",
    "equipoDTO": {
      "equipoId": 2932,
      "jugadores": [
        {
          "jugadorId": 1154,
          "nombreJugador": "Julián GIL VIYUELA"
        },
        {
          "jugadorId": 1155,
          "nombreJugador": "Jorge FERNÁNDEZ MARTÍNEZ"
        }
      ]
    },
    "posicion": 4
  },
  {
    "torneoId": 126,
    "nombreTorneo": "I Open Internacional de Menansalbas - ITSF 250 WT 2024",
    "competicionId": 407,
    "nombreCompeticion": "PRO DOBLES",
    "tipoCompeticionId": 12,
    "tipoCompeticion": "ProDobles",
    "equipoJugadores": "Hector NUÑEZ SAEZ - Guillermo CORDOBA RAMIRO",
    "equipoDTO": {
      "equipoId": 124,
      "jugadores": [
        {
          "jugadorId": 4,
          "nombreJugador": "Hector NUÑEZ SAEZ"
        },
        {
          "jugadorId": 22,
          "nombreJugador": "Guillermo CORDOBA RAMIRO"
        }
      ]
    },
    "posicion": 1
  },
  {
    "torneoId": 126,
    "nombreTorneo": "I Open Internacional de Menansalbas - ITSF 250 WT 2024",
    "competicionId": 408,
    "nombreCompeticion": "ESPAÑA MASTER DOBLES",
    "tipoCompeticionId": 26,
    "tipoCompeticion": "MasterDobles",
    "equipoJugadores": "Adrian RAMIREZ PINTADO - Angel Luis COBO MUÑOZ",
    "equipoDTO": {
      "equipoId": 58,
      "jugadores": [
        {
          "jugadorId": 46,
          "nombreJugador": "Adrian RAMIREZ PINTADO"
        },
        {
          "jugadorId": 47,
          "nombreJugador": "Angel Luis COBO MUÑOZ"
        }
      ]
    },
    "posicion": 1
  },
  {
    "torneoId": 126,
    "nombreTorneo": "I Open Internacional de Menansalbas - ITSF 250 WT 2024",
    "competicionId": 408,
    "nombreCompeticion": "ESPAÑA MASTER DOBLES",
    "tipoCompeticionId": 26,
    "tipoCompeticion": "MasterDobles",
    "equipoJugadores": "Bernardo PEREA PEINADO - Angel Luis COBO MORALES",
    "equipoDTO": {
      "equipoId": 1186,
      "jugadores": [
        {
          "jugadorId": 85,
          "nombreJugador": "Bernardo PEREA PEINADO"
        },
        {
          "jugadorId": 177,
          "nombreJugador": "Angel Luis COBO MORALES"
        }
      ]
    },
    "posicion": 2
  },
  {
    "torneoId": 126,
    "nombreTorneo": "I Open Internacional de Menansalbas - ITSF 250 WT 2024",
    "competicionId": 407,
    "nombreCompeticion": "PRO DOBLES",
    "tipoCompeticionId": 12,
    "tipoCompeticion": "ProDobles",
    "equipoJugadores": "Carlos MORALES CONTRERAS - Alberto VILÁ PÉREZ",
    "equipoDTO": {
      "equipoId": 2927,
      "jugadores": [
        {
          "jugadorId": 93,
          "nombreJugador": "Carlos MORALES CONTRERAS"
        },
        {
          "jugadorId": 687,
          "nombreJugador": "Alberto VILÁ PÉREZ"
        }
      ]
    },
    "posicion": 2
  },
  {
    "torneoId": 126,
    "nombreTorneo": "I Open Internacional de Menansalbas - ITSF 250 WT 2024",
    "competicionId": 408,
    "nombreCompeticion": "ESPAÑA MASTER DOBLES",
    "tipoCompeticionId": 26,
    "tipoCompeticion": "MasterDobles",
    "equipoJugadores": "Javier PARADA PARADA - Jose angel PARADA PARADA",
    "equipoDTO": {
      "equipoId": 1689,
      "jugadores": [
        {
          "jugadorId": 651,
          "nombreJugador": "Javier PARADA PARADA"
        },
        {
          "jugadorId": 652,
          "nombreJugador": "Jose angel PARADA PARADA"
        }
      ]
    },
    "posicion": 3
  },
  {
    "torneoId": 126,
    "nombreTorneo": "I Open Internacional de Menansalbas - ITSF 250 WT 2024",
    "competicionId": 407,
    "nombreCompeticion": "PRO DOBLES",
    "tipoCompeticionId": 12,
    "tipoCompeticion": "ProDobles",
    "equipoJugadores": "Angel Luis COBO MUÑOZ - Angel Luis COBO MORALES",
    "equipoDTO": {
      "equipoId": 1105,
      "jugadores": [
        {
          "jugadorId": 47,
          "nombreJugador": "Angel Luis COBO MUÑOZ"
        },
        {
          "jugadorId": 177,
          "nombreJugador": "Angel Luis COBO MORALES"
        }
      ]
    },
    "posicion": 3
  },
  {
    "torneoId": 126,
    "nombreTorneo": "I Open Internacional de Menansalbas - ITSF 250 WT 2024",
    "competicionId": 408,
    "nombreCompeticion": "ESPAÑA MASTER DOBLES",
    "tipoCompeticionId": 26,
    "tipoCompeticion": "MasterDobles",
    "equipoJugadores": "Oscar ARTIAGA LOPEZ - Alberto VILÁ PÉREZ",
    "equipoDTO": {
      "equipoId": 2388,
      "jugadores": [
        {
          "jugadorId": 11,
          "nombreJugador": "Oscar ARTIAGA LOPEZ"
        },
        {
          "jugadorId": 687,
          "nombreJugador": "Alberto VILÁ PÉREZ"
        }
      ]
    },
    "posicion": 4
  },
  {
    "torneoId": 126,
    "nombreTorneo": "I Open Internacional de Menansalbas - ITSF 250 WT 2024",
    "competicionId": 407,
    "nombreCompeticion": "PRO DOBLES",
    "tipoCompeticionId": 12,
    "tipoCompeticion": "ProDobles",
    "equipoJugadores": "David NIETO HERNANDEZ - Jordan GONZALEZ REBOSO",
    "equipoDTO": {
      "equipoId": 2186,
      "jugadores": [
        {
          "jugadorId": 3,
          "nombreJugador": "David NIETO HERNANDEZ"
        },
        {
          "jugadorId": 614,
          "nombreJugador": "Jordan GONZALEZ REBOSO"
        }
      ]
    },
    "posicion": 4
  },
  {
    "torneoId": 126,
    "nombreTorneo": "I Open Internacional de Menansalbas - ITSF 250 WT 2024",
    "competicionId": 408,
    "nombreCompeticion": "ESPAÑA MASTER DOBLES",
    "tipoCompeticionId": 26,
    "tipoCompeticion": "MasterDobles",
    "equipoJugadores": "Roberto PARRALEJO - Raul PEREZ MARTINEZ",
    "equipoDTO": {
      "equipoId": 2181,
      "jugadores": [
        {
          "jugadorId": 15,
          "nombreJugador": "Roberto PARRALEJO"
        },
        {
          "jugadorId": 694,
          "nombreJugador": "Raul PEREZ MARTINEZ"
        }
      ]
    },
    "posicion": 5
  },
  {
    "torneoId": 126,
    "nombreTorneo": "I Open Internacional de Menansalbas - ITSF 250 WT 2024",
    "competicionId": 407,
    "nombreCompeticion": "PRO DOBLES",
    "tipoCompeticionId": 12,
    "tipoCompeticion": "ProDobles",
    "equipoJugadores": "Adrian RAMIREZ PINTADO - Bernardo PEREA PEINADO",
    "equipoDTO": {
      "equipoId": 2723,
      "jugadores": [
        {
          "jugadorId": 46,
          "nombreJugador": "Adrian RAMIREZ PINTADO"
        },
        {
          "jugadorId": 85,
          "nombreJugador": "Bernardo PEREA PEINADO"
        }
      ]
    },
    "posicion": 5
  },
  {
    "torneoId": 126,
    "nombreTorneo": "I Open Internacional de Menansalbas - ITSF 250 WT 2024",
    "competicionId": 408,
    "nombreCompeticion": "ESPAÑA MASTER DOBLES",
    "tipoCompeticionId": 26,
    "tipoCompeticion": "MasterDobles",
    "equipoJugadores": "Juan Manuel ROJO PEREZ - Antonio SANZ LORENTE",
    "equipoDTO": {
      "equipoId": 1024,
      "jugadores": [
        {
          "jugadorId": 480,
          "nombreJugador": "Juan Manuel ROJO PEREZ"
        },
        {
          "jugadorId": 500,
          "nombreJugador": "Antonio SANZ LORENTE"
        }
      ]
    },
    "posicion": 6
  },
  {
    "torneoId": 126,
    "nombreTorneo": "I Open Internacional de Menansalbas - ITSF 250 WT 2024",
    "competicionId": 407,
    "nombreCompeticion": "PRO DOBLES",
    "tipoCompeticionId": 12,
    "tipoCompeticion": "ProDobles",
    "equipoJugadores": "Alberto CARBALLO ROBLES - Angel DEL POZO BULLIDO",
    "equipoDTO": {
      "equipoId": 387,
      "jugadores": [
        {
          "jugadorId": 5,
          "nombreJugador": "Alberto CARBALLO ROBLES"
        },
        {
          "jugadorId": 21,
          "nombreJugador": "Angel DEL POZO BULLIDO"
        }
      ]
    },
    "posicion": 6
  },
  {
    "torneoId": 126,
    "nombreTorneo": "I Open Internacional de Menansalbas - ITSF 250 WT 2024",
    "competicionId": 407,
    "nombreCompeticion": "PRO DOBLES",
    "tipoCompeticionId": 12,
    "tipoCompeticion": "ProDobles",
    "equipoJugadores": "Carlos ARCEO YELA - Juan Francisco MARTINEZ ANDRADE",
    "equipoDTO": {
      "equipoId": 1020,
      "jugadores": [
        {
          "jugadorId": 56,
          "nombreJugador": "Carlos ARCEO YELA"
        },
        {
          "jugadorId": 106,
          "nombreJugador": "Juan Francisco MARTINEZ ANDRADE"
        }
      ]
    },
    "posicion": 7
  },
  {
    "torneoId": 126,
    "nombreTorneo": "I Open Internacional de Menansalbas - ITSF 250 WT 2024",
    "competicionId": 407,
    "nombreCompeticion": "PRO DOBLES",
    "tipoCompeticionId": 12,
    "tipoCompeticion": "ProDobles",
    "equipoJugadores": "Javier PARADA PARADA - Jose angel PARADA PARADA",
    "equipoDTO": {
      "equipoId": 1689,
      "jugadores": [
        {
          "jugadorId": 651,
          "nombreJugador": "Javier PARADA PARADA"
        },
        {
          "jugadorId": 652,
          "nombreJugador": "Jose angel PARADA PARADA"
        }
      ]
    },
    "posicion": 8
  },
  {
    "torneoId": 126,
    "nombreTorneo": "I Open Internacional de Menansalbas - ITSF 250 WT 2024",
    "competicionId": 407,
    "nombreCompeticion": "PRO DOBLES",
    "tipoCompeticionId": 12,
    "tipoCompeticion": "ProDobles",
    "equipoJugadores": "Roberto PARRALEJO - Raul PEREZ MARTINEZ",
    "equipoDTO": {
      "equipoId": 2181,
      "jugadores": [
        {
          "jugadorId": 15,
          "nombreJugador": "Roberto PARRALEJO"
        },
        {
          "jugadorId": 694,
          "nombreJugador": "Raul PEREZ MARTINEZ"
        }
      ]
    },
    "posicion": 9
  },
  {
    "torneoId": 126,
    "nombreTorneo": "I Open Internacional de Menansalbas - ITSF 250 WT 2024",
    "competicionId": 407,
    "nombreCompeticion": "PRO DOBLES",
    "tipoCompeticionId": 12,
    "tipoCompeticion": "ProDobles",
    "equipoJugadores": "Juan Manuel ROJO PEREZ - Antonio SANZ LORENTE",
    "equipoDTO": {
      "equipoId": 1024,
      "jugadores": [
        {
          "jugadorId": 480,
          "nombreJugador": "Juan Manuel ROJO PEREZ"
        },
        {
          "jugadorId": 500,
          "nombreJugador": "Antonio SANZ LORENTE"
        }
      ]
    },
    "posicion": 10
  },
  {
    "torneoId": 126,
    "nombreTorneo": "I Open Internacional de Menansalbas - ITSF 250 WT 2024",
    "competicionId": 407,
    "nombreCompeticion": "PRO DOBLES",
    "tipoCompeticionId": 12,
    "tipoCompeticion": "ProDobles",
    "equipoJugadores": "Jorge GOMEZ LLANO - Oscar ARTIAGA LOPEZ",
    "equipoDTO": {
      "equipoId": 177,
      "jugadores": [
        {
          "jugadorId": 10,
          "nombreJugador": "Jorge GOMEZ LLANO"
        },
        {
          "jugadorId": 11,
          "nombreJugador": "Oscar ARTIAGA LOPEZ"
        }
      ]
    },
    "posicion": 11
  },
  {
    "torneoId": 126,
    "nombreTorneo": "I Open Internacional de Menansalbas - ITSF 250 WT 2024",
    "competicionId": 405,
    "nombreCompeticion": "OPEN INDIVIDUAL",
    "tipoCompeticionId": 13,
    "tipoCompeticion": "Open Individual",
    "equipoJugadores": "Guillermo CORDOBA RAMIRO",
    "equipoDTO": {
      "equipoId": 8,
      "jugadores": [
        {
          "jugadorId": 22,
          "nombreJugador": "Guillermo CORDOBA RAMIRO"
        }
      ]
    },
    "posicion": 1
  },
  {
    "torneoId": 126,
    "nombreTorneo": "I Open Internacional de Menansalbas - ITSF 250 WT 2024",
    "competicionId": 405,
    "nombreCompeticion": "OPEN INDIVIDUAL",
    "tipoCompeticionId": 13,
    "tipoCompeticion": "Open Individual",
    "equipoJugadores": "Jorge GOMEZ LLANO",
    "equipoDTO": {
      "equipoId": 15,
      "jugadores": [
        {
          "jugadorId": 10,
          "nombreJugador": "Jorge GOMEZ LLANO"
        }
      ]
    },
    "posicion": 2
  },
  {
    "torneoId": 126,
    "nombreTorneo": "I Open Internacional de Menansalbas - ITSF 250 WT 2024",
    "competicionId": 405,
    "nombreCompeticion": "OPEN INDIVIDUAL",
    "tipoCompeticionId": 13,
    "tipoCompeticion": "Open Individual",
    "equipoJugadores": "Hector NUÑEZ SAEZ",
    "equipoDTO": {
      "equipoId": 23,
      "jugadores": [
        {
          "jugadorId": 4,
          "nombreJugador": "Hector NUÑEZ SAEZ"
        }
      ]
    },
    "posicion": 3
  },
  {
    "torneoId": 126,
    "nombreTorneo": "I Open Internacional de Menansalbas - ITSF 250 WT 2024",
    "competicionId": 405,
    "nombreCompeticion": "OPEN INDIVIDUAL",
    "tipoCompeticionId": 13,
    "tipoCompeticion": "Open Individual",
    "equipoJugadores": "Carlos MORALES CONTRERAS",
    "equipoDTO": {
      "equipoId": 204,
      "jugadores": [
        {
          "jugadorId": 93,
          "nombreJugador": "Carlos MORALES CONTRERAS"
        }
      ]
    },
    "posicion": 4
  },
  {
    "torneoId": 126,
    "nombreTorneo": "I Open Internacional de Menansalbas - ITSF 250 WT 2024",
    "competicionId": 405,
    "nombreCompeticion": "OPEN INDIVIDUAL",
    "tipoCompeticionId": 13,
    "tipoCompeticion": "Open Individual",
    "equipoJugadores": "Juan Francisco MARTINEZ ANDRADE",
    "equipoDTO": {
      "equipoId": 217,
      "jugadores": [
        {
          "jugadorId": 106,
          "nombreJugador": "Juan Francisco MARTINEZ ANDRADE"
        }
      ]
    },
    "posicion": 5
  },
  {
    "torneoId": 126,
    "nombreTorneo": "I Open Internacional de Menansalbas - ITSF 250 WT 2024",
    "competicionId": 405,
    "nombreCompeticion": "OPEN INDIVIDUAL",
    "tipoCompeticionId": 13,
    "tipoCompeticion": "Open Individual",
    "equipoJugadores": "Borja GARCÍA ALTAVER",
    "equipoDTO": {
      "equipoId": 1998,
      "jugadores": [
        {
          "jugadorId": 746,
          "nombreJugador": "Borja GARCÍA ALTAVER"
        }
      ]
    },
    "posicion": 6
  },
  {
    "torneoId": 126,
    "nombreTorneo": "I Open Internacional de Menansalbas - ITSF 250 WT 2024",
    "competicionId": 405,
    "nombreCompeticion": "OPEN INDIVIDUAL",
    "tipoCompeticionId": 13,
    "tipoCompeticion": "Open Individual",
    "equipoJugadores": "Juan Manuel ROJO PEREZ",
    "equipoDTO": {
      "equipoId": 964,
      "jugadores": [
        {
          "jugadorId": 480,
          "nombreJugador": "Juan Manuel ROJO PEREZ"
        }
      ]
    },
    "posicion": 7
  },
  {
    "torneoId": 126,
    "nombreTorneo": "I Open Internacional de Menansalbas - ITSF 250 WT 2024",
    "competicionId": 405,
    "nombreCompeticion": "OPEN INDIVIDUAL",
    "tipoCompeticionId": 13,
    "tipoCompeticion": "Open Individual",
    "equipoJugadores": "Bernardo PEREA PEINADO",
    "equipoDTO": {
      "equipoId": 173,
      "jugadores": [
        {
          "jugadorId": 85,
          "nombreJugador": "Bernardo PEREA PEINADO"
        }
      ]
    },
    "posicion": 8
  },
  {
    "torneoId": 126,
    "nombreTorneo": "I Open Internacional de Menansalbas - ITSF 250 WT 2024",
    "competicionId": 405,
    "nombreCompeticion": "OPEN INDIVIDUAL",
    "tipoCompeticionId": 13,
    "tipoCompeticion": "Open Individual",
    "equipoJugadores": "Jordan GONZALEZ REBOSO",
    "equipoDTO": {
      "equipoId": 1551,
      "jugadores": [
        {
          "jugadorId": 614,
          "nombreJugador": "Jordan GONZALEZ REBOSO"
        }
      ]
    },
    "posicion": 9
  },
  {
    "torneoId": 126,
    "nombreTorneo": "I Open Internacional de Menansalbas - ITSF 250 WT 2024",
    "competicionId": 405,
    "nombreCompeticion": "OPEN INDIVIDUAL",
    "tipoCompeticionId": 13,
    "tipoCompeticion": "Open Individual",
    "equipoJugadores": "Javier PARADA PARADA",
    "equipoDTO": {
      "equipoId": 1695,
      "jugadores": [
        {
          "jugadorId": 651,
          "nombreJugador": "Javier PARADA PARADA"
        }
      ]
    },
    "posicion": 10
  },
  {
    "torneoId": 126,
    "nombreTorneo": "I Open Internacional de Menansalbas - ITSF 250 WT 2024",
    "competicionId": 405,
    "nombreCompeticion": "OPEN INDIVIDUAL",
    "tipoCompeticionId": 13,
    "tipoCompeticion": "Open Individual",
    "equipoJugadores": "Carlos ARCEO YELA",
    "equipoDTO": {
      "equipoId": 95,
      "jugadores": [
        {
          "jugadorId": 56,
          "nombreJugador": "Carlos ARCEO YELA"
        }
      ]
    },
    "posicion": 11
  },
  {
    "torneoId": 126,
    "nombreTorneo": "I Open Internacional de Menansalbas - ITSF 250 WT 2024",
    "competicionId": 405,
    "nombreCompeticion": "OPEN INDIVIDUAL",
    "tipoCompeticionId": 13,
    "tipoCompeticion": "Open Individual",
    "equipoJugadores": "David NIETO HERNANDEZ",
    "equipoDTO": {
      "equipoId": 22,
      "jugadores": [
        {
          "jugadorId": 3,
          "nombreJugador": "David NIETO HERNANDEZ"
        }
      ]
    },
    "posicion": 12
  },
  {
    "torneoId": 126,
    "nombreTorneo": "I Open Internacional de Menansalbas - ITSF 250 WT 2024",
    "competicionId": 405,
    "nombreCompeticion": "OPEN INDIVIDUAL",
    "tipoCompeticionId": 13,
    "tipoCompeticion": "Open Individual",
    "equipoJugadores": "Adrian RAMIREZ PINTADO",
    "equipoDTO": {
      "equipoId": 85,
      "jugadores": [
        {
          "jugadorId": 46,
          "nombreJugador": "Adrian RAMIREZ PINTADO"
        }
      ]
    },
    "posicion": 13
  },
  {
    "torneoId": 126,
    "nombreTorneo": "I Open Internacional de Menansalbas - ITSF 250 WT 2024",
    "competicionId": 405,
    "nombreCompeticion": "OPEN INDIVIDUAL",
    "tipoCompeticionId": 13,
    "tipoCompeticion": "Open Individual",
    "equipoJugadores": "Armando BUENO LOPEZ",
    "equipoDTO": {
      "equipoId": 241,
      "jugadores": [
        {
          "jugadorId": 114,
          "nombreJugador": "Armando BUENO LOPEZ"
        }
      ]
    },
    "posicion": 14
  },
  {
    "torneoId": 126,
    "nombreTorneo": "I Open Internacional de Menansalbas - ITSF 250 WT 2024",
    "competicionId": 405,
    "nombreCompeticion": "OPEN INDIVIDUAL",
    "tipoCompeticionId": 13,
    "tipoCompeticion": "Open Individual",
    "equipoJugadores": "Alberto CARBALLO ROBLES",
    "equipoDTO": {
      "equipoId": 6,
      "jugadores": [
        {
          "jugadorId": 5,
          "nombreJugador": "Alberto CARBALLO ROBLES"
        }
      ]
    },
    "posicion": 15
  },
  {
    "torneoId": 126,
    "nombreTorneo": "I Open Internacional de Menansalbas - ITSF 250 WT 2024",
    "competicionId": 405,
    "nombreCompeticion": "OPEN INDIVIDUAL",
    "tipoCompeticionId": 13,
    "tipoCompeticion": "Open Individual",
    "equipoJugadores": "Angel Luis COBO MUÑOZ",
    "equipoDTO": {
      "equipoId": 86,
      "jugadores": [
        {
          "jugadorId": 47,
          "nombreJugador": "Angel Luis COBO MUÑOZ"
        }
      ]
    },
    "posicion": 16
  },
  {
    "torneoId": 126,
    "nombreTorneo": "I Open Internacional de Menansalbas - ITSF 250 WT 2024",
    "competicionId": 405,
    "nombreCompeticion": "OPEN INDIVIDUAL",
    "tipoCompeticionId": 13,
    "tipoCompeticion": "Open Individual",
    "equipoJugadores": "Daniel GUTIERREZ LOPEZ",
    "equipoDTO": {
      "equipoId": 2513,
      "jugadores": [
        {
          "jugadorId": 949,
          "nombreJugador": "Daniel GUTIERREZ LOPEZ"
        }
      ]
    },
    "posicion": 17
  },
  {
    "torneoId": 126,
    "nombreTorneo": "I Open Internacional de Menansalbas - ITSF 250 WT 2024",
    "competicionId": 405,
    "nombreCompeticion": "OPEN INDIVIDUAL",
    "tipoCompeticionId": 13,
    "tipoCompeticion": "Open Individual",
    "equipoJugadores": "Ivan MAYORGA SANDOVAL",
    "equipoDTO": {
      "equipoId": 425,
      "jugadores": [
        {
          "jugadorId": 225,
          "nombreJugador": "Ivan MAYORGA SANDOVAL"
        }
      ]
    },
    "posicion": 18
  },
  {
    "torneoId": 126,
    "nombreTorneo": "I Open Internacional de Menansalbas - ITSF 250 WT 2024",
    "competicionId": 405,
    "nombreCompeticion": "OPEN INDIVIDUAL",
    "tipoCompeticionId": 13,
    "tipoCompeticion": "Open Individual",
    "equipoJugadores": "Antonio  NAVARRO PACHECA",
    "equipoDTO": {
      "equipoId": 918,
      "jugadores": [
        {
          "jugadorId": 434,
          "nombreJugador": "Antonio  NAVARRO PACHECA"
        }
      ]
    },
    "posicion": 19
  },
  {
    "torneoId": 126,
    "nombreTorneo": "I Open Internacional de Menansalbas - ITSF 250 WT 2024",
    "competicionId": 405,
    "nombreCompeticion": "OPEN INDIVIDUAL",
    "tipoCompeticionId": 13,
    "tipoCompeticion": "Open Individual",
    "equipoJugadores": "Roberto PARRALEJO",
    "equipoDTO": {
      "equipoId": 26,
      "jugadores": [
        {
          "jugadorId": 15,
          "nombreJugador": "Roberto PARRALEJO"
        }
      ]
    },
    "posicion": 20
  },
  {
    "torneoId": 126,
    "nombreTorneo": "I Open Internacional de Menansalbas - ITSF 250 WT 2024",
    "competicionId": 405,
    "nombreCompeticion": "OPEN INDIVIDUAL",
    "tipoCompeticionId": 13,
    "tipoCompeticion": "Open Individual",
    "equipoJugadores": "Jose angel PARADA PARADA",
    "equipoDTO": {
      "equipoId": 1696,
      "jugadores": [
        {
          "jugadorId": 652,
          "nombreJugador": "Jose angel PARADA PARADA"
        }
      ]
    },
    "posicion": 21
  },
  {
    "torneoId": 126,
    "nombreTorneo": "I Open Internacional de Menansalbas - ITSF 250 WT 2024",
    "competicionId": 405,
    "nombreCompeticion": "OPEN INDIVIDUAL",
    "tipoCompeticionId": 13,
    "tipoCompeticion": "Open Individual",
    "equipoJugadores": "Antonio SANZ LORENTE",
    "equipoDTO": {
      "equipoId": 984,
      "jugadores": [
        {
          "jugadorId": 500,
          "nombreJugador": "Antonio SANZ LORENTE"
        }
      ]
    },
    "posicion": 22
  },
  {
    "torneoId": 126,
    "nombreTorneo": "I Open Internacional de Menansalbas - ITSF 250 WT 2024",
    "competicionId": 405,
    "nombreCompeticion": "OPEN INDIVIDUAL",
    "tipoCompeticionId": 13,
    "tipoCompeticion": "Open Individual",
    "equipoJugadores": "Oscar ARTIAGA LOPEZ",
    "equipoDTO": {
      "equipoId": 3,
      "jugadores": [
        {
          "jugadorId": 11,
          "nombreJugador": "Oscar ARTIAGA LOPEZ"
        }
      ]
    },
    "posicion": 23
  },
  {
    "torneoId": 126,
    "nombreTorneo": "I Open Internacional de Menansalbas - ITSF 250 WT 2024",
    "competicionId": 405,
    "nombreCompeticion": "OPEN INDIVIDUAL",
    "tipoCompeticionId": 13,
    "tipoCompeticion": "Open Individual",
    "equipoJugadores": "Angel Luis COBO MORALES",
    "equipoDTO": {
      "equipoId": 347,
      "jugadores": [
        {
          "jugadorId": 177,
          "nombreJugador": "Angel Luis COBO MORALES"
        }
      ]
    },
    "posicion": 24
  },
  {
    "torneoId": 126,
    "nombreTorneo": "I Open Internacional de Menansalbas - ITSF 250 WT 2024",
    "competicionId": 405,
    "nombreCompeticion": "OPEN INDIVIDUAL",
    "tipoCompeticionId": 13,
    "tipoCompeticion": "Open Individual",
    "equipoJugadores": "Ricardo LEAL DAMAS",
    "equipoDTO": {
      "equipoId": 1886,
      "jugadores": [
        {
          "jugadorId": 698,
          "nombreJugador": "Ricardo LEAL DAMAS"
        }
      ]
    },
    "posicion": 25
  },
  {
    "torneoId": 126,
    "nombreTorneo": "I Open Internacional de Menansalbas - ITSF 250 WT 2024",
    "competicionId": 405,
    "nombreCompeticion": "OPEN INDIVIDUAL",
    "tipoCompeticionId": 13,
    "tipoCompeticion": "Open Individual",
    "equipoJugadores": "Alicia CALVO PEREZ",
    "equipoDTO": {
      "equipoId": 2177,
      "jugadores": [
        {
          "jugadorId": 828,
          "nombreJugador": "Alicia CALVO PEREZ"
        }
      ]
    },
    "posicion": 26
  },
  {
    "torneoId": 126,
    "nombreTorneo": "I Open Internacional de Menansalbas - ITSF 250 WT 2024",
    "competicionId": 405,
    "nombreCompeticion": "OPEN INDIVIDUAL",
    "tipoCompeticionId": 13,
    "tipoCompeticion": "Open Individual",
    "equipoJugadores": "Santiago FERNANDEZ GAYO",
    "equipoDTO": {
      "equipoId": 2581,
      "jugadores": [
        {
          "jugadorId": 991,
          "nombreJugador": "Santiago FERNANDEZ GAYO"
        }
      ]
    },
    "posicion": 27
  },
  {
    "torneoId": 126,
    "nombreTorneo": "I Open Internacional de Menansalbas - ITSF 250 WT 2024",
    "competicionId": 405,
    "nombreCompeticion": "OPEN INDIVIDUAL",
    "tipoCompeticionId": 13,
    "tipoCompeticion": "Open Individual",
    "equipoJugadores": "Julián GIL VIYUELA",
    "equipoDTO": {
      "equipoId": 2922,
      "jugadores": [
        {
          "jugadorId": 1154,
          "nombreJugador": "Julián GIL VIYUELA"
        }
      ]
    },
    "posicion": 28
  }
]
