[
  {
    "jugadorId": 3,
    "nombreJugador": "David NIETO HERNANDEZ"
  },
  {
    "jugadorId": 4,
    "nombreJugador": "Hector NUÑEZ SAEZ"
  },
  {
    "jugadorId": 13,
    "nombreJugador": "Juan Jose PEREZ SANCHEZ"
  },
  {
    "jugadorId": 26,
    "nombreJugador": "Angel SÁNCHEZ JIMENEZ"
  },
  {
    "jugadorId": 34,
    "nombreJugador": "Hans-Friedrich KIRCHER"
  },
  {
    "jugadorId": 72,
    "nombreJugador": "Sergio CHILOECHES"
  },
  {
    "jugadorId": 96,
    "nombreJugador": "Javier LOPEZ HERVAS"
  },
  {
    "jugadorId": 118,
    "nombreJugador": "Alvaro GARCIA SANCHEZ"
  },
  {
    "jugadorId": 134,
    "nombreJugador": "Javier LOPEZ SANCHEZ"
  },
  {
    "jugadorId": 142,
    "nombreJugador": "Juvenal SANCHEZ PARÁMOS"
  },
  {
    "jugadorId": 145,
    "nombreJugador": "Javier HORCHE"
  },
  {
    "jugadorId": 146,
    "nombreJugador": "Jorge SANCHEZ"
  },
  {
    "jugadorId": 176,
    "nombreJugador": "Victor SANCHEZ"
  },
  {
    "jugadorId": 211,
    "nombreJugador": "Sergio PICAZO HERRERA"
  },
  {
    "jugadorId": 217,
    "nombreJugador": "Miguel HERNANDEZ"
  },
  {
    "jugadorId": 286,
    "nombreJugador": "Noemi CARTE SANCHEZ"
  },
  {
    "jugadorId": 308,
    "nombreJugador": "Andrés DE LA CRUZ SANCHEZ"
  },
  {
    "jugadorId": 341,
    "nombreJugador": "Joaquín GARCÍA HERAS"
  },
  {
    "jugadorId": 358,
    "nombreJugador": "Ismael GOMEZ SANCHEZ"
  },
  {
    "jugadorId": 374,
    "nombreJugador": "Rached HAFIDI"
  },
  {
    "jugadorId": 375,
    "nombreJugador": "Melchor HERNAN SANCHEZ"
  },
  {
    "jugadorId": 378,
    "nombreJugador": "Jonathan HERRERA RAMOS"
  },
  {
    "jugadorId": 391,
    "nombreJugador": "Chema LLANES"
  },
  {
    "jugadorId": 432,
    "nombreJugador": "Julian MUÑOZ SANCHEZ"
  },
  {
    "jugadorId": 434,
    "nombreJugador": "Antonio  NAVARRO PACHECA"
  },
  {
    "jugadorId": 436,
    "nombreJugador": "Jaime NEIRA SANCHEZ"
  },
  {
    "jugadorId": 496,
    "nombreJugador": "Maria SANCHEZ MANJAVACAS"
  },
  {
    "jugadorId": 497,
    "nombreJugador": "Alvaro SANCHEZ MORENO"
  },
  {
    "jugadorId": 498,
    "nombreJugador": "Jesus SANCHEZ RODRIGUEZ"
  },
  {
    "jugadorId": 518,
    "nombreJugador": "Angel VICENTE HERNANDEZ"
  },
  {
    "jugadorId": 532,
    "nombreJugador": "Guillermo OLIVARES SANCHEZ ROJO"
  },
  {
    "jugadorId": 544,
    "nombreJugador": "Rafael SANCHEZ SANCHEZ"
  },
  {
    "jugadorId": 551,
    "nombreJugador": "Andres SANCHEZ CHAMORRO"
  },
  {
    "jugadorId": 557,
    "nombreJugador": "Eduardo HERNANZ CABRERIZO"
  },
  {
    "jugadorId": 561,
    "nombreJugador": "Luis Miguel SANCHEZ GONZALEZ"
  },
  {
    "jugadorId": 564,
    "nombreJugador": "Francisco Javier SANCHEZ GONZALEZ"
  },
  {
    "jugadorId": 567,
    "nombreJugador": "Ruyman HERNANDEZ MOLEIRO"
  },
  {
    "jugadorId": 569,
    "nombreJugador": "Eufrasio PACHECO CABRERA"
  },
  {
    "jugadorId": 572,
    "nombreJugador": "Domingo GUZMAN HERNANDEZ"
  },
  {
    "jugadorId": 577,
    "nombreJugador": "Alvaro JURADO SANCHEZ "
  },
  {
    "jugadorId": 578,
    "nombreJugador": "Benjamin SANCHEZ MARTINEZ"
  },
  {
    "jugadorId": 582,
    "nombreJugador": "Sheila HUERTAS MAYORDOMO"
  },
  {
    "jugadorId": 585,
    "nombreJugador": "Sandra SANCHEZ PARREÑO"
  },
  {
    "jugadorId": 589,
    "nombreJugador": "Victor LOPEZ CANIEGO SANCHEZ"
  },
  {
    "jugadorId": 593,
    "nombreJugador": "Abraham GARCIA SANCHEZ"
  },
  {
    "jugadorId": 599,
    "nombreJugador": "Eleuterio GAITE DE LAS HERAS"
  },
  {
    "jugadorId": 618,
    "nombreJugador": "Guzman HERNANDEZ ALVAREZ"
  },
  {
    "jugadorId": 630,
    "nombreJugador": "Daniel HERNANDEZ CHAVEZ"
  },
  {
    "jugadorId": 646,
    "nombreJugador": "Pedro jose SANCHEZ GALLEGO"
  },
  {
    "jugadorId": 649,
    "nombreJugador": "Jose ramon  HERNANDEZ FENOY"
  },
  {
    "jugadorId": 663,
    "nombreJugador": "Juan manuel HERNANDEZ ACOSTA"
  },
  {
    "jugadorId": 664,
    "nombreJugador": "Carlos MORALES HERNANDEZ"
  },
  {
    "jugadorId": 671,
    "nombreJugador": "Hennes THIELKER"
  },
  {
    "jugadorId": 690,
    "nombreJugador": "Arturo SANCHEZ FERNANDEZ"
  },
  {
    "jugadorId": 704,
    "nombreJugador": "Ignacio SANCHEZ INFIESTA"
  },
  {
    "jugadorId": 707,
    "nombreJugador": "Hector GARCIA BARROSO"
  },
  {
    "jugadorId": 710,
    "nombreJugador": "Alejandro SANCHEZ BEJARANO"
  },
  {
    "jugadorId": 716,
    "nombreJugador": "David GUTIÉRREZ SANCHEZ"
  },
  {
    "jugadorId": 717,
    "nombreJugador": "Javier SÁNCHEZ SÁNCHEZ"
  },
  {
    "jugadorId": 719,
    "nombreJugador": "Jesús RODRIGO NOHEDA"
  },
  {
    "jugadorId": 721,
    "nombreJugador": "Antonio FERNÁNDEZ SÁNCHEZ"
  },
  {
    "jugadorId": 772,
    "nombreJugador": "Jaime HERNANDO BARBERO"
  },
  {
    "jugadorId": 790,
    "nombreJugador": "Herbert BRONSHHOFNEN WADENSWI"
  },
  {
    "jugadorId": 805,
    "nombreJugador": "Hector DIAZ CAMARA"
  },
  {
    "jugadorId": 811,
    "nombreJugador": "Juanjo HERNANDEZ FERNANDEZ"
  },
  {
    "jugadorId": 823,
    "nombreJugador": "Jose LOECHES RIVAS"
  },
  {
    "jugadorId": 827,
    "nombreJugador": "Sergio HEREDIA BARQUITA"
  },
  {
    "jugadorId": 848,
    "nombreJugador": "Eva SANCHEZ CARRASCO"
  },
  {
    "jugadorId": 849,
    "nombreJugador": "Leire CONCEPCION SANCHEZ"
  },
  {
    "jugadorId": 911,
    "nombreJugador": "Jose antonio SANCHEZ LOPEZ"
  },
  {
    "jugadorId": 937,
    "nombreJugador": "Juan antonio HERNANDEZ MORENO"
  },
  {
    "jugadorId": 950,
    "nombreJugador": "Sebastian CHERNY CASSIN"
  },
  {
    "jugadorId": 952,
    "nombreJugador": "Aitana ROMERO HERNANDEZ"
  },
  {
    "jugadorId": 953,
    "nombreJugador": "Alex HERREROS SERRANO"
  },
  {
    "jugadorId": 961,
    "nombreJugador": "Raquel DEL TORO SÁNCHEZ"
  },
  {
    "jugadorId": 971,
    "nombreJugador": "Pedro ROMERO HERNADEZ"
  },
  {
    "jugadorId": 995,
    "nombreJugador": "Germán SANCHEZ"
  },
  {
    "jugadorId": 999,
    "nombreJugador": "Lucia SANCHEZ"
  },
  {
    "jugadorId": 1027,
    "nombreJugador": "David CHICHEPORTICHE"
  },
  {
    "jugadorId": 1043,
    "nombreJugador": "Lia HERNAZDEZ FERNANDEZ"
  },
  {
    "jugadorId": 1050,
    "nombreJugador": "Gerardo GALACHE GARCIA"
  },
  {
    "jugadorId": 1054,
    "nombreJugador": "Jose ramon HERRANZ GONZALEZ"
  },
  {
    "jugadorId": 1064,
    "nombreJugador": "Hector GOMEZ DEL AMO"
  },
  {
    "jugadorId": 1070,
    "nombreJugador": "Sergio CASTREJON HERNANDEZ"
  },
  {
    "jugadorId": 1087,
    "nombreJugador": "Filipe SOALHEIRO"
  },
  {
    "jugadorId": 1102,
    "nombreJugador": "Abel SANCHEZ CUCHANERO"
  },
  {
    "jugadorId": 1113,
    "nombreJugador": "Hernazdez fernandez LIA"
  },
  {
    "jugadorId": 1129,
    "nombreJugador": "Alberto SANCHEZ RUÍZ"
  },
  {
    "jugadorId": 1135,
    "nombreJugador": "Dimas ÁVILA SÁNCHEZ"
  },
  {
    "jugadorId": 1139,
    "nombreJugador": "Héctor SAEZ GARCIA"
  },
  {
    "jugadorId": 1211,
    "nombreJugador": "Miguel Angel CARRETERO SÁNCHEZ"
  },
  {
    "jugadorId": 1242,
    "nombreJugador": "David HERNANDEZ ALVAREZ"
  },
  {
    "jugadorId": 1243,
    "nombreJugador": "Eduardo HERNÁNDEZ MARIN"
  },
  {
    "jugadorId": 1244,
    "nombreJugador": "Maria HERRERA AGUT"
  },
  {
    "jugadorId": 1245,
    "nombreJugador": "Ariadna IBAÑEZ SANCHEZ"
  },
  {
    "jugadorId": 1248,
    "nombreJugador": "Hernazdez LIA"
  },
  {
    "jugadorId": 1249,
    "nombreJugador": "Marcos LLORENTE HERNANDEZ"
  },
  {
    "jugadorId": 1266,
    "nombreJugador": "Helder RODRIGUES"
  },
  {
    "jugadorId": 1274,
    "nombreJugador": "Aitana SANCHEZ ROMERO"
  },
  {
    "jugadorId": 1275,
    "nombreJugador": "Francisco SANCHEZ ROMERO"
  },
  {
    "jugadorId": 1297,
    "nombreJugador": "Juana GUIRAO SÁNCHEZ"
  },
  {
    "jugadorId": 1309,
    "nombreJugador": "Marcos BELVIS SANCHEZ"
  },
  {
    "jugadorId": 1340,
    "nombreJugador": "Jorge MUÑOZ SANCHEZ"
  },
  {
    "jugadorId": 1351,
    "nombreJugador": "Henrique CANDEIAS"
  },
  {
    "jugadorId": 1368,
    "nombreJugador": "Eloy SÁNCHEZ CUCHARERO"
  },
  {
    "jugadorId": 1386,
    "nombreJugador": "Martin SÁNCHEZ ALMUNIA"
  },
  {
    "jugadorId": 1396,
    "nombreJugador": "Antonio HENRIQUES"
  },
  {
    "jugadorId": 1423,
    "nombreJugador": "Leo SANCHEZ ALCANTARA"
  }
]
