[
  {
    "jugadorId": 18,
    "nombreJugador": "Jose Miguel GARCIA VEGA"
  },
  {
    "jugadorId": 20,
    "nombreJugador": "Luis Manuel FALCON GARCIA"
  },
  {
    "jugadorId": 59,
    "nombreJugador": "Raul GARCIA"
  },
  {
    "jugadorId": 118,
    "nombreJugador": "Alvaro GARCIA SANCHEZ"
  },
  {
    "jugadorId": 129,
    "nombreJugador": "Arturo GARCIA MARTINEZ"
  },
  {
    "jugadorId": 240,
    "nombreJugador": "Sergio GARCIA GONZALEZ"
  },
  {
    "jugadorId": 295,
    "nombreJugador": "Ismael CID GARCIA"
  },
  {
    "jugadorId": 321,
    "nombreJugador": "Josue FERNANDEZ GARCIA"
  },
  {
    "jugadorId": 332,
    "nombreJugador": "Gregorio GARCIA"
  },
  {
    "jugadorId": 333,
    "nombreJugador": "Jose Angel GARCIA "
  },
  {
    "jugadorId": 337,
    "nombreJugador": "Lucia GARCIA FERNANDEZ"
  },
  {
    "jugadorId": 338,
    "nombreJugador": "Ruben GARCIA GAMERO"
  },
  {
    "jugadorId": 339,
    "nombreJugador": "José GARCÍA GARCÍA"
  },
  {
    "jugadorId": 340,
    "nombreJugador": "Mari Angeles GARCIA GONZALEZ"
  },
  {
    "jugadorId": 341,
    "nombreJugador": "Joaquín GARCÍA HERAS"
  },
  {
    "jugadorId": 342,
    "nombreJugador": "Nestor GARCIA MARTINEZ"
  },
  {
    "jugadorId": 343,
    "nombreJugador": "JESÚS GARCÍA CONDE"
  },
  {
    "jugadorId": 344,
    "nombreJugador": "Luis GARCÍA MENASALVAS"
  },
  {
    "jugadorId": 345,
    "nombreJugador": "Dario GARCIA SALAS"
  },
  {
    "jugadorId": 346,
    "nombreJugador": "Victor GARCIA SALAS"
  },
  {
    "jugadorId": 347,
    "nombreJugador": "David GARCIA SORELL"
  },
  {
    "jugadorId": 348,
    "nombreJugador": "Jose Alvaro GARCIA ZAPATA"
  },
  {
    "jugadorId": 349,
    "nombreJugador": "Miguel Angel GARCIA ZAPATA"
  },
  {
    "jugadorId": 350,
    "nombreJugador": "Mónica GARRIDO"
  },
  {
    "jugadorId": 351,
    "nombreJugador": "Jorge GIMÉNEZ GARCÍA"
  },
  {
    "jugadorId": 386,
    "nombreJugador": "Laura JURADO GARCIA"
  },
  {
    "jugadorId": 442,
    "nombreJugador": "Olegario PASCUAL GARCÍA"
  },
  {
    "jugadorId": 517,
    "nombreJugador": "Victoria VICENT GARRIDO"
  },
  {
    "jugadorId": 533,
    "nombreJugador": "Juan Antonio CASTELLANO GARCIA"
  },
  {
    "jugadorId": 547,
    "nombreJugador": "Juan Francisco GARCIA"
  },
  {
    "jugadorId": 556,
    "nombreJugador": "Alberto GARCIA GUTIERREZ"
  },
  {
    "jugadorId": 574,
    "nombreJugador": "Leon FERNANDEZ GARCIA"
  },
  {
    "jugadorId": 575,
    "nombreJugador": "Joaquin POLO GARCIA"
  },
  {
    "jugadorId": 592,
    "nombreJugador": "Sergio GARCIA FERNANDEZ"
  },
  {
    "jugadorId": 593,
    "nombreJugador": "Abraham GARCIA SANCHEZ"
  },
  {
    "jugadorId": 594,
    "nombreJugador": "Monica RAMIREZ GARCIA"
  },
  {
    "jugadorId": 607,
    "nombreJugador": "Ulises DONIZ GARCIA"
  },
  {
    "jugadorId": 609,
    "nombreJugador": "Eduardo GARCIA DIAZ"
  },
  {
    "jugadorId": 610,
    "nombreJugador": "Francisco GARCIA DIAZ"
  },
  {
    "jugadorId": 611,
    "nombreJugador": "Tomas GARCIA MARTIN"
  },
  {
    "jugadorId": 623,
    "nombreJugador": "Chano MORENO GARCIA"
  },
  {
    "jugadorId": 628,
    "nombreJugador": "Alejandro SUAREZ GARCIA"
  },
  {
    "jugadorId": 629,
    "nombreJugador": "Ana GARCIA DIAZ"
  },
  {
    "jugadorId": 642,
    "nombreJugador": "Francisco jose GARCIA ALCOLADO"
  },
  {
    "jugadorId": 677,
    "nombreJugador": "Isaac GARCIA MORENO"
  },
  {
    "jugadorId": 689,
    "nombreJugador": "Alexis LAMAS GARCIA"
  },
  {
    "jugadorId": 706,
    "nombreJugador": "Ivan GARCIA AHIJON"
  },
  {
    "jugadorId": 707,
    "nombreJugador": "Hector GARCIA BARROSO"
  },
  {
    "jugadorId": 723,
    "nombreJugador": "Darío ALARCÓN GARCÍA"
  },
  {
    "jugadorId": 732,
    "nombreJugador": "Sandra GARCÍA PINILLA"
  },
  {
    "jugadorId": 743,
    "nombreJugador": "Álvaro GARCÍA ALTAVER"
  },
  {
    "jugadorId": 744,
    "nombreJugador": "Santiago GARCIA LUNA"
  },
  {
    "jugadorId": 746,
    "nombreJugador": "Borja GARCÍA ALTAVER"
  },
  {
    "jugadorId": 756,
    "nombreJugador": "Jose Antonio GOMEZ GARCIA"
  },
  {
    "jugadorId": 765,
    "nombreJugador": "Aarón GARCÍA GARCÍA"
  },
  {
    "jugadorId": 771,
    "nombreJugador": "Ivan BRICEÑO ALGARA"
  },
  {
    "jugadorId": 776,
    "nombreJugador": "José Antonio PALOMAR GARCÍA"
  },
  {
    "jugadorId": 785,
    "nombreJugador": "Nuria GARCÍA GÓMEZ"
  },
  {
    "jugadorId": 788,
    "nombreJugador": "Sara DULCINEA GARCÍA"
  },
  {
    "jugadorId": 801,
    "nombreJugador": "Alvaro FERNANDEZ GARCIA"
  },
  {
    "jugadorId": 812,
    "nombreJugador": "Pablo GONZALEZ GARCIA"
  },
  {
    "jugadorId": 818,
    "nombreJugador": "Fran GARCIA"
  },
  {
    "jugadorId": 820,
    "nombreJugador": "Ismael DIAZ GARCIA"
  },
  {
    "jugadorId": 825,
    "nombreJugador": "Raul GARRIDO BERLANDA"
  },
  {
    "jugadorId": 826,
    "nombreJugador": "Santiago FERNANDEZ GARCIA"
  },
  {
    "jugadorId": 906,
    "nombreJugador": "Diego GARCIA"
  },
  {
    "jugadorId": 928,
    "nombreJugador": "Alejandro BARRIOS GARCIA"
  },
  {
    "jugadorId": 946,
    "nombreJugador": "Santiago AGUADO GARCIA"
  },
  {
    "jugadorId": 954,
    "nombreJugador": "Ana GALAN GARCIA"
  },
  {
    "jugadorId": 966,
    "nombreJugador": "Juan carlos PEREZ GARCIA"
  },
  {
    "jugadorId": 967,
    "nombreJugador": "Laura GOMEZ GARCIA"
  },
  {
    "jugadorId": 980,
    "nombreJugador": "Emma GARCIA MOLINA"
  },
  {
    "jugadorId": 983,
    "nombreJugador": "Javier ABAB GARCIA"
  },
  {
    "jugadorId": 984,
    "nombreJugador": "Juan ramon GARCIA CAULIN"
  },
  {
    "jugadorId": 1004,
    "nombreJugador": "Samuel GARCIA"
  },
  {
    "jugadorId": 1008,
    "nombreJugador": "Aitor GARCIA"
  },
  {
    "jugadorId": 1012,
    "nombreJugador": "Alejandro GARCIA FERNANDEZ"
  },
  {
    "jugadorId": 1046,
    "nombreJugador": "Cristian SANTANDER GARCIA"
  },
  {
    "jugadorId": 1050,
    "nombreJugador": "Gerardo GALACHE GARCIA"
  },
  {
    "jugadorId": 1084,
    "nombreJugador": "Bruno GARRA"
  },
  {
    "jugadorId": 1104,
    "nombreJugador": "Alberto RIO GARCIA"
  },
  {
    "jugadorId": 1107,
    "nombreJugador": "David GARCIA LOPEZ"
  },
  {
    "jugadorId": 1120,
    "nombreJugador": "Maria MARTINEZ MARTINEZ GARCIA"
  },
  {
    "jugadorId": 1123,
    "nombreJugador": "Pablo GARCIA CARRASCO"
  },
  {
    "jugadorId": 1128,
    "nombreJugador": "Aaron GARCIA ZARCO"
  },
  {
    "jugadorId": 1130,
    "nombreJugador": "Angel TERRON GARCIA"
  },
  {
    "jugadorId": 1133,
    "nombreJugador": "Dario FERNANDEZ GARCIA"
  },
  {
    "jugadorId": 1139,
    "nombreJugador": "Héctor SAEZ GARCIA"
  },
  {
    "jugadorId": 1145,
    "nombreJugador": "Luca MORENO GARCIA"
  },
  {
    "jugadorId": 1146,
    "nombreJugador": "Maria GARCIA GARCES"
  },
  {
    "jugadorId": 1153,
    "nombreJugador": "Margarita CARREÑO HORRACH"
  },
  {
    "jugadorId": 1156,
    "nombreJugador": "Ivan RUIZ GARCIA"
  },
  {
    "jugadorId": 1206,
    "nombreJugador": "Gonzalo ALVAREZ GARCIA"
  },
  {
    "jugadorId": 1229,
    "nombreJugador": "Oscar GARCIA PALMERO"
  },
  {
    "jugadorId": 1230,
    "nombreJugador": "Gonzalo GARCIA RAMIRO"
  },
  {
    "jugadorId": 1231,
    "nombreJugador": "Maria GARCIA RAMIRO"
  },
  {
    "jugadorId": 1232,
    "nombreJugador": "Alonso GARCIA-DIEGO LOPEZ"
  },
  {
    "jugadorId": 1233,
    "nombreJugador": "Javier GARCÍA RUIZ"
  },
  {
    "jugadorId": 1234,
    "nombreJugador": "Diego GARRIDO MONTES"
  },
  {
    "jugadorId": 1235,
    "nombreJugador": "Alvaro GARRIDO VALENCIANO"
  },
  {
    "jugadorId": 1236,
    "nombreJugador": "Aitana GARRIDO"
  },
  {
    "jugadorId": 1259,
    "nombreJugador": "Miguel MORENO GARCIA"
  },
  {
    "jugadorId": 1312,
    "nombreJugador": "Javier DÍAZ ALGARA"
  },
  {
    "jugadorId": 1353,
    "nombreJugador": "Alberto GARCÍA CANO"
  },
  {
    "jugadorId": 1354,
    "nombreJugador": "Marina GARCÍA GARCIA"
  },
  {
    "jugadorId": 1355,
    "nombreJugador": "Noa GARCIA MASCARAQUE VILLAR"
  },
  {
    "jugadorId": 1376,
    "nombreJugador": "Marta DEVIA GARCIA"
  },
  {
    "jugadorId": 1377,
    "nombreJugador": "Julio GARCIA DIAZ"
  },
  {
    "jugadorId": 1383,
    "nombreJugador": "Sara MOYANO GARCÍA"
  },
  {
    "jugadorId": 1403,
    "nombreJugador": "Oliver MUÑOZ GARCIA"
  },
  {
    "jugadorId": 1415,
    "nombreJugador": "Mateo LEON GARCIA"
  },
  {
    "jugadorId": 1420,
    "nombreJugador": "Miguel MELGAR"
  }
]
