[
  {
    "jugadorId": 4,
    "nombreJugador": "Hector NUÑEZ SAEZ",
    "categoria": null,
    "categoriaId": null,
    "modalidad": null,
    "modalidadId": null
  },
  {
    "jugadorId": 707,
    "nombreJugador": "Hector GARCIA BARROSO",
    "categoria": null,
    "categoriaId": null,
    "modalidad": null,
    "modalidadId": null
  },
  {
    "jugadorId": 805,
    "nombreJugador": "Hector DIAZ CAMARA",
    "categoria": null,
    "categoriaId": null,
    "modalidad": null,
    "modalidadId": null
  },
  {
    "jugadorId": 1064,
    "nombreJugador": "Hector GOMEZ DEL AMO",
    "categoria": null,
    "categoriaId": null,
    "modalidad": null,
    "modalidadId": null
  },
  {
    "jugadorId": 1139,
    "nombreJugador": "Héctor SAEZ GARCIA",
    "categoria": null,
    "categoriaId": null,
    "modalidad": null,
    "modalidadId": null
  },
  {
    "jugadorId": 3,
    "nombreJugador": "David NIETO HERNANDEZ",
    "categoria": null,
    "categoriaId": null,
    "modalidad": null,
    "modalidadId": null
  },
  {
    "jugadorId": 13,
    "nombreJugador": "Juan Jose PEREZ SANCHEZ",
    "categoria": null,
    "categoriaId": null,
    "modalidad": null,
    "modalidadId": null
  },
  {
    "jugadorId": 26,
    "nombreJugador": "Angel SÁNCHEZ JIMENEZ",
    "categoria": null,
    "categoriaId": null,
    "modalidad": null,
    "modalidadId": null
  },
  {
    "jugadorId": 34,
    "nombreJugador": "Hans-Friedrich KIRCHER",
    "categoria": null,
    "categoriaId": null,
    "modalidad": null,
    "modalidadId": null
  },
  {
    "jugadorId": 72,
    "nombreJugador": "Sergio CHILOECHES",
    "categoria": null,
    "categoriaId": null,
    "modalidad": null,
    "modalidadId": null
  },
  {
    "jugadorId": 96,
    "nombreJugador": "Javier LOPEZ HERVAS",
    "categoria": null,
    "categoriaId": null,
    "modalidad": null,
    "modalidadId": null
  },
  {
    "jugadorId": 118,
    "nombreJugador": "Alvaro GARCIA SANCHEZ",
    "categoria": null,
    "categoriaId": null,
    "modalidad": null,
    "modalidadId": null
  },
  {
    "jugadorId": 134,
    "nombreJugador": "Javier LOPEZ SANCHEZ",
    "categoria": null,
    "categoriaId": null,
    "modalidad": null,
    "modalidadId": null
  },
  {
    "jugadorId": 142,
    "nombreJugador": "Juvenal SANCHEZ PARÁMOS",
    "categoria": null,
    "categoriaId": null,
    "modalidad": null,
    "modalidadId": null
  },
  {
    "jugadorId": 145,
    "nombreJugador": "Javier HORCHE",
    "categoria": null,
    "categoriaId": null,
    "modalidad": null,
    "modalidadId": null
  },
  {
    "jugadorId": 146,
    "nombreJugador": "Jorge SANCHEZ",
    "categoria": null,
    "categoriaId": null,
    "modalidad": null,
    "modalidadId": null
  },
  {
    "jugadorId": 176,
    "nombreJugador": "Victor SANCHEZ",
    "categoria": null,
    "categoriaId": null,
    "modalidad": null,
    "modalidadId": null
  },
  {
    "jugadorId": 211,
    "nombreJugador": "Sergio PICAZO HERRERA",
    "categoria": null,
    "categoriaId": null,
    "modalidad": null,
    "modalidadId": null
  },
  {
    "jugadorId": 217,
    "nombreJugador": "Miguel HERNANDEZ",
    "categoria": null,
    "categoriaId": null,
    "modalidad": null,
    "modalidadId": null
  },
  {
    "jugadorId": 286,
    "nombreJugador": "Noemi CARTE SANCHEZ",
    "categoria": null,
    "categoriaId": null,
    "modalidad": null,
    "modalidadId": null
  },
  {
    "jugadorId": 308,
    "nombreJugador": "Andrés DE LA CRUZ SANCHEZ",
    "categoria": null,
    "categoriaId": null,
    "modalidad": null,
    "modalidadId": null
  },
  {
    "jugadorId": 341,
    "nombreJugador": "Joaquín GARCÍA HERAS",
    "categoria": null,
    "categoriaId": null,
    "modalidad": null,
    "modalidadId": null
  },
  {
    "jugadorId": 358,
    "nombreJugador": "Ismael GOMEZ SANCHEZ",
    "categoria": null,
    "categoriaId": null,
    "modalidad": null,
    "modalidadId": null
  },
  {
    "jugadorId": 374,
    "nombreJugador": "Rached HAFIDI",
    "categoria": null,
    "categoriaId": null,
    "modalidad": null,
    "modalidadId": null
  },
  {
    "jugadorId": 375,
    "nombreJugador": "Melchor HERNAN SANCHEZ",
    "categoria": null,
    "categoriaId": null,
    "modalidad": null,
    "modalidadId": null
  },
  {
    "jugadorId": 378,
    "nombreJugador": "Jonathan HERRERA RAMOS",
    "categoria": null,
    "categoriaId": null,
    "modalidad": null,
    "modalidadId": null
  },
  {
    "jugadorId": 391,
    "nombreJugador": "Chema LLANES",
    "categoria": null,
    "categoriaId": null,
    "modalidad": null,
    "modalidadId": null
  },
  {
    "jugadorId": 432,
    "nombreJugador": "Julian MUÑOZ SANCHEZ",
    "categoria": null,
    "categoriaId": null,
    "modalidad": null,
    "modalidadId": null
  },
  {
    "jugadorId": 434,
    "nombreJugador": "Antonio  NAVARRO PACHECA",
    "categoria": null,
    "categoriaId": null,
    "modalidad": null,
    "modalidadId": null
  },
  {
    "jugadorId": 436,
    "nombreJugador": "Jaime NEIRA SANCHEZ",
    "categoria": null,
    "categoriaId": null,
    "modalidad": null,
    "modalidadId": null
  },
  {
    "jugadorId": 496,
    "nombreJugador": "Maria SANCHEZ MANJAVACAS",
    "categoria": null,
    "categoriaId": null,
    "modalidad": null,
    "modalidadId": null
  },
  {
    "jugadorId": 497,
    "nombreJugador": "Alvaro SANCHEZ MORENO",
    "categoria": null,
    "categoriaId": null,
    "modalidad": null,
    "modalidadId": null
  },
  {
    "jugadorId": 498,
    "nombreJugador": "Jesus SANCHEZ RODRIGUEZ",
    "categoria": null,
    "categoriaId": null,
    "modalidad": null,
    "modalidadId": null
  },
  {
    "jugadorId": 518,
    "nombreJugador": "Angel VICENTE HERNANDEZ",
    "categoria": null,
    "categoriaId": null,
    "modalidad": null,
    "modalidadId": null
  },
  {
    "jugadorId": 532,
    "nombreJugador": "Guillermo OLIVARES SANCHEZ ROJO",
    "categoria": null,
    "categoriaId": null,
    "modalidad": null,
    "modalidadId": null
  },
  {
    "jugadorId": 544,
    "nombreJugador": "Rafael SANCHEZ SANCHEZ",
    "categoria": null,
    "categoriaId": null,
    "modalidad": null,
    "modalidadId": null
  },
  {
    "jugadorId": 551,
    "nombreJugador": "Andres SANCHEZ CHAMORRO",
    "categoria": null,
    "categoriaId": null,
    "modalidad": null,
    "modalidadId": null
  },
  {
    "jugadorId": 557,
    "nombreJugador": "Eduardo HERNANZ CABRERIZO",
    "categoria": null,
    "categoriaId": null,
    "modalidad": null,
    "modalidadId": null
  },
  {
    "jugadorId": 561,
    "nombreJugador": "Luis Miguel SANCHEZ GONZALEZ",
    "categoria": null,
    "categoriaId": null,
    "modalidad": null,
    "modalidadId": null
  },
  {
    "jugadorId": 564,
    "nombreJugador": "Francisco Javier SANCHEZ GONZALEZ",
    "categoria": null,
    "categoriaId": null,
    "modalidad": null,
    "modalidadId": null
  },
  {
    "jugadorId": 567,
    "nombreJugador": "Ruyman HERNANDEZ MOLEIRO",
    "categoria": null,
    "categoriaId": null,
    "modalidad": null,
    "modalidadId": null
  },
  {
    "jugadorId": 569,
    "nombreJugador": "Eufrasio PACHECO CABRERA",
    "categoria": null,
    "categoriaId": null,
    "modalidad": null,
    "modalidadId": null
  },
  {
    "jugadorId": 572,
    "nombreJugador": "Domingo GUZMAN HERNANDEZ",
    "categoria": null,
    "categoriaId": null,
    "modalidad": null,
    "modalidadId": null
  },
  {
    "jugadorId": 577,
    "nombreJugador": "Alvaro JURADO SANCHEZ ",
    "categoria": null,
    "categoriaId": null,
    "modalidad": null,
    "modalidadId": null
  },
  {
    "jugadorId": 578,
    "nombreJugador": "Benjamin SANCHEZ MARTINEZ",
    "categoria": null,
    "categoriaId": null,
    "modalidad": null,
    "modalidadId": null
  },
  {
    "jugadorId": 582,
    "nombreJugador": "Sheila HUERTAS MAYORDOMO",
    "categoria": null,
    "categoriaId": null,
    "modalidad": null,
    "modalidadId": null
  },
  {
    "jugadorId": 585,
    "nombreJugador": "Sandra SANCHEZ PARREÑO",
    "categoria": null,
    "categoriaId": null,
    "modalidad": null,
    "modalidadId": null
  },
  {
    "jugadorId": 589,
    "nombreJugador": "Victor LOPEZ CANIEGO SANCHEZ",
    "categoria": null,
    "categoriaId": null,
    "modalidad": null,
    "modalidadId": null
  },
  {
    "jugadorId": 593,
    "nombreJugador": "Abraham GARCIA SANCHEZ",
    "categoria": null,
    "categoriaId": null,
    "modalidad": null,
    "modalidadId": null
  },
  {
    "jugadorId": 599,
    "nombreJugador": "Eleuterio GAITE DE LAS HERAS",
    "categoria": null,
    "categoriaId": null,
    "modalidad": null,
    "modalidadId": null
  },
  {
    "jugadorId": 618,
    "nombreJugador": "Guzman HERNANDEZ ALVAREZ",
    "categoria": null,
    "categoriaId": null,
    "modalidad": null,
    "modalidadId": null
  },
  {
    "jugadorId": 630,
    "nombreJugador": "Daniel HERNANDEZ CHAVEZ",
    "categoria": null,
    "categoriaId": null,
    "modalidad": null,
    "modalidadId": null
  },
  {
    "jugadorId": 646,
    "nombreJugador": "Pedro jose SANCHEZ GALLEGO",
    "categoria": null,
    "categoriaId": null,
    "modalidad": null,
    "modalidadId": null
  },
  {
    "jugadorId": 649,
    "nombreJugador": "Jose ramon  HERNANDEZ FENOY",
    "categoria": null,
    "categoriaId": null,
    "modalidad": null,
    "modalidadId": null
  },
  {
    "jugadorId": 663,
    "nombreJugador": "Juan manuel HERNANDEZ ACOSTA",
    "categoria": null,
    "categoriaId": null,
    "modalidad": null,
    "modalidadId": null
  },
  {
    "jugadorId": 664,
    "nombreJugador": "Carlos MORALES HERNANDEZ",
    "categoria": null,
    "categoriaId": null,
    "modalidad": null,
    "modalidadId": null
  },
  {
    "jugadorId": 671,
    "nombreJugador": "Hennes THIELKER",
    "categoria": null,
    "categoriaId": null,
    "modalidad": null,
    "modalidadId": null
  },
  {
    "jugadorId": 690,
    "nombreJugador": "Arturo SANCHEZ FERNANDEZ",
    "categoria": null,
    "categoriaId": null,
    "modalidad": null,
    "modalidadId": null
  },
  {
    "jugadorId": 704,
    "nombreJugador": "Ignacio SANCHEZ INFIESTA",
    "categoria": null,
    "categoriaId": null,
    "modalidad": null,
    "modalidadId": null
  },
  {
    "jugadorId": 710,
    "nombreJugador": "Alejandro SANCHEZ BEJARANO",
    "categoria": null,
    "categoriaId": null,
    "modalidad": null,
    "modalidadId": null
  },
  {
    "jugadorId": 716,
    "nombreJugador": "David GUTIÉRREZ SANCHEZ",
    "categoria": null,
    "categoriaId": null,
    "modalidad": null,
    "modalidadId": null
  },
  {
    "jugadorId": 717,
    "nombreJugador": "Javier SÁNCHEZ SÁNCHEZ",
    "categoria": null,
    "categoriaId": null,
    "modalidad": null,
    "modalidadId": null
  },
  {
    "jugadorId": 719,
    "nombreJugador": "Jesús RODRIGO NOHEDA",
    "categoria": null,
    "categoriaId": null,
    "modalidad": null,
    "modalidadId": null
  },
  {
    "jugadorId": 721,
    "nombreJugador": "Antonio FERNÁNDEZ SÁNCHEZ",
    "categoria": null,
    "categoriaId": null,
    "modalidad": null,
    "modalidadId": null
  },
  {
    "jugadorId": 772,
    "nombreJugador": "Jaime HERNANDO BARBERO",
    "categoria": null,
    "categoriaId": null,
    "modalidad": null,
    "modalidadId": null
  },
  {
    "jugadorId": 790,
    "nombreJugador": "Herbert BRONSHHOFNEN WADENSWI",
    "categoria": null,
    "categoriaId": null,
    "modalidad": null,
    "modalidadId": null
  },
  {
    "jugadorId": 811,
    "nombreJugador": "Juanjo HERNANDEZ FERNANDEZ",
    "categoria": null,
    "categoriaId": null,
    "modalidad": null,
    "modalidadId": null
  },
  {
    "jugadorId": 823,
    "nombreJugador": "Jose LOECHES RIVAS",
    "categoria": null,
    "categoriaId": null,
    "modalidad": null,
    "modalidadId": null
  },
  {
    "jugadorId": 827,
    "nombreJugador": "Sergio HEREDIA BARQUITA",
    "categoria": null,
    "categoriaId": null,
    "modalidad": null,
    "modalidadId": null
  },
  {
    "jugadorId": 848,
    "nombreJugador": "Eva SANCHEZ CARRASCO",
    "categoria": null,
    "categoriaId": null,
    "modalidad": null,
    "modalidadId": null
  },
  {
    "jugadorId": 849,
    "nombreJugador": "Leire CONCEPCION SANCHEZ",
    "categoria": null,
    "categoriaId": null,
    "modalidad": null,
    "modalidadId": null
  },
  {
    "jugadorId": 911,
    "nombreJugador": "Jose antonio SANCHEZ LOPEZ",
    "categoria": null,
    "categoriaId": null,
    "modalidad": null,
    "modalidadId": null
  },
  {
    "jugadorId": 937,
    "nombreJugador": "Juan antonio HERNANDEZ MORENO",
    "categoria": null,
    "categoriaId": null,
    "modalidad": null,
    "modalidadId": null
  },
  {
    "jugadorId": 950,
    "nombreJugador": "Sebastian CHERNY CASSIN",
    "categoria": null,
    "categoriaId": null,
    "modalidad": null,
    "modalidadId": null
  },
  {
    "jugadorId": 952,
    "nombreJugador": "Aitana ROMERO HERNANDEZ",
    "categoria": null,
    "categoriaId": null,
    "modalidad": null,
    "modalidadId": null
  },
  {
    "jugadorId": 953,
    "nombreJugador": "Alex HERREROS SERRANO",
    "categoria": null,
    "categoriaId": null,
    "modalidad": null,
    "modalidadId": null
  },
  {
    "jugadorId": 961,
    "nombreJugador": "Raquel DEL TORO SÁNCHEZ",
    "categoria": null,
    "categoriaId": null,
    "modalidad": null,
    "modalidadId": null
  },
  {
    "jugadorId": 971,
    "nombreJugador": "Pedro ROMERO HERNADEZ",
    "categoria": null,
    "categoriaId": null,
    "modalidad": null,
    "modalidadId": null
  },
  {
    "jugadorId": 995,
    "nombreJugador": "Germán SANCHEZ",
    "categoria": null,
    "categoriaId": null,
    "modalidad": null,
    "modalidadId": null
  },
  {
    "jugadorId": 999,
    "nombreJugador": "Lucia SANCHEZ",
    "categoria": null,
    "categoriaId": null,
    "modalidad": null,
    "modalidadId": null
  },
  {
    "jugadorId": 1027,
    "nombreJugador": "David CHICHEPORTICHE",
    "categoria": null,
    "categoriaId": null,
    "modalidad": null,
    "modalidadId": null
  },
  {
    "jugadorId": 1043,
    "nombreJugador": "Lia HERNAZDEZ FERNANDEZ",
    "categoria": null,
    "categoriaId": null,
    "modalidad": null,
    "modalidadId": null
  },
  {
    "jugadorId": 1050,
    "nombreJugador": "Gerardo GALACHE GARCIA",
    "categoria": null,
    "categoriaId": null,
    "modalidad": null,
    "modalidadId": null
  },
  {
    "jugadorId": 1054,
    "nombreJugador": "Jose ramon HERRANZ GONZALEZ",
    "categoria": null,
    "categoriaId": null,
    "modalidad": null,
    "modalidadId": null
  },
  {
    "jugadorId": 1070,
    "nombreJugador": "Sergio CASTREJON HERNANDEZ",
    "categoria": null,
    "categoriaId": null,
    "modalidad": null,
    "modalidadId": null
  },
  {
    "jugadorId": 1087,
    "nombreJugador": "Filipe SOALHEIRO",
    "categoria": null,
    "categoriaId": null,
    "modalidad": null,
    "modalidadId": null
  },
  {
    "jugadorId": 1102,
    "nombreJugador": "Abel SANCHEZ CUCHANERO",
    "categoria": null,
    "categoriaId": null,
    "modalidad": null,
    "modalidadId": null
  },
  {
    "jugadorId": 1113,
    "nombreJugador": "Hernazdez fernandez LIA",
    "categoria": null,
    "categoriaId": null,
    "modalidad": null,
    "modalidadId": null
  },
  {
    "jugadorId": 1129,
    "nombreJugador": "Alberto SANCHEZ RUÍZ",
    "categoria": null,
    "categoriaId": null,
    "modalidad": null,
    "modalidadId": null
  },
  {
    "jugadorId": 1135,
    "nombreJugador": "Dimas ÁVILA SÁNCHEZ",
    "categoria": null,
    "categoriaId": null,
    "modalidad": null,
    "modalidadId": null
  },
  {
    "jugadorId": 1211,
    "nombreJugador": "Miguel Angel CARRETERO SÁNCHEZ",
    "categoria": null,
    "categoriaId": null,
    "modalidad": null,
    "modalidadId": null
  },
  {
    "jugadorId": 1242,
    "nombreJugador": "David HERNANDEZ ALVAREZ",
    "categoria": null,
    "categoriaId": null,
    "modalidad": null,
    "modalidadId": null
  },
  {
    "jugadorId": 1243,
    "nombreJugador": "Eduardo HERNÁNDEZ MARIN",
    "categoria": null,
    "categoriaId": null,
    "modalidad": null,
    "modalidadId": null
  },
  {
    "jugadorId": 1244,
    "nombreJugador": "Maria HERRERA AGUT",
    "categoria": null,
    "categoriaId": null,
    "modalidad": null,
    "modalidadId": null
  },
  {
    "jugadorId": 1245,
    "nombreJugador": "Ariadna IBAÑEZ SANCHEZ",
    "categoria": null,
    "categoriaId": null,
    "modalidad": null,
    "modalidadId": null
  },
  {
    "jugadorId": 1248,
    "nombreJugador": "Hernazdez LIA",
    "categoria": null,
    "categoriaId": null,
    "modalidad": null,
    "modalidadId": null
  },
  {
    "jugadorId": 1249,
    "nombreJugador": "Marcos LLORENTE HERNANDEZ",
    "categoria": null,
    "categoriaId": null,
    "modalidad": null,
    "modalidadId": null
  },
  {
    "jugadorId": 1266,
    "nombreJugador": "Helder RODRIGUES",
    "categoria": null,
    "categoriaId": null,
    "modalidad": null,
    "modalidadId": null
  },
  {
    "jugadorId": 1274,
    "nombreJugador": "Aitana SANCHEZ ROMERO",
    "categoria": null,
    "categoriaId": null,
    "modalidad": null,
    "modalidadId": null
  },
  {
    "jugadorId": 1275,
    "nombreJugador": "Francisco SANCHEZ ROMERO",
    "categoria": null,
    "categoriaId": null,
    "modalidad": null,
    "modalidadId": null
  },
  {
    "jugadorId": 1297,
    "nombreJugador": "Juana GUIRAO SÁNCHEZ",
    "categoria": null,
    "categoriaId": null,
    "modalidad": null,
    "modalidadId": null
  },
  {
    "jugadorId": 1309,
    "nombreJugador": "Marcos BELVIS SANCHEZ",
    "categoria": null,
    "categoriaId": null,
    "modalidad": null,
    "modalidadId": null
  },
  {
    "jugadorId": 1340,
    "nombreJugador": "Jorge MUÑOZ SANCHEZ",
    "categoria": null,
    "categoriaId": null,
    "modalidad": null,
    "modalidadId": null
  },
  {
    "jugadorId": 1351,
    "nombreJugador": "Henrique CANDEIAS",
    "categoria": null,
    "categoriaId": null,
    "modalidad": null,
    "modalidadId": null
  },
  {
    "jugadorId": 1368,
    "nombreJugador": "Eloy SÁNCHEZ CUCHARERO",
    "categoria": null,
    "categoriaId": null,
    "modalidad": null,
    "modalidadId": null
  },
  {
    "jugadorId": 1386,
    "nombreJugador": "Martin SÁNCHEZ ALMUNIA",
    "categoria": null,
    "categoriaId": null,
    "modalidad": null,
    "modalidadId": null
  },
  {
    "jugadorId": 1396,
    "nombreJugador": "Antonio HENRIQUES",
    "categoria": null,
    "categoriaId": null,
    "modalidad": null,
    "modalidadId": null
  },
  {
    "jugadorId": 1423,
    "nombreJugador": "Leo SANCHEZ ALCANTARA",
    "categoria": null,
    "categoriaId": null,
    "modalidad": null,
    "modalidadId": null
  },
  {
    "jugadorId": 18,
    "nombreJugador": "Jose Miguel GARCIA VEGA",
    "categoria": null,
    "categoriaId": null,
    "modalidad": null,
    "modalidadId": null
  },
  {
    "jugadorId": 20,
    "nombreJugador": "Luis Manuel FALCON GARCIA",
    "categoria": null,
    "categoriaId": null,
    "modalidad": null,
    "modalidadId": null
  },
  {
    "jugadorId": 59,
    "nombreJugador": "Raul GARCIA",
    "categoria": null,
    "categoriaId": null,
    "modalidad": null,
    "modalidadId": null
  },
  {
    "jugadorId": 129,
    "nombreJugador": "Arturo GARCIA MARTINEZ",
    "categoria": null,
    "categoriaId": null,
    "modalidad": null,
    "modalidadId": null
  },
  {
    "jugadorId": 240,
    "nombreJugador": "Sergio GARCIA GONZALEZ",
    "categoria": null,
    "categoriaId": null,
    "modalidad": null,
    "modalidadId": null
  },
  {
    "jugadorId": 295,
    "nombreJugador": "Ismael CID GARCIA",
    "categoria": null,
    "categoriaId": null,
    "modalidad": null,
    "modalidadId": null
  },
  {
    "jugadorId": 321,
    "nombreJugador": "Josue FERNANDEZ GARCIA",
    "categoria": null,
    "categoriaId": null,
    "modalidad": null,
    "modalidadId": null
  },
  {
    "jugadorId": 332,
    "nombreJugador": "Gregorio GARCIA",
    "categoria": null,
    "categoriaId": null,
    "modalidad": null,
    "modalidadId": null
  },
  {
    "jugadorId": 333,
    "nombreJugador": "Jose Angel GARCIA ",
    "categoria": null,
    "categoriaId": null,
    "modalidad": null,
    "modalidadId": null
  },
  {
    "jugadorId": 337,
    "nombreJugador": "Lucia GARCIA FERNANDEZ",
    "categoria": null,
    "categoriaId": null,
    "modalidad": null,
    "modalidadId": null
  },
  {
    "jugadorId": 338,
    "nombreJugador": "Ruben GARCIA GAMERO",
    "categoria": null,
    "categoriaId": null,
    "modalidad": null,
    "modalidadId": null
  },
  {
    "jugadorId": 339,
    "nombreJugador": "José GARCÍA GARCÍA",
    "categoria": null,
    "categoriaId": null,
    "modalidad": null,
    "modalidadId": null
  },
  {
    "jugadorId": 340,
    "nombreJugador": "Mari Angeles GARCIA GONZALEZ",
    "categoria": null,
    "categoriaId": null,
    "modalidad": null,
    "modalidadId": null
  },
  {
    "jugadorId": 342,
    "nombreJugador": "Nestor GARCIA MARTINEZ",
    "categoria": null,
    "categoriaId": null,
    "modalidad": null,
    "modalidadId": null
  },
  {
    "jugadorId": 343,
    "nombreJugador": "JESÚS GARCÍA CONDE",
    "categoria": null,
    "categoriaId": null,
    "modalidad": null,
    "modalidadId": null
  },
  {
    "jugadorId": 344,
    "nombreJugador": "Luis GARCÍA MENASALVAS",
    "categoria": null,
    "categoriaId": null,
    "modalidad": null,
    "modalidadId": null
  },
  {
    "jugadorId": 345,
    "nombreJugador": "Dario GARCIA SALAS",
    "categoria": null,
    "categoriaId": null,
    "modalidad": null,
    "modalidadId": null
  },
  {
    "jugadorId": 346,
    "nombreJugador": "Victor GARCIA SALAS",
    "categoria": null,
    "categoriaId": null,
    "modalidad": null,
    "modalidadId": null
  },
  {
    "jugadorId": 347,
    "nombreJugador": "David GARCIA SORELL",
    "categoria": null,
    "categoriaId": null,
    "modalidad": null,
    "modalidadId": null
  },
  {
    "jugadorId": 348,
    "nombreJugador": "Jose Alvaro GARCIA ZAPATA",
    "categoria": null,
    "categoriaId": null,
    "modalidad": null,
    "modalidadId": null
  },
  {
    "jugadorId": 349,
    "nombreJugador": "Miguel Angel GARCIA ZAPATA",
    "categoria": null,
    "categoriaId": null,
    "modalidad": null,
    "modalidadId": null
  },
  {
    "jugadorId": 350,
    "nombreJugador": "Mónica GARRIDO",
    "categoria": null,
    "categoriaId": null,
    "modalidad": null,
    "modalidadId": null
  },
  {
    "jugadorId": 351,
    "nombreJugador": "Jorge GIMÉNEZ GARCÍA",
    "categoria": null,
    "categoriaId": null,
    "modalidad": null,
    "modalidadId": null
  },
  {
    "jugadorId": 386,
    "nombreJugador": "Laura JURADO GARCIA",
    "categoria": null,
    "categoriaId": null,
    "modalidad": null,
    "modalidadId": null
  },
  {
    "jugadorId": 442,
    "nombreJugador": "Olegario PASCUAL GARCÍA",
    "categoria": null,
    "categoriaId": null,
    "modalidad": null,
    "modalidadId": null
  },
  {
    "jugadorId": 517,
    "nombreJugador": "Victoria VICENT GARRIDO",
    "categoria": null,
    "categoriaId": null,
    "modalidad": null,
    "modalidadId": null
  },
  {
    "jugadorId": 533,
    "nombreJugador": "Juan Antonio CASTELLANO GARCIA",
    "categoria": null,
    "categoriaId": null,
    "modalidad": null,
    "modalidadId": null
  },
  {
    "jugadorId": 547,
    "nombreJugador": "Juan Francisco GARCIA",
    "categoria": null,
    "categoriaId": null,
    "modalidad": null,
    "modalidadId": null
  },
  {
    "jugadorId": 556,
    "nombreJugador": "Alberto GARCIA GUTIERREZ",
    "categoria": null,
    "categoriaId": null,
    "modalidad": null,
    "modalidadId": null
  },
  {
    "jugadorId": 574,
    "nombreJugador": "Leon FERNANDEZ GARCIA",
    "categoria": null,
    "categoriaId": null,
    "modalidad": null,
    "modalidadId": null
  },
  {
    "jugadorId": 575,
    "nombreJugador": "Joaquin POLO GARCIA",
    "categoria": null,
    "categoriaId": null,
    "modalidad": null,
    "modalidadId": null
  },
  {
    "jugadorId": 592,
    "nombreJugador": "Sergio GARCIA FERNANDEZ",
    "categoria": null,
    "categoriaId": null,
    "modalidad": null,
    "modalidadId": null
  },
  {
    "jugadorId": 594,
    "nombreJugador": "Monica RAMIREZ GARCIA",
    "categoria": null,
    "categoriaId": null,
    "modalidad": null,
    "modalidadId": null
  },
  {
    "jugadorId": 607,
    "nombreJugador": "Ulises DONIZ GARCIA",
    "categoria": null,
    "categoriaId": null,
    "modalidad": null,
    "modalidadId": null
  },
  {
    "jugadorId": 609,
    "nombreJugador": "Eduardo GARCIA DIAZ",
    "categoria": null,
    "categoriaId": null,
    "modalidad": null,
    "modalidadId": null
  },
  {
    "jugadorId": 610,
    "nombreJugador": "Francisco GARCIA DIAZ",
    "categoria": null,
    "categoriaId": null,
    "modalidad": null,
    "modalidadId": null
  },
  {
    "jugadorId": 611,
    "nombreJugador": "Tomas GARCIA MARTIN",
    "categoria": null,
    "categoriaId": null,
    "modalidad": null,
    "modalidadId": null
  },
  {
    "jugadorId": 623,
    "nombreJugador": "Chano MORENO GARCIA",
    "categoria": null,
    "categoriaId": null,
    "modalidad": null,
    "modalidadId": null
  },
  {
    "jugadorId": 628,
    "nombreJugador": "Alejandro SUAREZ GARCIA",
    "categoria": null,
    "categoriaId": null,
    "modalidad": null,
    "modalidadId": null
  },
  {
    "jugadorId": 629,
    "nombreJugador": "Ana GARCIA DIAZ",
    "categoria": null,
    "categoriaId": null,
    "modalidad": null,
    "modalidadId": null
  },
  {
    "jugadorId": 642,
    "nombreJugador": "Francisco jose GARCIA ALCOLADO",
    "categoria": null,
    "categoriaId": null,
    "modalidad": null,
    "modalidadId": null
  },
  {
    "jugadorId": 677,
    "nombreJugador": "Isaac GARCIA MORENO",
    "categoria": null,
    "categoriaId": null,
    "modalidad": null,
    "modalidadId": null
  },
  {
    "jugadorId": 689,
    "nombreJugador": "Alexis LAMAS GARCIA",
    "categoria": null,
    "categoriaId": null,
    "modalidad": null,
    "modalidadId": null
  },
  {
    "jugadorId": 706,
    "nombreJugador": "Ivan GARCIA AHIJON",
    "categoria": null,
    "categoriaId": null,
    "modalidad": null,
    "modalidadId": null
  },
  {
    "jugadorId": 723,
    "nombreJugador": "Darío ALARCÓN GARCÍA",
    "categoria": null,
    "categoriaId": null,
    "modalidad": null,
    "modalidadId": null
  },
  {
    "jugadorId": 732,
    "nombreJugador": "Sandra GARCÍA PINILLA",
    "categoria": null,
    "categoriaId": null,
    "modalidad": null,
    "modalidadId": null
  },
  {
    "jugadorId": 743,
    "nombreJugador": "Álvaro GARCÍA ALTAVER",
    "categoria": null,
    "categoriaId": null,
    "modalidad": null,
    "modalidadId": null
  },
  {
    "jugadorId": 744,
    "nombreJugador": "Santiago GARCIA LUNA",
    "categoria": null,
    "categoriaId": null,
    "modalidad": null,
    "modalidadId": null
  },
  {
    "jugadorId": 746,
    "nombreJugador": "Borja GARCÍA ALTAVER",
    "categoria": null,
    "categoriaId": null,
    "modalidad": null,
    "modalidadId": null
  },
  {
    "jugadorId": 756,
    "nombreJugador": "Jose Antonio GOMEZ GARCIA",
    "categoria": null,
    "categoriaId": null,
    "modalidad": null,
    "modalidadId": null
  },
  {
    "jugadorId": 765,
    "nombreJugador": "Aarón GARCÍA GARCÍA",
    "categoria": null,
    "categoriaId": null,
    "modalidad": null,
    "modalidadId": null
  },
  {
    "jugadorId": 771,
    "nombreJugador": "Ivan BRICEÑO ALGARA",
    "categoria": null,
    "categoriaId": null,
    "modalidad": null,
    "modalidadId": null
  },
  {
    "jugadorId": 776,
    "nombreJugador": "José Antonio PALOMAR GARCÍA",
    "categoria": null,
    "categoriaId": null,
    "modalidad": null,
    "modalidadId": null
  },
  {
    "jugadorId": 785,
    "nombreJugador": "Nuria GARCÍA GÓMEZ",
    "categoria": null,
    "categoriaId": null,
    "modalidad": null,
    "modalidadId": null
  },
  {
    "jugadorId": 788,
    "nombreJugador": "Sara DULCINEA GARCÍA",
    "categoria": null,
    "categoriaId": null,
    "modalidad": null,
    "modalidadId": null
  },
  {
    "jugadorId": 801,
    "nombreJugador": "Alvaro FERNANDEZ GARCIA",
    "categoria": null,
    "categoriaId": null,
    "modalidad": null,
    "modalidadId": null
  },
  {
    "jugadorId": 812,
    "nombreJugador": "Pablo GONZALEZ GARCIA",
    "categoria": null,
    "categoriaId": null,
    "modalidad": null,
    "modalidadId": null
  },
  {
    "jugadorId": 818,
    "nombreJugador": "Fran GARCIA",
    "categoria": null,
    "categoriaId": null,
    "modalidad": null,
    "modalidadId": null
  },
  {
    "jugadorId": 820,
    "nombreJugador": "Ismael DIAZ GARCIA",
    "categoria": null,
    "categoriaId": null,
    "modalidad": null,
    "modalidadId": null
  },
  {
    "jugadorId": 825,
    "nombreJugador": "Raul GARRIDO BERLANDA",
    "categoria": null,
    "categoriaId": null,
    "modalidad": null,
    "modalidadId": null
  },
  {
    "jugadorId": 826,
    "nombreJugador": "Santiago FERNANDEZ GARCIA",
    "categoria": null,
    "categoriaId": null,
    "modalidad": null,
    "modalidadId": null
  },
  {
    "jugadorId": 906,
    "nombreJugador": "Diego GARCIA",
    "categoria": null,
    "categoriaId": null,
    "modalidad": null,
    "modalidadId": null
  },
  {
    "jugadorId": 928,
    "nombreJugador": "Alejandro BARRIOS GARCIA",
    "categoria": null,
    "categoriaId": null,
    "modalidad": null,
    "modalidadId": null
  },
  {
    "jugadorId": 946,
    "nombreJugador": "Santiago AGUADO GARCIA",
    "categoria": null,
    "categoriaId": null,
    "modalidad": null,
    "modalidadId": null
  },
  {
    "jugadorId": 954,
    "nombreJugador": "Ana GALAN GARCIA",
    "categoria": null,
    "categoriaId": null,
    "modalidad": null,
    "modalidadId": null
  },
  {
    "jugadorId": 966,
    "nombreJugador": "Juan carlos PEREZ GARCIA",
    "categoria": null,
    "categoriaId": null,
    "modalidad": null,
    "modalidadId": null
  },
  {
    "jugadorId": 967,
    "nombreJugador": "Laura GOMEZ GARCIA",
    "categoria": null,
    "categoriaId": null,
    "modalidad": null,
    "modalidadId": null
  },
  {
    "jugadorId": 980,
    "nombreJugador": "Emma GARCIA MOLINA",
    "categoria": null,
    "categoriaId": null,
    "modalidad": null,
    "modalidadId": null
  },
  {
    "jugadorId": 983,
    "nombreJugador": "Javier ABAB GARCIA",
    "categoria": null,
    "categoriaId": null,
    "modalidad": null,
    "modalidadId": null
  },
  {
    "jugadorId": 984,
    "nombreJugador": "Juan ramon GARCIA CAULIN",
    "categoria": null,
    "categoriaId": null,
    "modalidad": null,
    "modalidadId": null
  },
  {
    "jugadorId": 1004,
    "nombreJugador": "Samuel GARCIA",
    "categoria": null,
    "categoriaId": null,
    "modalidad": null,
    "modalidadId": null
  },
  {
    "jugadorId": 1008,
    "nombreJugador": "Aitor GARCIA",
    "categoria": null,
    "categoriaId": null,
    "modalidad": null,
    "modalidadId": null
  },
  {
    "jugadorId": 1012,
    "nombreJugador": "Alejandro GARCIA FERNANDEZ",
    "categoria": null,
    "categoriaId": null,
    "modalidad": null,
    "modalidadId": null
  },
  {
    "jugadorId": 1046,
    "nombreJugador": "Cristian SANTANDER GARCIA",
    "categoria": null,
    "categoriaId": null,
    "modalidad": null,
    "modalidadId": null
  },
  {
    "jugadorId": 1084,
    "nombreJugador": "Bruno GARRA",
    "categoria": null,
    "categoriaId": null,
    "modalidad": null,
    "modalidadId": null
  },
  {
    "jugadorId": 1104,
    "nombreJugador": "Alberto RIO GARCIA",
    "categoria": null,
    "categoriaId": null,
    "modalidad": null,
    "modalidadId": null
  },
  {
    "jugadorId": 1107,
    "nombreJugador": "David GARCIA LOPEZ",
    "categoria": null,
    "categoriaId": null,
    "modalidad": null,
    "modalidadId": null
  },
  {
    "jugadorId": 1120,
    "nombreJugador": "Maria MARTINEZ MARTINEZ GARCIA",
    "categoria": null,
    "categoriaId": null,
    "modalidad": null,
    "modalidadId": null
  },
  {
    "jugadorId": 1123,
    "nombreJugador": "Pablo GARCIA CARRASCO",
    "categoria": null,
    "categoriaId": null,
    "modalidad": null,
    "modalidadId": null
  },
  {
    "jugadorId": 1128,
    "nombreJugador": "Aaron GARCIA ZARCO",
    "categoria": null,
    "categoriaId": null,
    "modalidad": null,
    "modalidadId": null
  },
  {
    "jugadorId": 1130,
    "nombreJugador": "Angel TERRON GARCIA",
    "categoria": null,
    "categoriaId": null,
    "modalidad": null,
    "modalidadId": null
  },
  {
    "jugadorId": 1133,
    "nombreJugador": "Dario FERNANDEZ GARCIA",
    "categoria": null,
    "categoriaId": null,
    "modalidad": null,
    "modalidadId": null
  },
  {
    "jugadorId": 1145,
    "nombreJugador": "Luca MORENO GARCIA",
    "categoria": null,
    "categoriaId": null,
    "modalidad": null,
    "modalidadId": null
  },
  {
    "jugadorId": 1146,
    "nombreJugador": "Maria GARCIA GARCES",
    "categoria": null,
    "categoriaId": null,
    "modalidad": null,
    "modalidadId": null
  },
  {
    "jugadorId": 1153,
    "nombreJugador": "Margarita CARREÑO HORRACH",
    "categoria": null,
    "categoriaId": null,
    "modalidad": null,
    "modalidadId": null
  },
  {
    "jugadorId": 1156,
    "nombreJugador": "Ivan RUIZ GARCIA",
    "categoria": null,
    "categoriaId": null,
    "modalidad": null,
    "modalidadId": null
  },
  {
    "jugadorId": 1206,
    "nombreJugador": "Gonzalo ALVAREZ GARCIA",
    "categoria": null,
    "categoriaId": null,
    "modalidad": null,
    "modalidadId": null
  },
  {
    "jugadorId": 1229,
    "nombreJugador": "Oscar GARCIA PALMERO",
    "categoria": null,
    "categoriaId": null,
    "modalidad": null,
    "modalidadId": null
  },
  {
    "jugadorId": 1230,
    "nombreJugador": "Gonzalo GARCIA RAMIRO",
    "categoria": null,
    "categoriaId": null,
    "modalidad": null,
    "modalidadId": null
  },
  {
    "jugadorId": 1231,
    "nombreJugador": "Maria GARCIA RAMIRO",
    "categoria": null,
    "categoriaId": null,
    "modalidad": null,
    "modalidadId": null
  },
  {
    "jugadorId": 1232,
    "nombreJugador": "Alonso GARCIA-DIEGO LOPEZ",
    "categoria": null,
    "categoriaId": null,
    "modalidad": null,
    "modalidadId": null
  },
  {
    "jugadorId": 1233,
    "nombreJugador": "Javier GARCÍA RUIZ",
    "categoria": null,
    "categoriaId": null,
    "modalidad": null,
    "modalidadId": null
  },
  {
    "jugadorId": 1234,
    "nombreJugador": "Diego GARRIDO MONTES",
    "categoria": null,
    "categoriaId": null,
    "modalidad": null,
    "modalidadId": null
  },
  {
    "jugadorId": 1235,
    "nombreJugador": "Alvaro GARRIDO VALENCIANO",
    "categoria": null,
    "categoriaId": null,
    "modalidad": null,
    "modalidadId": null
  },
  {
    "jugadorId": 1236,
    "nombreJugador": "Aitana GARRIDO",
    "categoria": null,
    "categoriaId": null,
    "modalidad": null,
    "modalidadId": null
  },
  {
    "jugadorId": 1259,
    "nombreJugador": "Miguel MORENO GARCIA",
    "categoria": null,
    "categoriaId": null,
    "modalidad": null,
    "modalidadId": null
  },
  {
    "jugadorId": 1312,
    "nombreJugador": "Javier DÍAZ ALGARA",
    "categoria": null,
    "categoriaId": null,
    "modalidad": null,
    "modalidadId": null
  },
  {
    "jugadorId": 1353,
    "nombreJugador": "Alberto GARCÍA CANO",
    "categoria": null,
    "categoriaId": null,
    "modalidad": null,
    "modalidadId": null
  },
  {
    "jugadorId": 1354,
    "nombreJugador": "Marina GARCÍA GARCIA",
    "categoria": null,
    "categoriaId": null,
    "modalidad": null,
    "modalidadId": null
  },
  {
    "jugadorId": 1355,
    "nombreJugador": "Noa GARCIA MASCARAQUE VILLAR",
    "categoria": null,
    "categoriaId": null,
    "modalidad": null,
    "modalidadId": null
  },
  {
    "jugadorId": 1376,
    "nombreJugador": "Marta DEVIA GARCIA",
    "categoria": null,
    "categoriaId": null,
    "modalidad": null,
    "modalidadId": null
  },
  {
    "jugadorId": 1377,
    "nombreJugador": "Julio GARCIA DIAZ",
    "categoria": null,
    "categoriaId": null,
    "modalidad": null,
    "modalidadId": null
  },
  {
    "jugadorId": 1383,
    "nombreJugador": "Sara MOYANO GARCÍA",
    "categoria": null,
    "categoriaId": null,
    "modalidad": null,
    "modalidadId": null
  },
  {
    "jugadorId": 1403,
    "nombreJugador": "Oliver MUÑOZ GARCIA",
    "categoria": null,
    "categoriaId": null,
    "modalidad": null,
    "modalidadId": null
  },
  {
    "jugadorId": 1415,
    "nombreJugador": "Mateo LEON GARCIA",
    "categoria": null,
    "categoriaId": null,
    "modalidad": null,
    "modalidadId": null
  },
  {
    "jugadorId": 1420,
    "nombreJugador": "Miguel MELGAR",
    "categoria": null,
    "categoriaId": null,
    "modalidad": null,
    "modalidadId": null
  }
]
