[
    {
        "file":  "assets\\css\\rf-live.css",
        "RejectedCount":  2,
        "Rejected":  {
                         "value":  [
                                       ".futbolin-sidebar-block .search-wrapper .search-results-dropdown mark",
                                       "\n.rf-live-portal mark"
                                   ],
                         "Count":  2
                     }
    },
    {
        "file":  "assets\\css\\rf-hitos-inline.css",
        "RejectedCount":  24,
        "Rejected":  {
                         "value":  [
                                       ".rf-card.group-championships.is-empty .rf-card__frame::after",
                                       ".rf-empty-hero__icon",
                                       ".rf-empty-hero__icon svg",
                                       ".rf-card.group-championships .rf-badges",
                                       ".rf-card.group-championships .rf-badge",
                                       ".rf-card.group-championships .rf-badge__icon",
                                       ".rf-card.group-championships .rf-badge__icon-asset svg",
                                       ".rf-card.group-championships .rf-badge--double .rf-badge__icon",
                                       ".rf-card.group-championships .rf-badge--double .rf-badge__icon-asset--secondary",
                                       ".rf-card.group-championships .rf-badge__text",
                                       ".rf-card.group-number1 .rf-badges",
                                       ".rf-card.group-number23 .rf-badges",
                                       ".rf-card.group-number1 .rf-badge",
                                       ".rf-card.group-number23 .rf-badge",
                                       ".rf-card.group-number1 .rf-badge__icon",
                                       ".rf-card.group-number23 .rf-badge__icon",
                                       ".rf-card.group-number1 .rf-badge__icon-asset svg",
                                       ".rf-card.group-number23 .rf-badge__icon-asset svg",
                                       ".rf-card.group-number1 .rf-badge--double .rf-badge__icon",
                                       ".rf-card.group-number23 .rf-badge--double .rf-badge__icon",
                                       ".rf-card.group-number1 .rf-badge--double .rf-badge__icon-asset--secondary",
                                       ".rf-card.group-number23 .rf-badge__icon-asset--secondary",
                                       ".rf-card.group-number1 .rf-badge__text",
                                       ".rf-card.group-number23 .rf-badge__text"
                                   ],
                         "Count":  24
                     }
    },
    {
        "file":  "assets\\css\\90-compat-override.css",
        "RejectedCount":  39,
        "Rejected":  {
                         "value":  [
                                       ".entry-content .futbolin-full-bleed-wrapper",
                                       "\n.site-main .futbolin-full-bleed-wrapper",
                                       "\n.ast-container .futbolin-full-bleed-wrapper",
                                       "\n.ast-separate-container .futbolin-full-bleed-wrapper",
                                       ".ast-container .futbolin-content-container",
                                       "\n.entry-content .futbolin-content-container",
                                       ".futbolin-layout-container .futbolin-main",
                                       "\n.futbolin-layout-row \u003e .left",
                                       "\n.futbolin-layout-row \u003e .right",
                                       ".ast-single-post .entry-title .futbolin-full-bleed-wrapper",
                                       "\n.ast-page-builder-template .entry-title .futbolin-full-bleed-wrapper",
                                       ".entry-content .futbolin-full-bleed-wrapper \u003e :first-child",
                                       ".entry-content .futbolin-full-bleed-wrapper \u003e :last-child",
                                       ".ast-container",
                                       " .site-content",
                                       " .entry-content",
                                       ":where(.futbolin-full-bleed-wrapper) :where(.ast-container, .entry-content, .site-content)",
                                       ".ranking-row.top-1",
                                       "\n.champion-row.top-1",
                                       "\nli.ranking-row.top-1",
                                       ".ranking-row.top-2",
                                       "\n.champion-row.top-2",
                                       "\nli.ranking-row.top-2",
                                       ".ranking-row.top-1 .ranking-player-details a",
                                       "\n.ranking-row.top-2 .ranking-player-details a",
                                       ".futbolin-ranking .ranking-row.top-1",
                                       "\n.futbolin-card .ranking-row.top-1",
                                       "\n.ranking-row.top-1",
                                       ".futbolin-ranking .ranking-row.top-2",
                                       "\n.futbolin-card .ranking-row.top-2",
                                       "\n.ranking-row.top-2",
                                       ".ranking-row.top-1 .ranking-cell",
                                       "\n.ranking-row.top-2 .ranking-cell",
                                       "\nli.ranking-row.top-1 .ranking-cell",
                                       "\nli.ranking-row.top-2 .ranking-cell",
                                       ".ranking-row.top-1:hover",
                                       "\n.ranking-row.top-2:hover",
                                       "\nli.ranking-row.top-1:hover",
                                       "\nli.ranking-row.top-2:hover"
                                   ],
                         "Count":  39
                     }
    },
    {
        "file":  "assets\\css\\27-skeleton.css",
        "RejectedCount":  0,
        "Rejected":  {

                     }
    },
    {
        "file":  "assets\\css\\26-maintenance.css",
        "RejectedCount":  0,
        "Rejected":  {

                     }
    },
    {
        "file":  "assets\\css\\25-futbolin-tournaments.css",
        "RejectedCount":  3,
        "Rejected":  {
                         "value":  [
                                       ".futbolin-tournaments-wrapper .t-pagination",
                                       ".futbolin-tournaments-wrapper .t-pagination a",
                                       ".futbolin-tournaments-wrapper .t-pagination .cur"
                                   ],
                         "Count":  3
                     }
    },
    {
        "file":  "assets\\css\\25-futbolin-torneos.css",
        "RejectedCount":  0,
        "Rejected":  {

                     }
    },
    {
        "file":  "assets\\css\\24-finals-reports.css",
        "RejectedCount":  17,
        "Rejected":  {
                         "value":  [
                                       ".futbolin-finals-wrapper .finals-chip",
                                       ".futbolin-finals-wrapper .finals-chip:hover",
                                       ".futbolin-finals-wrapper .finals-chip.active",
                                       ".futbolin-finals-wrapper .finals-legend",
                                       ".futbolin-finals-wrapper .finals-legend p",
                                       ".futbolin-finals-wrapper .finals-legend strong",
                                       ".futbolin-finals-wrapper .finals-controls",
                                       ".futbolin-finals-wrapper .finals-controls .search-wrapper",
                                       ".futbolin-finals-wrapper .finals-controls .futbolin-live-search",
                                       ".futbolin-finals-wrapper .finals-controls .futbolin-live-search:focus",
                                       ".futbolin-finals-wrapper.is-finals .ranking-header",
                                       "\r\n.futbolin-finals-wrapper.is-finals .ranking-row",
                                       ".futbolin-finals-wrapper.is-championships .ranking-header",
                                       "\r\n.futbolin-finals-wrapper.is-championships .ranking-row",
                                       "\r\n  .futbolin-finals-wrapper.is-championships .ranking-row",
                                       "\r\n  .futbolin-finals-wrapper.is-finals .ranking-row",
                                       ".finals-chips"
                                   ],
                         "Count":  17
                     }
    },
    {
        "file":  "assets\\css\\23-hall-of-fame-styles.css",
        "RejectedCount":  8,
        "Rejected":  {
                         "value":  [
                                       ".ranking-top-bar .finals-chip",
                                       ".ranking-top-bar .finals-chip:hover",
                                       ".ranking-top-bar .finals-chip.active",
                                       ".futbolin-search-hall-of-fame-container",
                                       ".ranking-controls h2",
                                       "\n.ranking-controls .disclaimer",
                                       ".ranking-controls",
                                       ".futb-hall-of-fame"
                                   ],
                         "Count":  8
                     }
    },
    {
        "file":  "assets\\css\\22-ranking-styles.css",
        "RejectedCount":  15,
        "Rejected":  {
                         "value":  [
                                       ".tournament-number-box",
                                       ".futbolin-tournament-stats",
                                       ".futbolin-tournament-stats h3",
                                       ".hall-of-fame-table-header",
                                       ".hall-of-fame-table-header .sortable-header",
                                       ".hall-of-fame-table-header .sortable-header:hover",
                                       "\n.hall-of-fame-table-header .sortable-header.active",
                                       ".ranking-position-cell",
                                       " .player-stat-cell",
                                       ".player-stat-cell .stat-value",
                                       ".player-stat-cell .stat-unit",
                                       ".ranking-controls",
                                       ".futbolin-sidebar-block.futbolin-search-hall-of-fame",
                                       ".finals-reports-table-container .hall-of-fame-table-header",
                                       ".finals-reports-table-container .ranking-row.finals-row"
                                   ],
                         "Count":  15
                     }
    },
    {
        "file":  "assets\\css\\21-admin-styles.css",
        "RejectedCount":  5,
        "Rejected":  {
                         "value":  [
                                       ".button-danger",
                                       ".button-danger:hover",
                                       "#futbolin-progress-bar",
                                       "#futbolin-progress-status",
                                       ".futbolin-content"
                                   ],
                         "Count":  5
                     }
    },
    {
        "file":  "assets\\css\\20-ranking-category.css",
        "RejectedCount":  39,
        "Rejected":  {
                         "value":  [
                                       ".ranking-player-category .category-pill.category-elitegm",
                                       "\r\n.ranking-player-category .category-pill.category-elite-gm",
                                       "\r\n.ranking-player-category .category-pill[data-category=\"elite-gm\"]",
                                       "\r\n.ranking-player-category [data-category^=\"elite-gm\"].category-pill",
                                       "\r\n.ranking-player-category [data-category*=\"elite-gm\"].category-pill",
                                       "\r\n.category-pill.category-elitegm",
                                       "\r\n.category-pill.category-elite-gm",
                                       "\r\n.category-pill[data-category=\"elite-gm\"]",
                                       ".category-pill.category-elite",
                                       "\r\n.category-pill[data-category=\"elite\"]",
                                       ".category-pill.category-master",
                                       ".category-pill.category-pro",
                                       ".category-pill.category-amateur",
                                       "\r\n.category-pill.category-amater",
                                       ".category-pill.category-rookie",
                                       ".players-most-active-ranking",
                                       " .players-win-rate-ranking",
                                       ".ranking-controls",
                                       ".ranking-controls .page-size-form",
                                       ".ranking-controls .page-size-form button",
                                       ".ranking-controls .page-size-form button:hover",
                                       "\r\n.ranking-controls .page-size-form button.active",
                                       ".ranking-header .sort-arrow.down",
                                       ".players-most-active-ranking .ranking-row",
                                       " .players-win-rate-ranking .ranking-row",
                                       ".players-win-rate-ranking .ranking-header",
                                       ".players-win-rate-ranking .ranking-row",
                                       ".players-most-active-ranking .ranking-position",
                                       "\r\n.players-win-rate-ranking .ranking-position",
                                       ".players-most-active-ranking .ranking-position.pos-1",
                                       "\r\n.players-win-rate-ranking .ranking-position.pos-1",
                                       ".players-most-active-ranking .ranking-position.pos-2",
                                       "\r\n.players-win-rate-ranking .ranking-position.pos-2",
                                       ".players-most-active-ranking .ranking-position.pos-3",
                                       "\r\n.players-win-rate-ranking .ranking-position.pos-3",
                                       ".players-most-active-ranking .player-name a",
                                       " .players-win-rate-ranking .player-name a",
                                       ".players-most-active-ranking .player-stat",
                                       " .players-win-rate-ranking .player-stat"
                                   ],
                         "Count":  39
                     }
    },
    {
        "file":  "assets\\css\\20-hitos-cards.v2.css",
        "RejectedCount":  8,
        "Rejected":  {
                         "value":  [
                                       ".rf-badges--tiles",
                                       ".rf-tile",
                                       ".rf-tile.gold",
                                       ".rf-tile.silver",
                                       ".rf-tile.bronze",
                                       ".rf-tile .rf-icon",
                                       ".rf-tile .rf-icon.rf-icon--big",
                                       ".rf-tile__label"
                                   ],
                         "Count":  8
                     }
    },
    {
        "file":  "assets\\css\\20-hitos-cards.css",
        "RejectedCount":  0,
        "Rejected":  {

                     }
    },
    {
        "file":  "assets\\css\\19-player-profile-dynamic.css",
        "RejectedCount":  3,
        "Rejected":  {
                         "value":  [
                                       ".futbolin-main-header.header-gm",
                                       ".futbolin-main-header.header-gm::before",
                                       ".futbolin-card .trophy .star--back"
                                   ],
                         "Count":  3
                     }
    },
    {
        "file":  "assets\\css\\18-ranking-controls.css",
        "RejectedCount":  2,
        "Rejected":  {
                         "value":  [
                                       ".ranking-controls",
                                       ".ranking-controls h2"
                                   ],
                         "Count":  2
                     }
    },
    {
        "file":  "assets\\css\\17-loader.css",
        "RejectedCount":  14,
        "Rejected":  {
                         "value":  [
                                       ".futbolin-loader-content",
                                       ".futbolin-spinner",
                                       ".futbolin-spinner div",
                                       ".futbolin-spinner div::before",
                                       "#futbolin-loader-overlay .lottie-2x",
                                       "#futbolin-loader-overlay .futbolin-loader-text",
                                       "#futbolin-loader-overlay .dots",
                                       "#futbolin-loader-overlay .dots i",
                                       "#futbolin-loader-overlay .dots i:nth-child(2)",
                                       "#futbolin-loader-overlay .dots i:nth-child(3)",
                                       "\r\n  #futbolin-loader-overlay .dots i",
                                       "#futbolin-loader-overlay .futbolin-loader-text.shimmer",
                                       "#futbolin-loader-overlay.force-motion .futbolin-loader-text",
                                       "#futbolin-loader-overlay.force-motion .dots i"
                                   ],
                         "Count":  14
                     }
    },
    {
        "file":  "assets\\css\\16-final-fixes.css",
        "RejectedCount":  0,
        "Rejected":  {

                     }
    },
    {
        "file":  "assets\\css\\15-futbolin-h2h.css",
        "RejectedCount":  0,
        "Rejected":  {

                     }
    },
    {
        "file":  "assets\\css\\14-tab-content.css",
        "RejectedCount":  1,
        "Rejected":  "#tab-general .player-career-stats"
    },
    {
        "file":  "assets\\css\\13-scrollbar.css",
        "RejectedCount":  0,
        "Rejected":  {

                     }
    },
    {
        "file":  "assets\\css\\12-h2h-integration.css",
        "RejectedCount":  0,
        "Rejected":  {

                     }
    },
    {
        "file":  "assets\\css\\11-ajax-search.css",
        "RejectedCount":  0,
        "Rejected":  {

                     }
    },
    {
        "file":  "assets\\css\\10-pagination.css",
        "RejectedCount":  0,
        "Rejected":  {

                     }
    },
    {
        "file":  "assets\\css\\09-h2h.css",
        "RejectedCount":  0,
        "Rejected":  {

                     }
    },
    {
        "file":  "assets\\css\\08-player-profile.css",
        "RejectedCount":  15,
        "Rejected":  {
                         "value":  [
                                       ".player-header",
                                       ".player-header-info",
                                       ".player-photo-placeholder-large",
                                       ".player-header h1",
                                       ".player-career-stats",
                                       "#tab-general .player-career-stats",
                                       "#tab-general .player-career-stats .points-pill",
                                       ".stats-footnote",
                                       ".futbolin-indented-list li .list-item-content",
                                       ".futbolin-indented-list li strong",
                                       ".futbolin-indented-list li span",
                                       "#tab-glicko-rankings .ranking-row.podium-1 .ranking-position",
                                       "#tab-glicko-rankings .ranking-row.podium-2 .ranking-position",
                                       "#tab-glicko-rankings .ranking-row.podium-3 .ranking-position",
                                       ".ranking-annual-banner"
                                   ],
                         "Count":  15
                     }
    },
    {
        "file":  "assets\\css\\07-ranking-table.css",
        "RejectedCount":  38,
        "Rejected":  {
                         "value":  [
                                       ".category-pill[data-category=\"elite-gm\"]",
                                       ".category-pill[data-category=\"elite-plata\"]",
                                       ".category-pill[data-category=\"elite-oro\"]",
                                       ".category-pill[data-category=\"elite-bronce\"]",
                                       ".category-pill[data-category=\"master-plata\"]",
                                       ".category-pill[data-category=\"master-bronce\"]",
                                       ".players-win-rate-ranking .ranking-header",
                                       "\n.players-win-rate-ranking .ranking-row",
                                       ".players-win-rate-ranking .ranking-row",
                                       ".players-win-rate-ranking .ranking-header span a",
                                       ".player-photo-placeholder",
                                       ".ranking-row.podium-1",
                                       ".ranking-row.podium-2",
                                       ".ranking-row.podium-3",
                                       " .ranking-row.podium-2",
                                       " .ranking-row.podium-3",
                                       ".ranking-row.podium-1 a",
                                       " .ranking-row.podium-2 a",
                                       " .ranking-row.podium-3 a",
                                       ".ranking-row.podium-1 .pos-cell",
                                       "\n.ranking-row.podium-1 .ranking-position",
                                       "\n\n\n.ranking-row.podium-2 .pos-cell",
                                       "\n.ranking-row.podium-2 .ranking-position",
                                       "\n\n\n.ranking-row.podium-3 .pos-cell",
                                       "\n.ranking-row.podium-3 .ranking-position",
                                       "\n\n\n\n.ranking-row.podium-1 .pos-cell .badge",
                                       "\n.ranking-row.podium-1 .ranking-cell.pos .badge",
                                       ".ranking-row.podium-2 .pos-cell .badge",
                                       "\n.ranking-row.podium-2 .ranking-cell.pos .badge",
                                       ".ranking-row.podium-3 .pos-cell .badge",
                                       "\n.ranking-row.podium-3 .ranking-cell.pos .badge",
                                       ".ranking-row.podium-1:hover",
                                       ".ranking-row.podium-2:hover",
                                       ".ranking-row.podium-3:hover",
                                       ".ranking-row .pos-star",
                                       ".ranking-row.podium-1 .pos-star",
                                       ".ranking-row.podium-2 .pos-star",
                                       ".ranking-row.podium-3 .pos-star"
                                   ],
                         "Count":  38
                     }
    },
    {
        "file":  "assets\\css\\06-sidebar-menu.css",
        "RejectedCount":  0,
        "Rejected":  {

                     }
    },
    {
        "file":  "assets\\css\\05-sidebar-forms.css",
        "RejectedCount":  0,
        "Rejected":  {

                     }
    },
    {
        "file":  "assets\\css\\04-header.css",
        "RejectedCount":  1,
        "Rejected":  " .content-block h3"
    },
    {
        "file":  "assets\\css\\03-layout.css",
        "RejectedCount":  5,
        "Rejected":  {
                         "value":  [
                                       ".futbolin-main-content.main-content-full-width",
                                       ".futbolin-hall-of-fame-container",
                                       ".futbolin-search-hall-of-fame",
                                       ".futbolin-search-hall-of-fame .search-wrapper",
                                       ".futbolin-search-hall-of-fame .futbolin-live-search"
                                   ],
                         "Count":  5
                     }
    },
    {
        "file":  "assets\\css\\02-components.css",
        "RejectedCount":  2,
        "Rejected":  {
                         "value":  [
                                       ".futbolin-main-header.header-gm",
                                       ".futbolin-main-header.header-gm::before"
                                   ],
                         "Count":  2
                     }
    },
    {
        "file":  "assets\\css\\01-variables.css",
        "RejectedCount":  0,
        "Rejected":  {

                     }
    }
]
