{
  "meta": {
    "generatedAt": "2025-09-06T18:47:10.990660Z",
    "source": "master.json",
    "notes": [
      "Índice ligero para consultas rápidas.",
      "Para partidos completos, usar master.json → jugadores.<id>.partidos.",
      "Regla: para partidos, preferir colección ALL frente a paginado."
    ]
  },
  "maps": {
    "tipoCompeticion": {},
    "modalidad": {},
    "categoriaById": {},
    "temporada": {
      "2": "Temporada 2011",
      "3": "Temporada 2012",
      "4": "Temporada 2013",
      "8": "Temporada 2017",
      "11": "Temporada 2022",
      "12": "Temporada 2023"
    }
  },
  "jugadoresIndex": [
    {
      "jugadorId": 4,
      "nombreJugador": "Hector NUÑEZ SAEZ",
      "totalPartidos": 778,
      "faltanEnPaginado": 2,
      "tipoCompeticionIds": [
        1,
        3,
        9,
        11,
        12,
        13,
        24,
        25
      ],
      "modalidadIds": [
        1,
        2,
        9,
        10
      ],
      "categoriaIds": [
        0,
        1,
        3,
        4,
        5
      ],
      "hasSeniorDobles": false,
      "hasMujeresDobles": false
    },
    {
      "jugadorId": 614,
      "nombreJugador": "Jordan GONZALEZ REBOSO",
      "totalPartidos": 376,
      "faltanEnPaginado": 2,
      "tipoCompeticionIds": [
        1,
        2,
        3,
        9,
        10,
        11,
        12,
        13,
        14,
        20,
        21,
        24,
        25
      ],
      "modalidadIds": [
        1,
        2,
        9,
        10
      ],
      "categoriaIds": [
        0,
        1,
        2,
        3,
        4,
        5
      ],
      "hasSeniorDobles": false,
      "hasMujeresDobles": false
    }
  ]
}