{
  "_comment": "Fallback local para años como nº1/2/3 por temporada cuando el endpoint per-season devuelve vacío. Rellena con jugadorId reales.",
  "i": {
    "1": [10, 19, 4],
    "2": [],
    "3": [],
    "4": [],
    "5": [],
    "6": [],
    "7": [],
    "8": [],
    "9": [],
    "10": [],
    "11": [],
    "12": [],
  "13": [],
    "14": [],
    "15": [],
    "16": [],
    "17": [],
    "18": [],
    "19": [],
    "20": []
  },
  "d": {
    "1": [],
    "2": [],
    "3": [],
    "4": [],
    "5": [],
    "6": [],
    "7": [],
    "8": [],
    "9": [],
    "10": [],
    "11": [],
    "12": [],
  "13": [],
    "14": [],
    "15": [],
    "16": [],
    "17": [],
    "18": [],
    "19": [],
    "20": []
  }
}
