{
  "jugadorId": 4,
  "nombreJugador": "Hector NUÑEZ SAEZ",
  "genero": "Hombre",
  "activoDesdeTorneo": "II Open Internacional Español",
  "activoDesdeTorneoAnio": 2010,
  "ultimoTorneo": "Campeonato España 2024",
  "ultimoTorneoAnio": 2025,
  "totalPartidosJugados": 778,
  "totalPartidosGanados": 574,
  "totalCompeticionesJugadas": 127,
  "totalCompeticionesGanadas": 27,
  "totalTorneosJugados": 52,
  "mejorPosicionDobles": 1,
  "temporadasMejorPosicionDobles": [
    {
      "temporadaId": 3,
      "temporada": "Temporada 2012"
    },
    {
      "temporadaId": 4,
      "temporada": "Temporada 2013"
    }
  ],
  "mejorPosicionIndividual": 1,
  "temporadasMejorPosicionIndividual": [
    {
      "temporadaId": 2,
      "temporada": "Temporada 2011"
    }
  ],
  "mejorPosicionDoblesFinTemporada": 1,
  "temporadasMejorPosicionDoblesFinTemporada": [
    {
      "temporadaId": 3,
      "temporada": "Temporada 2012"
    }
  ],
  "mejorPosicionIndividualFinTemporada": 2,
  "temporadasMejorPosicionIndividualFinTemporada": [
    {
      "temporadaId": 8,
      "temporada": "Temporada 2017"
    },
    {
      "temporadaId": 11,
      "temporada": "Temporada 2022"
    }
  ]
}
