[
  {
    "jugadorId": 4,
    "nombreJugador": "Hector NUÑEZ SAEZ",
    "modalidadId": 2,
    "modalidad": "Dobles",
    "categoriaId": 1,
    "categoria": "Rookie",
    "puntos": 2243,
    "torneoInicialId": 1,
    "torneoInicial": "II Open Internacional Español",
    "torneoFinalId": 10,
    "torneoFinal": "IV campeonato cafe america",
    "isActual": false,
    "ordenWeb": 1
  },
  {
    "jugadorId": 4,
    "nombreJugador": "Hector NUÑEZ SAEZ",
    "modalidadId": 2,
    "modalidad": "Dobles",
    "categoriaId": 4,
    "categoria": "Elite",
    "puntos": 2143,
    "torneoInicialId": 10,
    "torneoInicial": "IV campeonato cafe america",
    "torneoFinalId": 124,
    "torneoFinal": "Campeonato de España 2023 - ITSF Master Tour 2023",
    "isActual": false,
    "ordenWeb": 1
  },
  {
    "jugadorId": 4,
    "nombreJugador": "Hector NUÑEZ SAEZ",
    "modalidadId": 2,
    "modalidad": "Dobles",
    "categoriaId": 5,
    "categoria": "Elite GM",
    "puntos": 2199,
    "torneoInicialId": 124,
    "torneoInicial": "Campeonato de España 2023 - ITSF Master Tour 2023",
    "torneoFinalId": 0,
    "torneoFinal": "",
    "isActual": true,
    "ordenWeb": 1
  },
  {
    "jugadorId": 4,
    "nombreJugador": "Hector NUÑEZ SAEZ",
    "modalidadId": 1,
    "modalidad": "Individual",
    "categoriaId": 1,
    "categoria": "Rookie",
    "puntos": 2089,
    "torneoInicialId": 1,
    "torneoInicial": "II Open Internacional Español",
    "torneoFinalId": 10,
    "torneoFinal": "IV campeonato cafe america",
    "isActual": false,
    "ordenWeb": 2
  },
  {
    "jugadorId": 4,
    "nombreJugador": "Hector NUÑEZ SAEZ",
    "modalidadId": 1,
    "modalidad": "Individual",
    "categoriaId": 3,
    "categoria": "Master",
    "puntos": 2266,
    "torneoInicialId": 10,
    "torneoInicial": "IV campeonato cafe america",
    "torneoFinalId": 21,
    "torneoFinal": "Campeonato de España 2013",
    "isActual": false,
    "ordenWeb": 2
  },
  {
    "jugadorId": 4,
    "nombreJugador": "Hector NUÑEZ SAEZ",
    "modalidadId": 1,
    "modalidad": "Individual",
    "categoriaId": 4,
    "categoria": "Elite",
    "puntos": 2170,
    "torneoInicialId": 21,
    "torneoInicial": "Campeonato de España 2013",
    "torneoFinalId": 124,
    "torneoFinal": "Campeonato de España 2023 - ITSF Master Tour 2023",
    "isActual": false,
    "ordenWeb": 2
  },
  {
    "jugadorId": 4,
    "nombreJugador": "Hector NUÑEZ SAEZ",
    "modalidadId": 1,
    "modalidad": "Individual",
    "categoriaId": 5,
    "categoria": "Elite GM",
    "puntos": 2106,
    "torneoInicialId": 124,
    "torneoInicial": "Campeonato de España 2023 - ITSF Master Tour 2023",
    "torneoFinalId": 0,
    "torneoFinal": "",
    "isActual": true,
    "ordenWeb": 2
  },
  {
    "jugadorId": 4,
    "nombreJugador": "Hector NUÑEZ SAEZ",
    "modalidadId": 10,
    "modalidad": "Mixto",
    "categoriaId": 1,
    "categoria": "Rookie",
    "puntos": 1727,
    "torneoInicialId": 120,
    "torneoInicial": "I OPEN DE GUADALAJARA",
    "torneoFinalId": 130,
    "torneoFinal": "LOECHES 2024",
    "isActual": false,
    "ordenWeb": 9
  },
  {
    "jugadorId": 4,
    "nombreJugador": "Hector NUÑEZ SAEZ",
    "modalidadId": 10,
    "modalidad": "Mixto",
    "categoriaId": 3,
    "categoria": "Master",
    "puntos": 1727,
    "torneoInicialId": 130,
    "torneoInicial": "LOECHES 2024",
    "torneoFinalId": 0,
    "torneoFinal": "",
    "isActual": true,
    "ordenWeb": 9
  }
]
