"endpoint","samples","shapes"
"Torneo/GetTorneoConPosiciones/118","1","array:1"
"Torneo/GetTorneoConPosiciones/128","1","array:1"
"Ranking/GetRankingPorModalidadEXTGlicko2/1","1","array:1"
"Torneo/GetTorneoConPosiciones/135","1","array:1"
"Ranking/GetRankingPorModalidadESPPagGlicko2/2","1","array:1"
"GetCampeonesEspania","1","array:1"
"Jugador/GetDatosJugador/4","1","object:1"
"/api/Jugador/GetBuscarJugadorPag/{busqueda} (q=gar)","1","array:1"
"/api/Jugador/GetBuscarJugador/{busqueda} (q=he)","1","array:1"
"Ranking/GetRankingPorModalidadESPPagGlicko2/9","1","array:1"
"/api/Jugador/GetBuscarJugadorPag/{busqueda} (q=he)","1","array:1"
"Ranking/GetRankingPorModalidadESPGlicko2/8","1","array:1"
"/api/Jugador/GetBuscarJugadorPag/{busqueda} (q=nuez)","1","array:1"
"Torneo/GetTorneoConPosicionesPag/134","1","array:1"
"Torneo/GetTorneoConPosicionesPag/123","1","array:1"
"Torneo/GetTorneoConPosiciones/134","1","array:1"
"Torneo/GetTorneoConPosicionesPag/126","1","array:1"
"Torneo/GetTorneoConPosiciones/124","1","array:1"
"Ranking/GetRankingPorModalidadESPGlicko2/9","1","array:1"
"/api/Jugador/GetBuscarJugadorPag/{busqueda} (q=hector)","1","array:1"
"Torneo/GetTorneoConPosiciones/122","1","array:1"
"Torneo/GetTorneoConPosiciones/120","1","array:1"
"Torneo/GetTorneoConPosicionesPag/122","1","array:1"
"Ranking/GetRankingPorModalidadESPGlicko2/1","1","array:1"
"Torneo/GetTorneoConPosicionesPag/133","1","array:1"
"Jugador/GetJugadorPuntuacionCategoria/4","1","array:1"
"Ranking/GetRankingPorModalidadESPPagGlicko2/1","1","array:1"
"Ranking/GetRankingPorModalidadEXTGlicko2/2","1","array:1"
"Torneo/GetTorneoConPosicionesPag/125","1","array:1"
"Ranking/GetRankingPorModalidadESPGlicko2/10","1","array:1"
"Ranking/GetRankingPorModalidadESPPagGlicko2/5","1","array:1"
"Torneo/GetTorneosPag","1","array:1"
"Ranking/GetRankingPorModalidadESPPagGlicko2/6","1","array:1"
"/api/Jugador/GetBuscarJugadorPag/{busqueda} (q=4)","1","array:1"
"Ranking/GetRankingPorModalidadESPGlicko2/2","1","array:1"
"Ranking/GetRankingPorModalidadEXTGlicko2/8","1","array:1"
"Jugador/GetJugadorPosicionPorTorneos/4","1","array:1"
"Torneo/GetTorneoConPosicionesPag/124","1","array:1"
"Torneo/GetTorneoConPosicionesPag/129","1","array:1"
"/api/Jugador/GetBuscarJugador/{busqueda} (q=gar)","1","array:1"
"Torneo/GetTorneoConPosiciones/121","1","array:1"
"Torneo/GetTorneoConPosiciones/133","1","array:1"
"Ranking/GetRankingPorModalidadESPGlicko2/6","1","array:1"
"Ranking/GetRankingPorModalidadEXTGlicko2/3","1","array:1"
"Ranking/GetRankingPorModalidadESPPagGlicko2/10","1","array:1"
"Jugador/GetJugadorPartidos/4","1","array:1"
"Torneo/GetTorneoConPosiciones/129","1","array:1"
"Ranking/GetRankingPorModalidadEXTGlicko2/6","1","array:1"
"Torneo/GetTorneoConPosiciones/130","1","array:1"
"Ranking/GetRankingPorModalidadESPPagGlicko2/4","1","array:1"
"Torneo/GetTorneoConPosicionesPag/118","1","array:1"
"Torneo/GetUltimoTorneoCalcularGlicko2","1","object:1"
"Ranking/GetRankingPorModalidadEXTGlicko2/5","1","array:1"
"Torneo/GetTorneoConPosicionesPag/120","1","array:1"
"Ranking/GetRankingPorModalidadESPGlicko2/3","1","array:1"
"Ranking/GetRankingPorModalidadEXTGlicko2/4","1","array:1"
"Modalidad/GetModalidades","1","array:1"
"Torneo/GetTorneoConPosiciones/126","1","array:1"
"Torneo/GetTorneoConPosiciones/125","1","array:1"
"Ranking/GetRankingPorModalidadEXTGlicko2/7","1","array:1"
"Torneo/GetTorneoConPosicionesPag/135","1","array:1"
"/api/Jugador/GetBuscarJugador/{busqueda} (q=hector)","1","array:1"
"/api/Jugador/GetBuscarJugador/{busqueda} (q=nuez)","1","array:1"
"Ranking/GetRankingPorModalidadESPPagGlicko2/3","1","array:1"
"Ranking/GetRankingPorModalidadEXTGlicko2/10","1","array:1"
"Jugador/GetJugadorPartidosPag/4","1","array:1"
"Torneo/GetTorneoConPosicionesPag/119","1","array:1"
"Ranking/GetRankingPorModalidadESPGlicko2/5","1","array:1"
"Ranking/GetRankingPorModalidadESPPagGlicko2/8","1","array:1"
"Ranking/GetRankingPorModalidadESPGlicko2/4","1","array:1"
"Torneo/GetTorneoConPosiciones/123","1","array:1"
"Ranking/GetRankingPorModalidadEXTGlicko2/9","1","array:1"
"/api/Jugador/GetBuscarJugador/{busqueda} (q=4)","1","array:1"
"Torneo/GetTorneoConPosicionesPag/130","1","array:1"
"Torneo/GetTorneoConPosiciones/119","1","array:1"
"Torneo/GetTorneos","1","array:1"
"Torneo/GetTorneoConPosicionesPag/128","1","array:1"
"Torneo/GetTorneoConPosicionesPag/121","1","array:1"
"Ranking/GetRankingPorModalidadESPPagGlicko2/7","1","array:1"
"Ranking/GetRankingPorModalidadESPGlicko2/7","1","array:1"
