"path","types"
"Torneo/GetTorneoConPosiciones/125.[].equipoDTO.jugadores[]","object"
"Ranking/GetRankingPorModalidadESPPagGlicko2/5.[].puntos","integer"
"Ranking/GetRankingPorModalidadESPPagGlicko2/5.[].modalidadId","integer"
"Torneo/GetTorneoConPosiciones/135.[]","object"
"Jugador/GetJugadorPartidosPag/4.[].nombreJugador","string"
"Jugador/GetDatosJugador/4.activoDesdeTorneoAnio","integer"
"Torneo/GetTorneos.[].esUltimoTorneoAnio","boolean"
"Torneo/GetTorneosPag.[].fecha","datetime"
"Torneo/GetTorneoConPosiciones/124.","array"
"Ranking/GetRankingPorModalidadESPGlicko2/2.[].puntos","integer"
"Jugador/GetJugadorPartidos/4.[].sistema","string"
"Ranking/GetRankingPorModalidadESPGlicko2/7.[].modalidad","string"
"Ranking/GetRankingPorModalidadESPPagGlicko2/6.[].puntos","integer"
"Ranking/GetRankingPorModalidadESPPagGlicko2/4.[].puntos","integer"
"Ranking/GetRankingPorModalidadEXTGlicko2/8.[].modalidad","string"
"Ranking/GetRankingPorModalidadESPPagGlicko2/6.[].categoriaId","integer"
"Jugador/GetJugadorPartidos/4.[].modalidadId","integer"
"GetCampeonesEspania.[].torneosDobles[]","object"
"Torneo/GetTorneoConPosiciones/121.[].equipoDTO.jugadores[]","object"
"Torneo/GetTorneosPag.[].temporada","string"
"Ranking/GetRankingPorModalidadESPPagGlicko2/10.[].posicion","integer"
"Torneo/GetTorneoConPosiciones/123.[].equipoDTO","object"
"Torneo/GetTorneoConPosiciones/126.[].posicion","integer"
"Jugador/GetDatosJugador/4.temporadasMejorPosicionDoblesFinTemporada[].temporadaId","integer"
"Torneo/GetTorneoConPosiciones/126.[].equipoDTO.equipoId","integer"
"Ranking/GetRankingPorModalidadESPPagGlicko2/5.","array"
"Ranking/GetRankingPorModalidadEXTGlicko2/3.[]","object"
"Ranking/GetRankingPorModalidadESPPagGlicko2/7.[].puntos","integer"
"Ranking/GetRankingPorModalidadESPGlicko2/5.[].puntos","integer"
"Ranking/GetRankingPorModalidadESPGlicko2/7.[].nombreJugador","string"
"Torneo/GetTorneoConPosicionesPag/134.","array"
"Ranking/GetRankingPorModalidadESPPagGlicko2/4.[].modalidadId","integer"
"Ranking/GetRankingPorModalidadESPPagGlicko2/7.[].modalidad","string"
"Ranking/GetRankingPorModalidadEXTGlicko2/7.","array"
"Torneo/GetTorneoConPosiciones/118.[].equipoDTO.jugadores","array"
"Ranking/GetRankingPorModalidadESPPagGlicko2/8.[].modalidad","string"
"Torneo/GetTorneoConPosiciones/118.[].equipoJugadores","string"
"Ranking/GetRankingPorModalidadESPGlicko2/4.[].puntos","integer"
"Torneo/GetTorneoConPosiciones/128.[].equipoJugadores","string"
"Jugador/GetJugadorPosicionPorTorneos/4.[].competicionId","integer"
"Torneo/GetTorneoConPosiciones/133.[].equipoDTO.jugadores[].nombreJugador","string"
"Torneo/GetTorneoConPosiciones/130.[].equipoJugadores","string"
"Ranking/GetRankingPorModalidadEXTGlicko2/10.[].nombreJugador","string"
"Torneo/GetTorneoConPosiciones/130.[]","object"
"Modalidad/GetModalidades.[].ordenWeb","integer"
"Ranking/GetRankingPorModalidadESPGlicko2/6.[].categoria","string"
"Jugador/GetJugadorPartidosPag/4.[].categoriaId","integer"
"Ranking/GetRankingPorModalidadEXTGlicko2/5.[].jugadorId","integer"
"Ranking/GetRankingPorModalidadESPGlicko2/6.[].nombreJugador","string"
"Ranking/GetRankingPorModalidadESPPagGlicko2/7.[].modalidadId","integer"
"Torneo/GetTorneoConPosiciones/123.[].equipoDTO.jugadores[].jugadorId","integer"
"Torneo/GetTorneoConPosiciones/125.[].equipoDTO.jugadores[].jugadorId","integer"
"Torneo/GetTorneoConPosiciones/126.[].tipoCompeticionId","integer"
"Ranking/GetRankingPorModalidadESPPagGlicko2/8.[].jugadorId","integer"
"Ranking/GetRankingPorModalidadESPGlicko2/8.[].modalidadId","integer"
"Ranking/GetRankingPorModalidadESPPagGlicko2/2.[].modalidad","string"
"Torneo/GetTorneoConPosiciones/122.[].posicion","integer"
"Jugador/GetJugadorPartidos/4.[].jugadorId","integer"
"Ranking/GetRankingPorModalidadESPGlicko2/5.[]","object"
"Torneo/GetTorneoConPosiciones/118.[].nombreCompeticion","string"
"Ranking/GetRankingPorModalidadESPPagGlicko2/8.","array"
"Torneo/GetTorneoConPosiciones/125.[].competicionId","integer"
"Ranking/GetRankingPorModalidadESPPagGlicko2/4.[].jugadorId","integer"
"Ranking/GetRankingPorModalidadESPGlicko2/4.","array"
"Torneo/GetTorneoConPosicionesPag/119.","array"
"Torneo/GetTorneoConPosiciones/129.[].equipoDTO.jugadores[]","object"
"Ranking/GetRankingPorModalidadESPPagGlicko2/10.[].modalidadId","integer"
"Jugador/GetJugadorPosicionPorTorneos/4.[].jugadorId","integer"
"Torneo/GetTorneoConPosiciones/121.[].nombreTorneo","string"
"GetCampeonesEspania.[].torneosIndividual[].competicionId","integer"
"Jugador/GetDatosJugador/4.temporadasMejorPosicionIndividual[].temporadaId","integer"
"Ranking/GetRankingPorModalidadESPGlicko2/3.","array"
"Jugador/GetDatosJugador/4.mejorPosicionIndividual","integer"
"Torneo/GetTorneoConPosiciones/129.[].torneoId","integer"
"Jugador/GetJugadorPartidosPag/4.[].equipoVisitanteDTO.jugadores[].nombreJugador","string"
"Jugador/GetJugadorPartidos/4.[].equipoLocalDTO","object"
"Torneo/GetTorneoConPosiciones/121.","array"
"Jugador/GetJugadorPartidosPag/4.[].equipoLocalDTO","object"
"Ranking/GetRankingPorModalidadEXTGlicko2/10.[].modalidadId","integer"
"Ranking/GetRankingPorModalidadESPGlicko2/2.[].nombreJugador","string"
"Ranking/GetRankingPorModalidadESPPagGlicko2/10.","array"
"Torneo/GetTorneoConPosiciones/128.[].equipoDTO.jugadores[].nombreJugador","string"
"Torneo/GetTorneoConPosiciones/119.[].tipoCompeticion","string"
"Ranking/GetRankingPorModalidadESPPagGlicko2/2.[]","object"
"Ranking/GetRankingPorModalidadEXTGlicko2/3.[].posicion","integer"
"Modalidad/GetModalidades.[].modalidadId","integer"
"Torneo/GetTorneoConPosiciones/122.[].tipoCompeticionId","integer"
"Torneo/GetTorneoConPosiciones/126.[].equipoDTO.jugadores","array"
"Ranking/GetRankingPorModalidadESPPagGlicko2/4.[].categoria","string"
"Torneo/GetTorneoConPosiciones/130.[].tipoCompeticion","string"
"Jugador/GetDatosJugador/4.temporadasMejorPosicionDobles[]","object"
"Torneo/GetTorneoConPosiciones/130.[].equipoDTO.equipoId","integer"
"Torneo/GetTorneoConPosiciones/129.[].equipoDTO.jugadores","array"
"Ranking/GetRankingPorModalidadESPGlicko2/10.","array"
"Torneo/GetTorneos.[].torneoId","integer"
"Torneo/GetTorneoConPosiciones/118.[].equipoDTO","object"
"Torneo/GetTorneosPag.[].carreraCampeonesTemporada","integer"
"Ranking/GetRankingPorModalidadEXTGlicko2/6.[]","object"
"Ranking/GetRankingPorModalidadESPPagGlicko2/3.[].categoriaId","integer"
"Torneo/GetTorneoConPosiciones/134.[].equipoDTO.jugadores[].jugadorId","integer"
"Torneo/GetTorneoConPosiciones/120.[].torneoId","integer"
"Jugador/GetDatosJugador/4.temporadasMejorPosicionIndividualFinTemporada","array"
"Ranking/GetRankingPorModalidadESPPagGlicko2/3.[].modalidad","string"
"Ranking/GetRankingPorModalidadESPPagGlicko2/5.[].jugadorId","integer"
"Jugador/GetJugadorPuntuacionCategoria/4.[].ordenWeb","integer"
"Jugador/GetJugadorPartidosPag/4.[].puntosLocal","string"
"Ranking/GetRankingPorModalidadESPPagGlicko2/8.[].nombreJugador","string"
"Torneo/GetTorneoConPosiciones/123.[].posicion","integer"
"Ranking/GetRankingPorModalidadESPGlicko2/3.[].jugadorId","integer"
"Ranking/GetRankingPorModalidadESPGlicko2/4.[]","object"
"Torneo/GetTorneosPag.[]","object"
"/api/Jugador/GetBuscarJugador/{busqueda} (q=hector).","array"
"Ranking/GetRankingPorModalidadESPPagGlicko2/2.[].puntos","integer"
"Torneo/GetTorneoConPosiciones/134.[].torneoId","integer"
"Torneo/GetTorneoConPosiciones/126.[].equipoDTO","object"
"Torneo/GetTorneoConPosicionesPag/135.","array"
"Ranking/GetRankingPorModalidadEXTGlicko2/6.[].jugadorId","integer"
"Torneo/GetTorneos.[].temporada","string"
"Torneo/GetTorneoConPosiciones/128.[].posicion","integer"
"Jugador/GetJugadorPartidos/4.[].puntosVisitante","string"
"Torneo/GetTorneoConPosiciones/134.[].equipoDTO","object"
"Ranking/GetRankingPorModalidadESPPagGlicko2/10.[].categoria","string"
"Jugador/GetJugadorPartidos/4.[]","object"
"Torneo/GetTorneoConPosiciones/130.[].equipoDTO.jugadores","array"
"Torneo/GetTorneoConPosiciones/119.[]","object"
"/api/Jugador/GetBuscarJugadorPag/{busqueda} (q=hector).","array"
"Jugador/GetJugadorPartidosPag/4.[].equipoVisitanteDTO.equipoId","integer"
"Torneo/GetTorneoConPosicionesPag/118.","array"
"Jugador/GetJugadorPartidosPag/4.[].equipoLocal","string"
"Torneo/GetTorneoConPosiciones/123.[].equipoDTO.jugadores[]","object"
"Ranking/GetRankingPorModalidadEXTGlicko2/1.[].nombreJugador","string"
"Ranking/GetRankingPorModalidadEXTGlicko2/6.[].nombreJugador","string"
"Jugador/GetJugadorPartidos/4.[].torneo","string"
"Torneo/GetTorneoConPosiciones/124.[].tipoCompeticion","string"
"Torneo/GetTorneoConPosicionesPag/122.","array"
"Ranking/GetRankingPorModalidadESPPagGlicko2/1.[].categoriaId","integer"
"Torneo/GetTorneoConPosiciones/121.[].nombreCompeticion","string"
"Jugador/GetJugadorPosicionPorTorneos/4.[].tipoCompeticionId","integer"
"Torneo/GetTorneoConPosiciones/118.[].equipoDTO.jugadores[].nombreJugador","string"
"Jugador/GetJugadorPartidosPag/4.[].sistema","string"
"Torneo/GetTorneoConPosiciones/134.","array"
"GetCampeonesEspania.[].torneosDobles[].temporadaId","integer"
"/api/Jugador/GetBuscarJugador/{busqueda} (q=he).[].jugadorId","integer"
"Ranking/GetRankingPorModalidadESPGlicko2/2.[].jugadorId","integer"
"Ranking/GetRankingPorModalidadESPPagGlicko2/1.[].posicion","integer"
"Torneo/GetTorneoConPosiciones/119.[].nombreCompeticion","string"
"Torneo/GetTorneoConPosiciones/133.[].tipoCompeticionId","integer"
"Ranking/GetRankingPorModalidadEXTGlicko2/10.","array"
"Jugador/GetJugadorPartidos/4.[].torneoId","integer"
"/api/Jugador/GetBuscarJugador/{busqueda} (q=gar).[]","object"
"Ranking/GetRankingPorModalidadESPGlicko2/6.[].puntos","integer"
"Torneo/GetTorneoConPosicionesPag/129.","array"
"Ranking/GetRankingPorModalidadESPGlicko2/4.[].categoriaId","integer"
"Torneo/GetTorneoConPosiciones/123.","array"
"Ranking/GetRankingPorModalidadEXTGlicko2/1.","array"
"Jugador/GetJugadorPartidos/4.[].tipoCompeticion","string"
"Torneo/GetTorneoConPosiciones/134.[].tipoCompeticion","string"
"Jugador/GetJugadorPartidosPag/4.[].torneoId","integer"
"Jugador/GetDatosJugador/4.temporadasMejorPosicionDoblesFinTemporada[].temporada","string"
"Jugador/GetJugadorPartidos/4.[].equipoLocalDTO.jugadores[]","object"
"Jugador/GetJugadorPartidosPag/4.[].tipoCompeticionId","integer"
"Ranking/GetRankingPorModalidadESPGlicko2/1.[].modalidadId","integer"
"Torneo/GetTorneoConPosiciones/121.[].equipoDTO","object"
"Jugador/GetDatosJugador/4.temporadasMejorPosicionDoblesFinTemporada[]","object"
"Ranking/GetRankingPorModalidadESPPagGlicko2/7.[].nombreJugador","string"
"Ranking/GetRankingPorModalidadESPGlicko2/10.[].categoriaId","integer"
"Jugador/GetJugadorPartidosPag/4.[].fase","string"
"Torneo/GetTorneoConPosiciones/130.","array"
"Ranking/GetRankingPorModalidadEXTGlicko2/7.[].modalidad","string"
"Ranking/GetRankingPorModalidadEXTGlicko2/1.[].modalidad","string"
"Torneo/GetTorneoConPosiciones/122.[].equipoDTO.jugadores[].jugadorId","integer"
"Ranking/GetRankingPorModalidadESPPagGlicko2/1.[].nombreJugador","string"
"Ranking/GetRankingPorModalidadEXTGlicko2/1.[].categoria","string"
"Ranking/GetRankingPorModalidadEXTGlicko2/7.[].nombreJugador","string"
"Jugador/GetJugadorPartidos/4.[].temporadaId","integer"
"Ranking/GetRankingPorModalidadESPGlicko2/7.[].categoria","string"
"Ranking/GetRankingPorModalidadESPPagGlicko2/3.[].nombreJugador","string"
"Torneo/GetTorneoConPosiciones/124.[].equipoJugadores","string"
"Jugador/GetJugadorPartidos/4.[].categoriaId","integer"
"Jugador/GetJugadorPartidos/4.[].modalidad","string"
"/api/Jugador/GetBuscarJugadorPag/{busqueda} (q=gar).","array"
"Jugador/GetJugadorPosicionPorTorneos/4.[].nombreJugador","string"
"Jugador/GetJugadorPartidosPag/4.[].ganadorLocal","boolean"
"Torneo/GetTorneoConPosiciones/119.","array"
"Ranking/GetRankingPorModalidadESPPagGlicko2/1.[]","object"
"Ranking/GetRankingPorModalidadESPPagGlicko2/3.","array"
"Ranking/GetRankingPorModalidadEXTGlicko2/8.[].categoria","string"
"Jugador/GetJugadorPartidosPag/4.","array"
"Torneo/GetTorneoConPosiciones/129.[].nombreTorneo","string"
"Torneo/GetTorneoConPosiciones/135.[].equipoDTO.equipoId","integer"
"Torneo/GetTorneoConPosiciones/126.[].equipoDTO.jugadores[]","object"
"Ranking/GetRankingPorModalidadESPGlicko2/5.[].posicion","integer"
"Ranking/GetRankingPorModalidadEXTGlicko2/3.[].jugadorId","integer"
"Jugador/GetDatosJugador/4.totalPartidosJugados","integer"
"Jugador/GetJugadorPuntuacionCategoria/4.","array"
"Torneo/GetUltimoTorneoCalcularGlicko2.torneoId","integer"
"Torneo/GetUltimoTorneoCalcularGlicko2.carreraCampeonesTemporada","integer"
"Ranking/GetRankingPorModalidadESPPagGlicko2/8.[].posicion","integer"
"Ranking/GetRankingPorModalidadEXTGlicko2/3.[].modalidad","string"
"Jugador/GetJugadorPartidosPag/4.[].modalidadId","integer"
"Torneo/GetTorneoConPosiciones/121.[].equipoDTO.jugadores[].jugadorId","integer"
"Ranking/GetRankingPorModalidadESPPagGlicko2/3.[].modalidadId","integer"
"Ranking/GetRankingPorModalidadEXTGlicko2/1.[].jugadorId","integer"
"/api/Jugador/GetBuscarJugadorPag/{busqueda} (q=gar).[].nombreJugador","string"
"Ranking/GetRankingPorModalidadESPGlicko2/5.","array"
"Jugador/GetJugadorPuntuacionCategoria/4.[].nombreJugador","string"
"Torneo/GetTorneoConPosiciones/129.","array"
"/api/Jugador/GetBuscarJugadorPag/{busqueda} (q=hector).[].jugadorId","integer"
"Ranking/GetRankingPorModalidadESPGlicko2/6.","array"
"Ranking/GetRankingPorModalidadEXTGlicko2/5.[].modalidadId","integer"
"Ranking/GetRankingPorModalidadESPGlicko2/1.[].nombreJugador","string"
"Ranking/GetRankingPorModalidadESPPagGlicko2/2.[].categoria","string"
"Jugador/GetJugadorPartidos/4.","array"
"Ranking/GetRankingPorModalidadEXTGlicko2/6.[].modalidad","string"
"Torneo/GetTorneosPag.[].esUltimoTorneoAnio","boolean"
"Ranking/GetRankingPorModalidadESPPagGlicko2/8.[].categoria","string"
"Ranking/GetRankingPorModalidadESPPagGlicko2/8.[].puntos","integer"
"Torneo/GetTorneoConPosiciones/133.[].competicionId","integer"
"Ranking/GetRankingPorModalidadEXTGlicko2/9.","array"
"Torneo/GetTorneoConPosiciones/123.[].tipoCompeticion","string"
"Torneo/GetTorneoConPosiciones/133.[].torneoId","integer"
"Ranking/GetRankingPorModalidadESPPagGlicko2/4.[].modalidad","string"
"Ranking/GetRankingPorModalidadESPGlicko2/7.[].modalidadId","integer"
"Torneo/GetTorneoConPosiciones/119.[].equipoDTO.equipoId","integer"
"Jugador/GetDatosJugador/4.temporadasMejorPosicionIndividual[].temporada","string"
"Ranking/GetRankingPorModalidadESPGlicko2/1.[].categoriaId","integer"
"Torneo/GetTorneoConPosiciones/134.[].nombreTorneo","string"
"Jugador/GetJugadorPartidosPag/4.[].equipoLocalDTO.jugadores[].jugadorId","integer"
"Torneo/GetTorneoConPosiciones/123.[].equipoDTO.jugadores","array"
"Ranking/GetRankingPorModalidadEXTGlicko2/1.[]","object"
"Jugador/GetJugadorPartidosPag/4.[].puntosVisitante","string"
"Torneo/GetTorneoConPosicionesPag/120.","array"
"Jugador/GetDatosJugador/4.temporadasMejorPosicionIndividual","array"
"Jugador/GetJugadorPartidosPag/4.[].equipoVisitanteDTO","object"
"Ranking/GetRankingPorModalidadESPPagGlicko2/7.","array"
"Torneo/GetTorneoConPosiciones/121.[].competicionId","integer"
"Torneo/GetTorneoConPosiciones/134.[].tipoCompeticionId","integer"
"Jugador/GetDatosJugador/4.ultimoTorneoAnio","integer"
"Ranking/GetRankingPorModalidadESPGlicko2/3.[].categoria","string"
"Torneo/GetTorneoConPosiciones/118.[]","object"
"Modalidad/GetModalidades.","array"
"Jugador/GetJugadorPosicionPorTorneos/4.[].equipo","string"
"Torneo/GetTorneoConPosiciones/134.[].competicionId","integer"
"Ranking/GetRankingPorModalidadESPGlicko2/4.[].nombreJugador","string"
"Torneo/GetTorneoConPosiciones/118.[].competicionId","integer"
"GetCampeonesEspania.[].torneosIndividual[].nombreTorneo","string"
"Ranking/GetRankingPorModalidadEXTGlicko2/7.[].categoria","string"
"Jugador/GetJugadorPosicionPorTorneos/4.[].equipoDTO.equipoId","integer"
"Torneo/GetTorneoConPosiciones/119.[].competicionId","integer"
"Torneo/GetTorneoConPosiciones/125.[].equipoDTO.jugadores[].nombreJugador","string"
"Torneo/GetTorneoConPosiciones/126.[].nombreTorneo","string"
"Ranking/GetRankingPorModalidadESPPagGlicko2/4.[].categoriaId","integer"
"Jugador/GetDatosJugador/4.totalPartidosGanados","integer"
"Ranking/GetRankingPorModalidadESPGlicko2/2.[].modalidadId","integer"
"/api/Jugador/GetBuscarJugador/{busqueda} (q=4).","array"
"Torneo/GetTorneoConPosiciones/129.[].equipoDTO.equipoId","integer"
"/api/Jugador/GetBuscarJugadorPag/{busqueda} (q=gar).[]","object"
"Ranking/GetRankingPorModalidadESPPagGlicko2/4.[].nombreJugador","string"
"Jugador/GetDatosJugador/4.temporadasMejorPosicionDoblesFinTemporada","array"
"Torneo/GetTorneoConPosiciones/121.[].tipoCompeticionId","integer"
"Torneo/GetTorneoConPosiciones/133.[]","object"
"Torneo/GetTorneoConPosiciones/135.[].nombreCompeticion","string"
"Jugador/GetJugadorPartidos/4.[].puntosLocal","string"
"Ranking/GetRankingPorModalidadEXTGlicko2/2.","array"
"Torneo/GetTorneoConPosiciones/133.[].equipoJugadores","string"
"Ranking/GetRankingPorModalidadEXTGlicko2/5.[].puntos","integer"
"Jugador/GetDatosJugador/4.totalTorneosJugados","integer"
"Torneo/GetUltimoTorneoCalcularGlicko2.nombreTorneo","string"
"Torneo/GetTorneoConPosiciones/120.","array"
"Torneo/GetTorneoConPosiciones/135.[].equipoDTO.jugadores[].nombreJugador","string"
"Torneo/GetTorneoConPosiciones/118.[].equipoDTO.jugadores[]","object"
"Torneo/GetTorneoConPosiciones/120.[].equipoDTO","object"
"Ranking/GetRankingPorModalidadESPGlicko2/6.[]","object"
"Ranking/GetRankingPorModalidadESPGlicko2/1.","array"
"Ranking/GetRankingPorModalidadESPPagGlicko2/5.[].nombreJugador","string"
"Torneo/GetTorneoConPosiciones/121.[].equipoDTO.jugadores[].nombreJugador","string"
"Ranking/GetRankingPorModalidadEXTGlicko2/3.[].modalidadId","integer"
"/api/Jugador/GetBuscarJugador/{busqueda} (q=he).[].nombreJugador","string"
"Torneo/GetTorneoConPosiciones/121.[].posicion","integer"
"Ranking/GetRankingPorModalidadEXTGlicko2/2.[].modalidad","string"
"Jugador/GetJugadorPartidosPag/4.[].equipoVisitanteDTO.jugadores[]","object"
"Torneo/GetTorneoConPosiciones/125.[].equipoJugadores","string"
"Ranking/GetRankingPorModalidadEXTGlicko2/6.[].categoria","string"
"Ranking/GetRankingPorModalidadEXTGlicko2/5.[].categoria","string"
"Ranking/GetRankingPorModalidadESPPagGlicko2/6.[].modalidad","string"
"Ranking/GetRankingPorModalidadESPGlicko2/3.[].modalidadId","integer"
"Torneo/GetTorneoConPosiciones/133.[].nombreCompeticion","string"
"/api/Jugador/GetBuscarJugador/{busqueda} (q=he).[]","object"
"Ranking/GetRankingPorModalidadESPPagGlicko2/3.[]","object"
"Torneo/GetTorneoConPosiciones/133.[].nombreTorneo","string"
"Ranking/GetRankingPorModalidadESPGlicko2/5.[].categoria","string"
"Torneo/GetTorneoConPosiciones/124.[]","object"
"GetCampeonesEspania.[].torneosDobles","array"
"Jugador/GetJugadorPosicionPorTorneos/4.[].equipoDTO.jugadores","array"
"Jugador/GetDatosJugador/4.activoDesdeTorneo","string"
"Torneo/GetTorneoConPosiciones/120.[].nombreCompeticion","string"
"Torneo/GetTorneoConPosiciones/123.[].torneoId","integer"
"Jugador/GetJugadorPosicionPorTorneos/4.[].equipoDTO.jugadores[].jugadorId","integer"
"Torneo/GetTorneoConPosiciones/133.[].equipoDTO.jugadores","array"
"Jugador/GetJugadorPartidos/4.[].equipoVisitanteDTO.equipoId","integer"
"Torneo/GetTorneoConPosiciones/130.[].equipoDTO.jugadores[].jugadorId","integer"
"Ranking/GetRankingPorModalidadESPPagGlicko2/8.[].modalidadId","integer"
"Modalidad/GetModalidades.[].descripcion","string"
"Torneo/GetTorneoConPosiciones/126.[].competicionId","integer"
"Ranking/GetRankingPorModalidadEXTGlicko2/7.[].jugadorId","integer"
"Torneo/GetTorneoConPosiciones/122.[].nombreTorneo","string"
"Torneo/GetTorneoConPosiciones/130.[].equipoDTO.jugadores[]","object"
"GetCampeonesEspania.[].torneosDobles[].competicionId","integer"
"Torneo/GetTorneoConPosiciones/124.[].torneoId","integer"
"Ranking/GetRankingPorModalidadESPGlicko2/5.[].categoriaId","integer"
"Torneo/GetTorneoConPosiciones/135.[].tipoCompeticion","string"
"Ranking/GetRankingPorModalidadEXTGlicko2/8.[].nombreJugador","string"
"Torneo/GetTorneoConPosiciones/122.[].torneoId","integer"
"Torneo/GetTorneoConPosiciones/121.[].tipoCompeticion","string"
"Torneo/GetTorneoConPosiciones/123.[].equipoDTO.jugadores[].nombreJugador","string"
"Torneo/GetTorneoConPosiciones/135.[].competicionId","integer"
"Jugador/GetDatosJugador/4.temporadasMejorPosicionIndividualFinTemporada[].temporada","string"
"Ranking/GetRankingPorModalidadEXTGlicko2/2.[].modalidadId","integer"
"Ranking/GetRankingPorModalidadEXTGlicko2/5.[].nombreJugador","string"
"Ranking/GetRankingPorModalidadESPPagGlicko2/8.[]","object"
"Jugador/GetJugadorPartidosPag/4.[]","object"
"Ranking/GetRankingPorModalidadESPPagGlicko2/5.[].categoriaId","integer"
"Torneo/GetTorneoConPosiciones/125.[]","object"
"Torneo/GetTorneoConPosiciones/126.[].tipoCompeticion","string"
"Torneo/GetTorneoConPosiciones/133.[].equipoDTO.jugadores[]","object"
"Torneo/GetTorneoConPosiciones/122.[].equipoJugadores","string"
"Torneo/GetTorneoConPosiciones/119.[].equipoDTO.jugadores[]","object"
"Torneo/GetTorneoConPosiciones/118.[].torneoId","integer"
"Torneo/GetTorneoConPosiciones/119.[].torneoId","integer"
"Torneo/GetTorneoConPosiciones/121.[].equipoDTO.jugadores","array"
"Ranking/GetRankingPorModalidadEXTGlicko2/3.[].categoria","string"
"Ranking/GetRankingPorModalidadESPGlicko2/2.[].categoria","string"
"Torneo/GetTorneoConPosiciones/125.[].tipoCompeticion","string"
"Ranking/GetRankingPorModalidadESPGlicko2/8.[].posicion","integer"
"Torneo/GetTorneoConPosiciones/122.[].nombreCompeticion","string"
"Torneo/GetTorneoConPosiciones/123.[].equipoJugadores","string"
"Jugador/GetJugadorPartidos/4.[].equipoVisitanteDTO.jugadores[].jugadorId","integer"
"Jugador/GetJugadorPosicionPorTorneos/4.[].temporadaId","integer"
"Torneo/GetTorneos.[].activo","boolean"
"Ranking/GetRankingPorModalidadESPPagGlicko2/10.[].jugadorId","integer"
"Torneo/GetTorneoConPosiciones/126.[].equipoJugadores","string"
"/api/Jugador/GetBuscarJugadorPag/{busqueda} (q=gar).[].jugadorId","integer"
"Torneo/GetTorneoConPosiciones/120.[].equipoDTO.jugadores[].nombreJugador","string"
"Torneo/GetTorneoConPosiciones/124.[].equipoDTO.jugadores[].nombreJugador","string"
"Torneo/GetTorneoConPosiciones/120.[].tipoCompeticion","string"
"Ranking/GetRankingPorModalidadESPPagGlicko2/10.[].modalidad","string"
"Torneo/GetTorneoConPosiciones/123.[].tipoCompeticionId","integer"
"Torneo/GetTorneoConPosiciones/119.[].tipoCompeticionId","integer"
"/api/Jugador/GetBuscarJugador/{busqueda} (q=gar).","array"
"Jugador/GetJugadorPuntuacionCategoria/4.[].modalidadId","integer"
"Torneo/GetTorneoConPosiciones/120.[].competicionId","integer"
"Torneo/GetUltimoTorneoCalcularGlicko2.lugar","string"
"Jugador/GetJugadorPuntuacionCategoria/4.[].categoriaId","integer"
"Torneo/GetTorneoConPosiciones/133.","array"
"Jugador/GetJugadorPartidosPag/4.[].tipoCompeticion","string"
"Ranking/GetRankingPorModalidadESPGlicko2/7.","array"
"Ranking/GetRankingPorModalidadESPPagGlicko2/7.[].jugadorId","integer"
"Torneo/GetTorneoConPosiciones/119.[].equipoDTO.jugadores[].jugadorId","integer"
"Jugador/GetJugadorPartidos/4.[].tipoCompeticionId","integer"
"Jugador/GetJugadorPartidosPag/4.[].jugadorId","integer"
"Torneo/GetTorneoConPosiciones/118.[].nombreTorneo","string"
"Torneo/GetTorneoConPosiciones/124.[].equipoDTO.jugadores","array"
"Ranking/GetRankingPorModalidadEXTGlicko2/5.","array"
"Ranking/GetRankingPorModalidadESPGlicko2/10.[].nombreJugador","string"
"Ranking/GetRankingPorModalidadEXTGlicko2/8.[].posicion","integer"
"Torneo/GetUltimoTorneoCalcularGlicko2.fecha","datetime"
"Torneo/GetTorneoConPosiciones/133.[].equipoDTO","object"
"Torneo/GetTorneoConPosiciones/130.[].torneoId","integer"
"Torneo/GetTorneoConPosiciones/128.[].tipoCompeticion","string"
"Torneo/GetTorneoConPosiciones/134.[].equipoDTO.equipoId","integer"
"/api/Jugador/GetBuscarJugadorPag/{busqueda} (q=he).","array"
"Ranking/GetRankingPorModalidadEXTGlicko2/7.[]","object"
"Ranking/GetRankingPorModalidadESPGlicko2/8.[]","object"
"Torneo/GetTorneoConPosiciones/128.[].competicionId","integer"
"Torneo/GetTorneoConPosiciones/125.[].equipoDTO.jugadores","array"
"/api/Jugador/GetBuscarJugador/{busqueda} (q=hector).[].nombreJugador","string"
"Jugador/GetJugadorPosicionPorTorneos/4.[].modalidadId","integer"
"Jugador/GetJugadorPartidos/4.[].competicion","string"
"/api/Jugador/GetBuscarJugadorPag/{busqueda} (q=nuez).","array"
"Jugador/GetJugadorPosicionPorTorneos/4.[].puntos","integer"
"Jugador/GetJugadorPartidos/4.[].equipoVisitanteDTO.jugadores[]","object"
"Ranking/GetRankingPorModalidadESPGlicko2/8.[].modalidad","string"
"Ranking/GetRankingPorModalidadEXTGlicko2/2.[].nombreJugador","string"
"Ranking/GetRankingPorModalidadEXTGlicko2/5.[]","object"
"Ranking/GetRankingPorModalidadESPGlicko2/5.[].nombreJugador","string"
"Ranking/GetRankingPorModalidadESPGlicko2/1.[].modalidad","string"
"/api/Jugador/GetBuscarJugadorPag/{busqueda} (q=he).[].nombreJugador","string"
"Jugador/GetJugadorPosicionPorTorneos/4.[].temporada","string"
"Ranking/GetRankingPorModalidadESPGlicko2/1.[].puntos","integer"
"Ranking/GetRankingPorModalidadEXTGlicko2/10.[].puntos","integer"
"Torneo/GetTorneoConPosiciones/120.[].equipoDTO.equipoId","integer"
"Torneo/GetTorneoConPosiciones/123.[]","object"
"Ranking/GetRankingPorModalidadESPGlicko2/4.[].modalidad","string"
"/api/Jugador/GetBuscarJugadorPag/{busqueda} (q=hector).[].nombreJugador","string"
"Ranking/GetRankingPorModalidadESPPagGlicko2/1.","array"
"Ranking/GetRankingPorModalidadEXTGlicko2/10.[].posicion","integer"
"Ranking/GetRankingPorModalidadEXTGlicko2/1.[].categoriaId","integer"
"Torneo/GetTorneoConPosiciones/124.[].equipoDTO.jugadores[]","object"
"Jugador/GetJugadorPosicionPorTorneos/4.[].equipoDTO.jugadores[].nombreJugador","string"
"Torneo/GetTorneoConPosiciones/129.[].equipoDTO.jugadores[].nombreJugador","string"
"Ranking/GetRankingPorModalidadEXTGlicko2/2.[]","object"
"Jugador/GetJugadorPartidosPag/4.[].temporadaId","integer"
"Torneo/GetTorneoConPosiciones/124.[].competicionId","integer"
"Jugador/GetDatosJugador/4.totalCompeticionesJugadas","integer"
"Ranking/GetRankingPorModalidadEXTGlicko2/7.[].categoriaId","integer"
"Torneo/GetTorneoConPosiciones/124.[].tipoCompeticionId","integer"
"Torneo/GetTorneoConPosicionesPag/125.","array"
"Torneo/GetTorneoConPosiciones/123.[].equipoDTO.equipoId","integer"
"Ranking/GetRankingPorModalidadESPPagGlicko2/1.[].jugadorId","integer"
"Torneo/GetTorneoConPosiciones/122.[].equipoDTO","object"
"GetCampeonesEspania.[].torneosIndividual[].temporadaId","integer"
"Modalidad/GetModalidades.[]","object"
"Torneo/GetTorneoConPosiciones/123.[].competicionId","integer"
"Torneo/GetTorneoConPosiciones/129.[].equipoJugadores","string"
"Ranking/GetRankingPorModalidadESPPagGlicko2/6.[].modalidadId","integer"
"Jugador/GetJugadorPartidos/4.[].equipoVisitanteDTO.jugadores[].nombreJugador","string"
"Jugador/GetJugadorPartidos/4.[].equipoLocalDTO.jugadores","array"
"Ranking/GetRankingPorModalidadESPGlicko2/7.[].posicion","integer"
"Torneo/GetTorneos.[].carreraCampeonesTemporada","integer"
"Ranking/GetRankingPorModalidadEXTGlicko2/3.[].puntos","integer"
"Torneo/GetTorneoConPosiciones/119.[].equipoDTO","object"
"Ranking/GetRankingPorModalidadEXTGlicko2/8.[]","object"
"Torneo/GetTorneoConPosiciones/133.[].tipoCompeticion","string"
"Torneo/GetTorneoConPosiciones/124.[].posicion","integer"
"Torneo/GetTorneoConPosiciones/118.[].tipoCompeticionId","integer"
"Jugador/GetJugadorPosicionPorTorneos/4.[].modalidad","string"
"Jugador/GetJugadorPuntuacionCategoria/4.[].torneoFinalId","integer"
"Jugador/GetJugadorPartidosPag/4.[].temporada","string"
"Ranking/GetRankingPorModalidadESPPagGlicko2/3.[].categoria","string"
"Jugador/GetJugadorPartidos/4.[].categoria","string"
"Torneo/GetTorneoConPosiciones/135.","array"
"Torneo/GetTorneoConPosiciones/134.[].equipoJugadores","string"
"Ranking/GetRankingPorModalidadEXTGlicko2/6.[].modalidadId","integer"
"Jugador/GetDatosJugador/4.temporadasMejorPosicionDobles","array"
"Torneo/GetUltimoTorneoCalcularGlicko2.activo","boolean"
"Jugador/GetJugadorPartidosPag/4.[].competicionId","integer"
"Jugador/GetJugadorPartidos/4.[].puntuacionFinal","integer"
"Torneo/GetTorneoConPosiciones/134.[].posicion","integer"
"Jugador/GetJugadorPosicionPorTorneos/4.[].torneoFecha","datetime"
"Ranking/GetRankingPorModalidadESPGlicko2/5.[].modalidadId","integer"
"Ranking/GetRankingPorModalidadESPPagGlicko2/1.[].modalidad","string"
"Torneo/GetTorneoConPosiciones/124.[].equipoDTO.equipoId","integer"
"Torneo/GetTorneoConPosiciones/129.[].equipoDTO","object"
"Torneo/GetTorneoConPosiciones/123.[].nombreCompeticion","string"
"Torneo/GetTorneoConPosiciones/134.[].nombreCompeticion","string"
"Torneo/GetTorneoConPosiciones/123.[].nombreTorneo","string"
"GetCampeonesEspania.[].torneosDobles[].nombreTorneo","string"
"/api/Jugador/GetBuscarJugadorPag/{busqueda} (q=hector).[]","object"
"Jugador/GetDatosJugador/4.temporadasMejorPosicionDobles[].temporada","string"
"Jugador/GetJugadorPosicionPorTorneos/4.[].torneoId","integer"
"Torneo/GetTorneoConPosiciones/135.[].nombreTorneo","string"
"Ranking/GetRankingPorModalidadESPGlicko2/1.[].categoria","string"
"Torneo/GetTorneoConPosiciones/135.[].equipoDTO.jugadores[]","object"
"Ranking/GetRankingPorModalidadESPGlicko2/2.[]","object"
"Ranking/GetRankingPorModalidadEXTGlicko2/7.[].puntos","integer"
"Torneo/GetTorneosPag.[].activo","boolean"
"Torneo/GetTorneoConPosiciones/122.[].tipoCompeticion","string"
"Torneo/GetTorneoConPosiciones/129.[].tipoCompeticion","string"
"Torneo/GetTorneoConPosiciones/125.[].equipoDTO.equipoId","integer"
"Torneo/GetTorneoConPosiciones/130.[].posicion","integer"
"Jugador/GetJugadorPuntuacionCategoria/4.[].modalidad","string"
"Torneo/GetTorneoConPosiciones/118.[].equipoDTO.jugadores[].jugadorId","integer"
"Ranking/GetRankingPorModalidadESPGlicko2/2.[].categoriaId","integer"
"Ranking/GetRankingPorModalidadESPPagGlicko2/1.[].categoria","string"
"Torneo/GetTorneoConPosiciones/125.[].nombreTorneo","string"
"Torneo/GetTorneoConPosiciones/128.[].equipoDTO.jugadores","array"
"Jugador/GetJugadorPosicionPorTorneos/4.[].posicion","integer"
"Torneo/GetTorneoConPosiciones/125.[].posicion","integer"
"Jugador/GetDatosJugador/4.","object"
"Ranking/GetRankingPorModalidadESPPagGlicko2/6.[]","object"
"Jugador/GetJugadorPartidos/4.[].temporada","string"
"Torneo/GetTorneoConPosiciones/130.[].competicionId","integer"
"Ranking/GetRankingPorModalidadESPGlicko2/10.[].puntos","integer"
"Ranking/GetRankingPorModalidadESPPagGlicko2/3.[].jugadorId","integer"
"/api/Jugador/GetBuscarJugadorPag/{busqueda} (q=he).[]","object"
"Torneo/GetTorneoConPosiciones/124.[].equipoDTO","object"
"Torneo/GetTorneoConPosiciones/120.[].equipoDTO.jugadores","array"
"Ranking/GetRankingPorModalidadEXTGlicko2/10.[].modalidad","string"
"Ranking/GetRankingPorModalidadEXTGlicko2/1.[].puntos","integer"
"Torneo/GetTorneoConPosiciones/128.[].equipoDTO","object"
"Jugador/GetJugadorPartidos/4.[].puntuacionInicial","integer"
"Torneo/GetTorneoConPosiciones/129.[].equipoDTO.jugadores[].jugadorId","integer"
"Torneo/GetTorneoConPosiciones/121.[]","object"
"/api/Jugador/GetBuscarJugador/{busqueda} (q=hector).[].jugadorId","integer"
"Jugador/GetJugadorPartidosPag/4.[].registroId","integer"
"GetCampeonesEspania.","array"
"Ranking/GetRankingPorModalidadESPGlicko2/3.[].modalidad","string"
"Torneo/GetTorneoConPosiciones/120.[].equipoDTO.jugadores[]","object"
"Ranking/GetRankingPorModalidadEXTGlicko2/6.[].puntos","integer"
"Ranking/GetRankingPorModalidadEXTGlicko2/1.[].modalidadId","integer"
"Ranking/GetRankingPorModalidadESPPagGlicko2/4.[].posicion","integer"
"Ranking/GetRankingPorModalidadESPPagGlicko2/2.[].jugadorId","integer"
"Jugador/GetJugadorPuntuacionCategoria/4.[].categoria","string"
"Jugador/GetJugadorPuntuacionCategoria/4.[].jugadorId","integer"
"Torneo/GetTorneoConPosiciones/128.[].equipoDTO.jugadores[]","object"
"Torneo/GetTorneoConPosiciones/128.[].torneoId","integer"
"Torneo/GetTorneoConPosiciones/130.[].nombreCompeticion","string"
"Torneo/GetTorneoConPosiciones/119.[].equipoJugadores","string"
"Jugador/GetDatosJugador/4.temporadasMejorPosicionDobles[].temporadaId","integer"
"Ranking/GetRankingPorModalidadESPPagGlicko2/10.[]","object"
"Jugador/GetJugadorPartidosPag/4.[].equipoLocalDTO.jugadores","array"
"Ranking/GetRankingPorModalidadEXTGlicko2/2.[].categoriaId","integer"
"Torneo/GetTorneoConPosiciones/128.","array"
"Jugador/GetJugadorPartidos/4.[].equipoLocalDTO.jugadores[].jugadorId","integer"
"Torneo/GetTorneoConPosiciones/128.[].nombreTorneo","string"
"Torneo/GetTorneoConPosiciones/118.","array"
"Ranking/GetRankingPorModalidadESPGlicko2/2.[].posicion","integer"
"Jugador/GetJugadorPartidosPag/4.[].equipoLocalDTO.equipoId","integer"
"Torneo/GetTorneoConPosiciones/119.[].posicion","integer"
"GetCampeonesEspania.[].torneosIndividual[]","object"
"Jugador/GetDatosJugador/4.temporadasMejorPosicionIndividualFinTemporada[]","object"
"Ranking/GetRankingPorModalidadESPPagGlicko2/3.[].posicion","integer"
"Ranking/GetRankingPorModalidadEXTGlicko2/4.","array"
"Ranking/GetRankingPorModalidadESPPagGlicko2/10.[].categoriaId","integer"
"Torneo/GetTorneoConPosiciones/120.[].equipoJugadores","string"
"Torneo/GetTorneoConPosiciones/135.[].posicion","integer"
"Jugador/GetDatosJugador/4.ultimoTorneo","string"
"Torneo/GetTorneos.[]","object"
"Ranking/GetRankingPorModalidadEXTGlicko2/10.[].categoriaId","integer"
"Jugador/GetJugadorPartidosPag/4.[].categoria","string"
"Ranking/GetRankingPorModalidadEXTGlicko2/7.[].modalidadId","integer"
"Ranking/GetRankingPorModalidadESPPagGlicko2/5.[].posicion","integer"
"Ranking/GetRankingPorModalidadESPPagGlicko2/7.[].posicion","integer"
"Ranking/GetRankingPorModalidadESPGlicko2/10.[].posicion","integer"
"Torneo/GetTorneoConPosiciones/124.[].equipoDTO.jugadores[].jugadorId","integer"
"Ranking/GetRankingPorModalidadESPGlicko2/3.[].puntos","integer"
"Jugador/GetJugadorPartidos/4.[].equipoLocalDTO.equipoId","integer"
"Torneo/GetTorneoConPosiciones/134.[].equipoDTO.jugadores","array"
"Jugador/GetDatosJugador/4.jugadorId","integer"
"Torneo/GetTorneoConPosiciones/120.[].posicion","integer"
"Torneo/GetTorneoConPosiciones/128.[].nombreCompeticion","string"
"Ranking/GetRankingPorModalidadESPPagGlicko2/2.[].nombreJugador","string"
"Torneo/GetTorneoConPosicionesPag/121.","array"
"GetCampeonesEspania.[].torneosIndividual","array"
"Jugador/GetJugadorPartidos/4.[].puntosGanados","integer"
"Ranking/GetRankingPorModalidadESPPagGlicko2/2.[].modalidadId","integer"
"/api/Jugador/GetBuscarJugadorPag/{busqueda} (q=he).[].jugadorId","integer"
"Torneo/GetTorneoConPosiciones/125.[].nombreCompeticion","string"
"Ranking/GetRankingPorModalidadESPGlicko2/8.","array"
"Ranking/GetRankingPorModalidadESPPagGlicko2/3.[].puntos","integer"
"Ranking/GetRankingPorModalidadEXTGlicko2/6.","array"
"Torneo/GetTorneoConPosiciones/130.[].equipoDTO.jugadores[].nombreJugador","string"
"GetCampeonesEspania.[].torneosDobles[].temporada","string"
"Ranking/GetRankingPorModalidadESPGlicko2/6.[].jugadorId","integer"
"Ranking/GetRankingPorModalidadESPPagGlicko2/4.[]","object"
"/api/Jugador/GetBuscarJugador/{busqueda} (q=gar).[].jugadorId","integer"
"Ranking/GetRankingPorModalidadESPPagGlicko2/7.[].categoriaId","integer"
"Torneo/GetTorneoConPosiciones/126.[].torneoId","integer"
"/api/Jugador/GetBuscarJugador/{busqueda} (q=hector).[]","object"
"Torneo/GetTorneoConPosiciones/120.[].equipoDTO.jugadores[].jugadorId","integer"
"Ranking/GetRankingPorModalidadESPPagGlicko2/6.[].jugadorId","integer"
"Torneo/GetTorneoConPosiciones/128.[].equipoDTO.jugadores[].jugadorId","integer"
"Jugador/GetDatosJugador/4.nombreJugador","string"
"Torneo/GetTorneoConPosiciones/135.[].equipoJugadores","string"
"Jugador/GetJugadorPartidosPag/4.[].puntuacionInicial","integer"
"Ranking/GetRankingPorModalidadESPGlicko2/6.[].categoriaId","integer"
"Torneo/GetTorneosPag.","array"
"Ranking/GetRankingPorModalidadESPPagGlicko2/6.[].posicion","integer"
"Torneo/GetTorneoConPosiciones/128.[].equipoDTO.equipoId","integer"
"Ranking/GetRankingPorModalidadEXTGlicko2/5.[].modalidad","string"
"Torneo/GetTorneoConPosicionesPag/124.","array"
"Torneo/GetTorneoConPosicionesPag/123.","array"
"Ranking/GetRankingPorModalidadESPPagGlicko2/1.[].puntos","integer"
"Torneo/GetTorneoConPosiciones/126.","array"
"Torneo/GetTorneoConPosiciones/126.[].equipoDTO.jugadores[].jugadorId","integer"
"Ranking/GetRankingPorModalidadESPGlicko2/7.[].puntos","integer"
"Ranking/GetRankingPorModalidadESPGlicko2/8.[].jugadorId","integer"
"Ranking/GetRankingPorModalidadEXTGlicko2/2.[].jugadorId","integer"
"Ranking/GetRankingPorModalidadEXTGlicko2/8.[].modalidadId","integer"
"Ranking/GetRankingPorModalidadESPPagGlicko2/1.[].modalidadId","integer"
"Ranking/GetRankingPorModalidadESPPagGlicko2/4.","array"
"Ranking/GetRankingPorModalidadESPGlicko2/4.[].modalidadId","integer"
"Torneo/GetTorneos.[].lugar","string"
"Torneo/GetTorneoConPosiciones/122.[].equipoDTO.jugadores[].nombreJugador","string"
"Ranking/GetRankingPorModalidadESPGlicko2/5.[].jugadorId","integer"
"Torneo/GetTorneoConPosiciones/122.[].competicionId","integer"
"Torneo/GetTorneoConPosiciones/122.[].equipoDTO.jugadores","array"
"Torneo/GetTorneoConPosiciones/135.[].tipoCompeticionId","integer"
"Torneo/GetTorneoConPosiciones/129.[].posicion","integer"
"Jugador/GetJugadorPuntuacionCategoria/4.[].torneoFinal","string"
"/api/Jugador/GetBuscarJugadorPag/{busqueda} (q=4).","array"
"Jugador/GetDatosJugador/4.temporadasMejorPosicionIndividual[]","object"
"Torneo/GetTorneoConPosiciones/129.[]","object"
"Torneo/GetTorneos.[].temporadaId","integer"
"Ranking/GetRankingPorModalidadESPGlicko2/2.","array"
"Torneo/GetTorneoConPosiciones/118.[].equipoDTO.equipoId","integer"
"Ranking/GetRankingPorModalidadEXTGlicko2/1.[].posicion","integer"
"Torneo/GetTorneoConPosiciones/133.[].equipoDTO.equipoId","integer"
"Ranking/GetRankingPorModalidadEXTGlicko2/8.","array"
"Torneo/GetTorneoConPosiciones/135.[].equipoDTO.jugadores[].jugadorId","integer"
"Torneo/GetTorneoConPosiciones/118.[].tipoCompeticion","string"
"Ranking/GetRankingPorModalidadESPPagGlicko2/7.[]","object"
"Ranking/GetRankingPorModalidadESPGlicko2/8.[].categoria","string"
"Torneo/GetTorneoConPosicionesPag/128.","array"
"Torneo/GetTorneosPag.[].torneoId","integer"
"GetCampeonesEspania.[].torneosIndividual[].torneoId","integer"
"GetCampeonesEspania.[].torneosIndividual[].temporada","string"
"Jugador/GetJugadorPartidos/4.[].competicionId","integer"
"Torneo/GetTorneoConPosiciones/125.","array"
"Ranking/GetRankingPorModalidadEXTGlicko2/6.[].posicion","integer"
"Ranking/GetRankingPorModalidadEXTGlicko2/3.[].nombreJugador","string"
"GetCampeonesEspania.[].torneosDobles[].torneoId","integer"
"Ranking/GetRankingPorModalidadESPGlicko2/1.[].jugadorId","integer"
"/api/Jugador/GetBuscarJugador/{busqueda} (q=nuez).","array"
"Jugador/GetJugadorPuntuacionCategoria/4.[].puntos","integer"
"Torneo/GetTorneoConPosiciones/129.[].tipoCompeticionId","integer"
"Ranking/GetRankingPorModalidadESPPagGlicko2/2.[].posicion","integer"
"Torneo/GetTorneoConPosiciones/135.[].equipoDTO","object"
"Torneo/GetTorneoConPosiciones/122.","array"
"Jugador/GetJugadorPuntuacionCategoria/4.[]","object"
"Ranking/GetRankingPorModalidadESPGlicko2/7.[].categoriaId","integer"
"Torneo/GetTorneoConPosiciones/129.[].nombreCompeticion","string"
"Ranking/GetRankingPorModalidadEXTGlicko2/5.[].posicion","integer"
"Torneo/GetTorneoConPosiciones/125.[].torneoId","integer"
"Torneo/GetTorneoConPosiciones/133.[].posicion","integer"
"Ranking/GetRankingPorModalidadESPPagGlicko2/5.[].modalidad","string"
"Torneo/GetTorneoConPosiciones/135.[].torneoId","integer"
"Torneo/GetTorneoConPosiciones/130.[].equipoDTO","object"
"Jugador/GetJugadorPartidos/4.[].equipoLocal","string"
"Torneo/GetTorneoConPosicionesPag/130.","array"
"Torneo/GetTorneoConPosiciones/130.[].nombreTorneo","string"
"Torneo/GetTorneoConPosiciones/122.[].equipoDTO.jugadores[]","object"
"Ranking/GetRankingPorModalidadESPGlicko2/10.[].modalidad","string"
"Jugador/GetJugadorPuntuacionCategoria/4.[].isActual","boolean"
"Ranking/GetRankingPorModalidadESPGlicko2/5.[].modalidad","string"
"Torneo/GetTorneoConPosiciones/133.[].equipoDTO.jugadores[].jugadorId","integer"
"Ranking/GetRankingPorModalidadESPGlicko2/7.[]","object"
"Jugador/GetJugadorPartidos/4.[].equipoVisitante","string"
"Ranking/GetRankingPorModalidadESPGlicko2/4.[].jugadorId","integer"
"Ranking/GetRankingPorModalidadESPGlicko2/4.[].categoria","string"
"Jugador/GetJugadorPartidosPag/4.[].puntuacionFinal","integer"
"Ranking/GetRankingPorModalidadESPPagGlicko2/2.","array"
"Torneo/GetTorneoConPosiciones/124.[].nombreCompeticion","string"
"Jugador/GetJugadorPartidos/4.[].fase","string"
"Torneo/GetTorneoConPosiciones/119.[].equipoDTO.jugadores","array"
"Torneo/GetTorneoConPosiciones/121.[].equipoDTO.equipoId","integer"
"GetCampeonesEspania.[]","object"
"Torneo/GetTorneoConPosiciones/119.[].nombreTorneo","string"
"Jugador/GetDatosJugador/4.mejorPosicionDobles","integer"
"Ranking/GetRankingPorModalidadESPGlicko2/10.[]","object"
"Torneo/GetTorneoConPosiciones/119.[].equipoDTO.jugadores[].nombreJugador","string"
"Ranking/GetRankingPorModalidadEXTGlicko2/2.[].puntos","integer"
"Jugador/GetJugadorPartidos/4.[].ganadorLocal","boolean"
"Jugador/GetJugadorPosicionPorTorneos/4.[].equipoDTO","object"
"Torneo/GetTorneoConPosiciones/126.[]","object"
"Ranking/GetRankingPorModalidadESPPagGlicko2/5.[]","object"
"Torneo/GetTorneoConPosicionesPag/126.","array"
"Jugador/GetJugadorPuntuacionCategoria/4.[].torneoInicialId","integer"
"Ranking/GetRankingPorModalidadEXTGlicko2/3.","array"
"Ranking/GetRankingPorModalidadEXTGlicko2/5.[].categoriaId","integer"
"Ranking/GetRankingPorModalidadESPGlicko2/6.[].modalidad","string"
"Ranking/GetRankingPorModalidadEXTGlicko2/2.[].categoria","string"
"Ranking/GetRankingPorModalidadESPGlicko2/8.[].categoriaId","integer"
"Ranking/GetRankingPorModalidadESPGlicko2/8.[].puntos","integer"
"Jugador/GetJugadorPartidos/4.[].nombreJugador","string"
"Ranking/GetRankingPorModalidadESPGlicko2/10.[].categoria","string"
"Ranking/GetRankingPorModalidadEXTGlicko2/8.[].puntos","integer"
"Jugador/GetJugadorPartidosPag/4.[].torneo","string"
"/api/Jugador/GetBuscarJugador/{busqueda} (q=he).","array"
"Torneo/GetTorneosPag.[].temporadaId","integer"
"Torneo/GetTorneoConPosiciones/126.[].equipoDTO.jugadores[].nombreJugador","string"
"Torneo/GetTorneoConPosiciones/134.[]","object"
"Ranking/GetRankingPorModalidadESPPagGlicko2/2.[].categoriaId","integer"
"Torneo/GetTorneoConPosiciones/126.[].nombreCompeticion","string"
"Torneo/GetTorneoConPosiciones/134.[].equipoDTO.jugadores[].nombreJugador","string"
"Jugador/GetJugadorPartidos/4.[].registroId","integer"
"Ranking/GetRankingPorModalidadESPGlicko2/9.","array"
"Ranking/GetRankingPorModalidadESPGlicko2/3.[].categoriaId","integer"
"Ranking/GetRankingPorModalidadEXTGlicko2/10.[].jugadorId","integer"
"Torneo/GetUltimoTorneoCalcularGlicko2.","object"
"Ranking/GetRankingPorModalidadESPGlicko2/3.[].posicion","integer"
"Torneo/GetTorneoConPosicionesPag/133.","array"
"Ranking/GetRankingPorModalidadEXTGlicko2/3.[].categoriaId","integer"
"Jugador/GetJugadorPartidos/4.[].equipoLocalDTO.jugadores[].nombreJugador","string"
"Ranking/GetRankingPorModalidadESPGlicko2/3.[].nombreJugador","string"
"GetCampeonesEspania.[].jugadorId","integer"
"Torneo/GetTorneoConPosiciones/135.[].equipoDTO.jugadores","array"
"Ranking/GetRankingPorModalidadESPGlicko2/1.[].posicion","integer"
"Ranking/GetRankingPorModalidadESPGlicko2/4.[].posicion","integer"
"Ranking/GetRankingPorModalidadESPGlicko2/6.[].posicion","integer"
"Ranking/GetRankingPorModalidadEXTGlicko2/6.[].categoriaId","integer"
"Jugador/GetJugadorPartidosPag/4.[].equipoLocalDTO.jugadores[].nombreJugador","string"
"Torneo/GetTorneoConPosiciones/120.[].tipoCompeticionId","integer"
"Torneo/GetTorneos.","array"
"Jugador/GetJugadorPosicionPorTorneos/4.[].nombreCompeticion","string"
"Torneo/GetTorneoConPosiciones/125.[].equipoDTO","object"
"Jugador/GetJugadorPosicionPorTorneos/4.","array"
"Jugador/GetJugadorPosicionPorTorneos/4.[].tipoCompeticion","string"
"GetCampeonesEspania.[].nombreJugador","string"
"Ranking/GetRankingPorModalidadESPGlicko2/6.[].modalidadId","integer"
"Jugador/GetJugadorPartidosPag/4.[].equipoVisitanteDTO.jugadores","array"
"Ranking/GetRankingPorModalidadESPGlicko2/10.[].jugadorId","integer"
"Jugador/GetJugadorPartidosPag/4.[].equipoVisitante","string"
"/api/Jugador/GetBuscarJugador/{busqueda} (q=gar).[].nombreJugador","string"
"Jugador/GetJugadorPartidosPag/4.[].equipoVisitanteDTO.jugadores[].jugadorId","integer"
"Jugador/GetJugadorPosicionPorTorneos/4.[]","object"
"Jugador/GetJugadorPartidosPag/4.[].puntosGanados","integer"
"Jugador/GetJugadorPartidosPag/4.[].competicion","string"
"Torneo/GetTorneoConPosiciones/134.[].equipoDTO.jugadores[]","object"
"Torneo/GetTorneoConPosiciones/128.[].tipoCompeticionId","integer"
"Jugador/GetDatosJugador/4.temporadasMejorPosicionIndividualFinTemporada[].temporadaId","integer"
"Torneo/GetTorneoConPosiciones/118.[].posicion","integer"
"Torneo/GetTorneoConPosiciones/120.[].nombreTorneo","string"
"Ranking/GetRankingPorModalidadESPPagGlicko2/6.","array"
"Torneo/GetTorneoConPosiciones/124.[].nombreTorneo","string"
"Ranking/GetRankingPorModalidadESPPagGlicko2/10.[].puntos","integer"
"Jugador/GetJugadorPartidos/4.[].equipoVisitanteDTO.jugadores","array"
"Torneo/GetTorneosPag.[].lugar","string"
"Ranking/GetRankingPorModalidadESPPagGlicko2/7.[].categoria","string"
"Torneo/GetUltimoTorneoCalcularGlicko2.temporadaId","integer"
"Ranking/GetRankingPorModalidadESPPagGlicko2/6.[].nombreJugador","string"
"Torneo/GetTorneoConPosiciones/122.[].equipoDTO.equipoId","integer"
"Torneo/GetTorneoConPosiciones/125.[].tipoCompeticionId","integer"
"Jugador/GetJugadorPartidosPag/4.[].modalidad","string"
"Ranking/GetRankingPorModalidadEXTGlicko2/7.[].posicion","integer"
"Ranking/GetRankingPorModalidadESPPagGlicko2/10.[].nombreJugador","string"
"Ranking/GetRankingPorModalidadEXTGlicko2/2.[].posicion","integer"
"Torneo/GetTorneoConPosiciones/129.[].competicionId","integer"
"Ranking/GetRankingPorModalidadESPGlicko2/2.[].modalidad","string"
"Torneo/GetTorneoConPosiciones/128.[]","object"
"Jugador/GetDatosJugador/4.mejorPosicionIndividualFinTemporada","integer"
"Ranking/GetRankingPorModalidadESPPagGlicko2/8.[].categoriaId","integer"
"Ranking/GetRankingPorModalidadESPPagGlicko2/6.[].categoria","string"
"Torneo/GetTorneos.[].nombreTorneo","string"
"Jugador/GetJugadorPosicionPorTorneos/4.[].nombreTorneo","string"
"Ranking/GetRankingPorModalidadEXTGlicko2/10.[]","object"
"Jugador/GetJugadorPartidos/4.[].equipoVisitanteDTO","object"
"Jugador/GetDatosJugador/4.totalCompeticionesGanadas","integer"
"Ranking/GetRankingPorModalidadESPPagGlicko2/9.","array"
"Ranking/GetRankingPorModalidadESPGlicko2/3.[]","object"
"Torneo/GetTorneoConPosiciones/130.[].tipoCompeticionId","integer"
"Jugador/GetJugadorPosicionPorTorneos/4.[].equipoDTO.jugadores[]","object"
"Jugador/GetDatosJugador/4.genero","string"
"Ranking/GetRankingPorModalidadESPGlicko2/1.[]","object"
"Torneo/GetTorneoConPosiciones/120.[]","object"
"Ranking/GetRankingPorModalidadESPPagGlicko2/5.[].categoria","string"
"Ranking/GetRankingPorModalidadESPGlicko2/7.[].jugadorId","integer"
"Ranking/GetRankingPorModalidadEXTGlicko2/8.[].jugadorId","integer"
"Torneo/GetUltimoTorneoCalcularGlicko2.esUltimoTorneoAnio","boolean"
"Torneo/GetTorneoConPosiciones/122.[]","object"
"Ranking/GetRankingPorModalidadEXTGlicko2/8.[].categoriaId","integer"
"Ranking/GetRankingPorModalidadESPGlicko2/10.[].modalidadId","integer"
"Jugador/GetJugadorPartidosPag/4.[].equipoLocalDTO.jugadores[]","object"
"Torneo/GetTorneoConPosiciones/121.[].torneoId","integer"
"Ranking/GetRankingPorModalidadEXTGlicko2/10.[].categoria","string"
"Ranking/GetRankingPorModalidadESPGlicko2/8.[].nombreJugador","string"
"Jugador/GetJugadorPuntuacionCategoria/4.[].torneoInicial","string"
"Torneo/GetTorneoConPosiciones/121.[].equipoJugadores","string"
"Torneo/GetUltimoTorneoCalcularGlicko2.temporada","string"
"Torneo/GetTorneosPag.[].nombreTorneo","string"
"Torneo/GetTorneos.[].fecha","datetime"
"Jugador/GetDatosJugador/4.mejorPosicionDoblesFinTemporada","integer"
