"tipoCompeticionId","preferredName","allNames","sources","samples"
"1","Open Dobles","Open Dobles","Jugador/GetJugadorPartidos | Jugador/GetJugadorPosicionPorTorneos | Torneo/GetTorneoConPosiciones","905"
"2","Amater Dobles","Amater Dobles","Torneo/GetTorneoConPosiciones","346"
"3","DYP","DYP","Jugador/GetJugadorPartidos | Jugador/GetJugadorPosicionPorTorneos | Torneo/GetTorneoConPosiciones","79"
"4","Junior Dobles","Junior Dobles","Torneo/GetTorneoConPosiciones","92"
"5","Senior Dobles","Senior Dobles","Torneo/GetTorneoConPosiciones","14"
"6","Women Dobles","Women Dobles","Torneo/GetTorneoConPosiciones","67"
"9","ProAm","ProAm","Jugador/GetJugadorPartidos | Jugador/GetJugadorPosicionPorTorneos | Torneo/GetTorneoConPosiciones","67"
"10","Rookie Dobles","Rookie Dobles","Torneo/GetTorneoConPosiciones","291"
"11","Mixto","Mixto","Jugador/GetJugadorPartidos | Jugador/GetJugadorPosicionPorTorneos | Torneo/GetTorneoConPosiciones","134"
"12","ProDobles","ProDobles","Jugador/GetJugadorPartidos | Jugador/GetJugadorPosicionPorTorneos | Torneo/GetTorneoConPosiciones","342"
"13","Open Individual","Open Individual","Jugador/GetJugadorPartidos | Jugador/GetJugadorPosicionPorTorneos | Torneo/GetTorneoConPosiciones","825"
"14","Amater Individual","Amater Individual","Torneo/GetTorneoConPosiciones","21"
"15","Junior Individual","Junior Individual","Torneo/GetTorneoConPosiciones","70"
"17","Women Individual","Women Individual","Torneo/GetTorneoConPosiciones","80"
"24","Campeonato España Individual","Campeonato España Individual","Jugador/GetJugadorPartidos | Jugador/GetJugadorPosicionPorTorneos | Torneo/GetTorneoConPosiciones","255"
"25","Campeonato España Dobles","Campeonato España Dobles","Jugador/GetJugadorPartidos | Jugador/GetJugadorPosicionPorTorneos | Torneo/GetTorneoConPosiciones","253"
"26","MasterDobles","MasterDobles","Torneo/GetTorneoConPosiciones","56"
