"temporadaId","preferredName","allNames"
"1","Temporada 2010","Temporada 2010"
"2","Temporada 2011","Temporada 2011"
"3","Temporada 2012","Temporada 2012"
"4","Temporada 2013","Temporada 2013"
"5","Temporada 2014","Temporada 2014"
"6","Temporada 2015 ","Temporada 2015 "
"7","Temporada 2016","Temporada 2016"
"8","Temporada 2017","Temporada 2017"
"9","Temporada 2018","Temporada 2018"
"10","Temporada 2019","Temporada 2019"
"11","Temporada 2022","Temporada 2022"
"12","Temporada 2023","Temporada 2023"
"13","Temporada 2024","Temporada 2024"
"14","Temporada 2025","Temporada 2025"
"16","Temporada 2021","Temporada 2021"
